gender,speaker_id,available_clips,selected_clips,clip_paths,ages,accents
female,655bd8f705762c04b529e0504b4c9ad83368d776046217740243d428f0ef6ef3eb7586bfb2689744b21d874921dc940a2eb1e5c8d555c3570561da6a23c588f4,3,2,common_voice_en_19940626.mp3;common_voice_en_19940644.mp3,twenties,
female,468c73a0e95773307cf0e06383d68347bfc6777668aa214926eaae99e54d15fcac1c4166e70c8ef09d48800f15853c4203b8bcab5ec313c27f5da6c1078e8c6d,3,2,common_voice_en_19698374.mp3;common_voice_en_19698375.mp3,teens,
female,656fa616780a3ca01cd83999a87d78d1531fe36e609e4893e5475b48f37f48e6a78f7064e85c7273b46ced9008cf98dd20289c98606cb7f373fc523a8e514a59,3,2,common_voice_en_20812958.mp3;common_voice_en_20812960.mp3,twenties,
female,2e44bb0ede1385b1b6e958a438e104f87a39123a62458441734913602785eafa666d612914ca2de68c4592d1f2e5b994e936e7b8b3278d38938002405b203f9b,3,2,common_voice_en_20160290.mp3;common_voice_en_20160298.mp3,twenties,
female,1369272f04ff59af769114471a772c086c36fa9d4a06ccd86a90f4dc298c893285e8af7ca321d23b4577f0aa3db244e09cc26cf516006c1aaa27a2b2dd738321,3,2,common_voice_en_21991023.mp3;common_voice_en_21991024.mp3,twenties,
female,2c14616a7a1d5ed78b675ce9604f0f1aaa90ce846eebc3af36c166be407c8041ed2af2e02105bce0c01adfdee2f36a3320017b7426aa0b39c7d67862613464ae,3,2,common_voice_en_35175849.mp3;common_voice_en_35175851.mp3,twenties,United States English
female,5478a11026c9ceb0447313de18210c93e2a9e616fe08a0762d5f3916d5cb8f4e13eaed23964684cb26a8dbb07d3893d453b5dcbdfde5878dcce9db3be55430e0,3,2,common_voice_en_22002586.mp3;common_voice_en_22002592.mp3,twenties,"India and South Asia (India, Pakistan, Sri Lanka)"
female,40ef8f7ec5e58f2ba7b9c934cf57ae928bae5b13662b8fa5c1fa6eebc2718a028a0eb34ca4663e039f2136baec5ad995c541fc2deb0a5d280b2989a07019ae05,3,2,common_voice_en_41633126.mp3;common_voice_en_41633128.mp3,thirties,United States English
female,84a278ccb9f1d57f4b8bdc57175a1ea617e168077f6e1b9852597d9d4f2f0d6692920c3e0e3885bf3e85ffc045bd522f088b5e4f66b65d1b2160741c381fadba,3,2,common_voice_en_18565872.mp3;common_voice_en_18565873.mp3,twenties,United States English
female,6a2f39c781706c9add7c1b526e716b608ef6d05c021de456060858d880174d345c669f70aa5a906ab143c34d249fbdcf423a5d08046ddaf889e3a926429b2a18,3,2,common_voice_en_22967313.mp3;common_voice_en_22967314.mp3,twenties,Hong Kong English
female,24e481b77686f05992cfadca9809b4fd72604f7c01d0b05180536a2934cb10ae6c0f6a3b08f5182195c76c83512815a462dcd93d413cbd72277f69362ba16665,3,2,common_voice_en_36677.mp3;common_voice_en_36678.mp3,twenties,"West Indies and Bermuda (Bahamas, Bermuda, Jamaica, Trinidad)"
female,3a7e562f91be204271351929b01fc4358096dc524cb7b94c3e848d0f580d04cdb65e4e1691df2a2a2e6b76be7ff8397fc60ae66e0595b62eb6f9eb9f2c9c56d3,3,2,common_voice_en_40869109.mp3;common_voice_en_40869187.mp3,twenties,United States English
female,504a6edcdc72c5f33a1460445985d50cd8556a86f4ff3a8a768607072654b5f4fbc592f99943068a1eb9cc0704198a150323b0f131990fcce122f8d981388e3b,3,2,common_voice_en_40174293.mp3;common_voice_en_40180632.mp3,teens,
female,0bbfa382d2dd9b48eaa755b2f588aced3fac1f1e9e1fe667001a6f78a3245bb61ff5f40fdb5c54e099e27ca61f9f0a9cef75efe007ea860ac144387a3c33df55,3,2,common_voice_en_17270171.mp3;common_voice_en_17270172.mp3,twenties,United States English
female,693925766b05f4ef359a07acb1d85b3ec4c4383b2a3db0b763f8215bf65355437967cc20977296210ba20d7d7181b4495a6cae86e20959a481ea9fb92aad69cf,3,2,common_voice_en_528775.mp3;common_voice_en_528776.mp3,twenties,England English
female,3db3d0bac4e37d7d54ac334821095845579314ff8710aedd5ccf1ed3f72e817ef9cefe8ed7abd86b6564a6ab29d1f63383f7114574d5403bac412c4f65c882ed,3,2,common_voice_en_40239880.mp3;common_voice_en_40239882.mp3,fifties,Scottish English
female,5de04a75a6d62570a66caa0e7fe54212a45a2d3b51f4cbc717748548462c2d23d29df9ede39afa12a05071123e4ae97bd0388c9ff52bf0820250e3786d8e96ff,3,2,common_voice_en_38114657.mp3;common_voice_en_38114658.mp3,twenties,
female,3cf1279cdd1148222399b5d86d723bef691ada94e33f4190c678f996df2fab8fab9e02708fababe3a17aab3dcd097084c2ec48d114accaf9f2211c7d761c700f,3,2,common_voice_en_37586793.mp3;common_voice_en_37586795.mp3,twenties,
female,208327f9bb5737368cca9ee1b3c180740f70bd77ec660f6ae3c8fe51107b918ccf1a097d2da68ca160ac701822101ab835107f0c7032ff6dc3fa71dc9b2f0b15,3,2,common_voice_en_18740242.mp3;common_voice_en_18740243.mp3,twenties,United States English
female,32b926cf878a0ee69a949c847ca3ccd5423adfb3a67b60b74d1f479da851b677b921e660f5080a59a942a1ce6180bbcdd896905aade6184354590e6a9a592996,3,2,common_voice_en_19118251.mp3;common_voice_en_19118253.mp3,thirties,Malaysian English
female,4dd15c581f49c43237179a3a1a7b51b2b8afb69b4954866521d865372b49696fafac60a0bff7c9fb7344f89692cc3a340af09ae84210c790c979fff83a6e4cc0,3,2,common_voice_en_17882306.mp3;common_voice_en_17882308.mp3,thirties,United States English
female,0278f2d616564bce3da31144e933a649e0c0d88639c75267ab4a18dc51afa0303de1cd65bb0fcbd4f03a88e51e9340bd52c1a763a3050559f77bbe5f6aa93981,3,2,common_voice_en_648456.mp3;common_voice_en_648457.mp3,thirties,
female,7eb3e928c079e5f85ad5f178432e3d9d1d49a4758a3dc6aa8d3968279ade1a3d941db6a3a1fcd8d6b184da2981d69cc1b17a693ffd4a9d1fcd84a2dac0b9cca9,3,2,common_voice_en_22287969.mp3;common_voice_en_22287970.mp3,teens,Hong Kong English
female,1bde504de643168a27f365c609cdac02788fefa64f6b990f6fa217250b61f3fc78722aa9e65eb0d053247d4dd9de9e29ee4a8bec6025ffac8829e80b5ca18a26,3,2,common_voice_en_17960933.mp3;common_voice_en_17960990.mp3,fifties,
female,0b109bf331dc82c1963f172a2c9b52a320f667103d55f1df48da2f773591fd0674fd7b3a12edfebbd80543a0333587e5b4238ef50ee7171e6fd12ddf5ec99441,3,2,common_voice_en_17976071.mp3;common_voice_en_17976072.mp3,thirties,
female,550058a67e8bc5a66e6d2bebc64ac4e61ec4b9b4207bb2467ebc800954fde076c3cbeda98c664364a93779a5286e41cea8d4937742b14b4524e8b2e690c443db,3,2,common_voice_en_673977.mp3;common_voice_en_673978.mp3,fourties,United States English
female,461059307d756b80d08835b893bbee0e93e8cf237db0b4ba90a0b34adfa5ee77c44a3777d5a0c19d7a920260f7fd54fdd84661371abe9ece4b08ea2624146827,3,2,common_voice_en_25154293.mp3;common_voice_en_25154294.mp3,twenties,"India and South Asia (India, Pakistan, Sri Lanka)"
female,573f0214150ff277caae380b462c562524554bf41fd49214eb7b04fbe5cd2b1c26f11f116a029f902424fef4103812bcd53024373c34a1260fb0ffd8ae9f05be,3,2,common_voice_en_18686429.mp3;common_voice_en_18686430.mp3,twenties,
female,0b4592afe054905214e5ad10ccc3fb70f0686e24bdea8583609c8ad1ec332968587d5ccc7ec61ae2026493136c352c4ceb26ac5c849c6f3476e8b7428fde7f0e,3,2,common_voice_en_19768272.mp3;common_voice_en_19768273.mp3,fourties,
female,4946e08edb1db30f98f4ed1cee7f597fd91fad3115e77d63c6fa2b1feaedad8809305dac450f9aa9dcfd11df34ac100a533488c06b020cf567c4c42ffc1572ff,3,2,common_voice_en_33364195.mp3;common_voice_en_33364197.mp3,thirties,
female,3a4ec1fd6ed19a5b69141ffc89bf15153e0b6eb6be8f1a145f5ccb4d50408adda967aa9f9eb9104a77e087e6cac1a5a999d51a2f22df80d0c7674634cfaafd13,3,2,common_voice_en_17829979.mp3;common_voice_en_17829980.mp3,twenties,Hong Kong English
female,61dd66c118bd7f3165e6dcf891539c4d5ad500c2999126f1da209a7462ef5a2d5b933b1bc0151c74a3e28c8ea6b56afdbd1718d3821d2753dcf739ef9001a9a0,3,2,common_voice_en_8126998.mp3;common_voice_en_8126999.mp3,twenties,England English
female,491a6e690f42ba0f428e71423d26adaf55d65ef9e67db714cc7c4ce2d47ec481a41eaab425ec2f1b7ec438f8c687b1a1ed17a703192d7c4a78d14be0c889edbc,3,2,common_voice_en_35624845.mp3;common_voice_en_35624846.mp3,twenties,
female,42358fbe5736422e36f45cf5a9cc38c952effd9dccc2a66bd42d94a1d12f3702bd2348fe632148030c3ed0d972ac1cf2e21b16df5b814368af4c1377ac0fc33f,3,2,common_voice_en_19651158.mp3;common_voice_en_19651159.mp3,twenties,
female,4498fc8a02fdc71bd6238e7020b44ddb11b2922e44e1fda1ccc177f6d24c99b0ef8b526c40d48f44b73cf32a8138e49b9e0fc93e64be8c318d8b7b9f84870bfa,3,2,common_voice_en_26601318.mp3;common_voice_en_26601320.mp3,teens,
female,51f3a0f47da94fcc90b86ac01eb86f1a83fbfefed7ace1d6ac29539d92ce4a14eca9319001123d369da4a5baef4790b57f9c9f96ed3706db0a12ea754f4dac3e,3,2,common_voice_en_23732802.mp3;common_voice_en_23732803.mp3,teens,United States English
female,5bbcb9160c81f87bcabf8b401e0e7cb380a982eda273cb1e2a780d406ddd11ebe099ec6403084e9f0328a9460bcbb2c58fd71634a1c9672f50900cbac1b16072,3,2,common_voice_en_19490921.mp3;common_voice_en_19490922.mp3,thirties,United States English
female,1e07ad4cb87bce5c6d2d80a8b7901844251a979175f4c83f2e16d4a833e0737fb8db9d72cd9b828d07fbaea0e0ea9391e9fb01032c363ccd06b347609e275883,3,2,common_voice_en_17262960.mp3;common_voice_en_17262961.mp3,fourties,United States English
female,36062260d676bde6039ce120c376465b2bd64e0699bac4f5ccf693568a39376a0cbc895a1c3ad2b74de0236420dc51f0dc3bc8d7f1fcac394756286a2c426056,3,2,common_voice_en_27291501.mp3;common_voice_en_27291502.mp3,twenties,
female,6edf18854df5966cd37dbb1adc329f9e1c06d2fce2a59a15d45214058a22cf01ff7c795e7ceb55f0c5f154b1d85fb8eb503e1e17f2373da10ddcb8a6c6744957,3,2,common_voice_en_18282032.mp3;common_voice_en_18282034.mp3,twenties,United States English
female,7928aa1d2dc2a00348ab7c9039e94d772ef643dc7b8953bf21a66ac7b54c3686e1e77d40f030e30c5db73c887d690e7fa8cbe53bcad31f9afd303da746d9cc34,3,2,common_voice_en_18130944.mp3;common_voice_en_18130945.mp3,fifties,Canadian English
female,428745fb50633dad75ef510c38b4e9030f17643e0a260a19cee9e5a493ed96ad46038fa33c3d2160569ac17b2b50163a623c21036a8a8b811c89a328147c1c5e,3,2,common_voice_en_649346.mp3;common_voice_en_649347.mp3,thirties,United States English
female,6f3b5de2d4e595651e2e29982ee3ec898a8f43f69e7f5c281910029db801ead4e5781f8d5cb6cb1ddd1a746955a935a58fc0e4534706d3a6f7d738c429ae71d7,3,2,common_voice_en_38707113.mp3;common_voice_en_38707391.mp3,teens,United States English
female,7d8abf433fca661f0a3a83999f777569d573eadada90e71b27ec397d4e1441e22fb375f9832d72449ab9fc415ff2f0c16c04ca685551b24eb49b8e76cdceeda3,3,2,common_voice_en_19725347.mp3;common_voice_en_19725349.mp3,thirties,
female,1f78e823b8fabf3af3283cf9db1102169ee760e2cb3419040850d1e33305b5f9360b0e882b6d1de13a06aefbe28b5f1e1f737f79c21d228e43a302c8f0f28378,3,2,common_voice_en_22123591.mp3;common_voice_en_22123593.mp3,fifties,
female,07e60bd8a6e90c6e7767fbc6838297c43348a1582077bd46884c4579ec553295461216ca91e2c70a50dcb88fa23fa2b0625618dc095581898c853a1543d3f2bb,3,2,common_voice_en_18257271.mp3;common_voice_en_18257276.mp3,twenties,
female,3cdcb1bcc45130815e4d4e988cfd05aa8255f7165b0dea1cc400bffe886a578d887d62832edf00a52cf052252fa78b3644b48e9e5f0cfedbbc1ac2459120fed4,3,2,common_voice_en_17855186.mp3;common_voice_en_17855187.mp3,twenties,"India and South Asia (India, Pakistan, Sri Lanka)"
female,49a397db788909b0dcfea5df7e4596f812215e80b4a4947617a10073c6bfb5c59d36a35819aebe801aad686fcdd336e2049d65425ffef9e9178f9beab995e4e5,3,2,common_voice_en_18211588.mp3;common_voice_en_18211592.mp3,thirties,United States English
female,174b345eb1a99c3828debccabe8839741ea39f732fa761c03adf55da4318046dd62295b9677811287f1743ead3f1148d5ed5d27c8e96a6e667043d135a19a93d,3,2,common_voice_en_508057.mp3;common_voice_en_508058.mp3,sixties,United States English
female,3c14df8dd258e9ba64ee5b89a38e28a3a5169ea1e4290fe39ab32bd2755a5b5c4a69f3ac4db27579b027963eddba74212dd3932172cb92bac32f080d37780af1,3,2,common_voice_en_195498.mp3;common_voice_en_195499.mp3,fifties,
female,83f8a1bb0db0741612e55ba606abd86ca7ddb650563848f8121fc331c139239c2a867e4bda0685af3c4aefe5727bfdbae0c4e32e6a2cf634f3516761e5d8c65b,3,2,common_voice_en_19677557.mp3;common_voice_en_19677562.mp3,twenties,
female,365b0ffc720a3d4a6040a9f06422b2f9db3fb7abe132d98af9f1416b7fe65cbeb4aec8786c8b515d54879abd8239db995427bbaec004656bec94832a212b5ccd,3,2,common_voice_en_17289231.mp3;common_voice_en_17289232.mp3,,Scottish English
female,03a616fd53fd0caf95b27ca0dee5facdc7473534ee4068a67a0bb96db736f81c2d7d7ed127e983c8e44ed8a92ae59cebed901495ab219b66203cebf6c22c0cac,3,2,common_voice_en_30699809.mp3;common_voice_en_30699821.mp3,thirties,England English
female,743f7ee890f0d406a298ebf4c76f632a85e04da3e56edae4969fdfdbe90238103ed73dcf38406a18535fbf581d91636d70724cde7c2b919ccde10ec510352409,3,2,common_voice_en_33000195.mp3;common_voice_en_33000196.mp3,twenties,
female,78b02d448357cdfc03a314d9efbf56092da653be67d2cd3cc80df05ab26d45764a860d2c4a230cad65b81b2ef39f1ed09d6274f8dfe7833a7ce5b278370ebb8a,3,2,common_voice_en_32097796.mp3;common_voice_en_32097797.mp3,twenties,
female,4fa6762326835b13d032b8cbb42d96b6c38884f5fa3814967760e19f510a34899b7d7e2c2a9e6825678e2db78b87af1be711cc63d6d98ed05011fdaa5faaca09,3,2,common_voice_en_17253258.mp3;common_voice_en_17253259.mp3,seventies,Australian English
female,2f816fce2988d0d1a6d74cb48a426e9f2323f760b4b03867e41bc9c2afd3602491a87c933ab3f254a5f0e1130982d9e5429560b5027e5a67c241dca9203d0012,3,2,common_voice_en_20273907.mp3;common_voice_en_20273908.mp3,twenties,United States English
female,1f2b079ec9661124f931daa9e98b56122f51820cf289f055e7f9addb9b79ffe659fed2f7404abdca1c40f787ef1eae504d603365656c3bdc080c97c2421527c1,3,2,common_voice_en_320357.mp3;common_voice_en_320358.mp3,twenties,New Zealand English
female,3f1b2afe8ae3bf95429b436dfb663c70bbed6e672af25b2ae8fd3f0a7cad9658f3dc09b3239039fcf1c4fc7033a5ac217ee8ec45d464c26a724ac9737d790d47,3,2,common_voice_en_17589524.mp3;common_voice_en_17589528.mp3,teens,
female,3f3f8cce04b0b5f0eb46d380f6bbc74397d27ef5fb973b8b29534f5d203ceef94d9aafb4c353b6f02ab3d14ae43efa1886a87387466ebda8c5172925a2d1b75a,3,2,common_voice_en_24987870.mp3;common_voice_en_24987872.mp3,fourties,England English
female,33e5c6432296cef2df70504042b0fa882dc07a4c984c3eed5d0c60504316f02edc1562a886dbfe1127e5dd7759192ec1db551e7ba6e2602a38f44b7c67846368,3,2,common_voice_en_22200722.mp3;common_voice_en_22200726.mp3,sixties,England English
female,34d83696cfc845da875a6f19816a0f851a45bfa63ef8da8681bd2f2c812ae3e588767ceb0f6916ac79610d317b46f418a8ff458f0bd0cc53cd0e3476ef3afb2f,3,2,common_voice_en_39062421.mp3;common_voice_en_39062453.mp3,twenties,
female,5e282e3e11172f5cc80fdcd39fe8e4d7fde6acf4de0cbffc86abe295ac22c3558a2426ac52f0c012ae9499ffecf6facee09c4029ecc2c114c6063ca14bc1a085,3,2,common_voice_en_504906.mp3;common_voice_en_504907.mp3,twenties,United States English
female,319ecb87b8cb0179478187dbaaa45e976c19f13eed1857152b8a5892aa5eae7b6929559e234d7780d34c4ea000d85f6bf12e51a416f33f5c50738eb7988d4204,3,2,common_voice_en_39926455.mp3;common_voice_en_39926458.mp3,teens,Irish English
female,0bfdd76be09f4da3d14e625b5727f98bfd75a8bf5b16a8306335833caf65bfc7d4b28e2b04df6bcb67646c9dcf13ccb8fa91d83c1fedddd6049569ae28f271f1,3,2,common_voice_en_26287633.mp3;common_voice_en_26287634.mp3,twenties,
female,502fafe99237f31bbc69a6b5b26da283fd5d0960b30dd5d97748d873ced8732ce4f5e768423a4ec782af1fea62a280e6c1e308eacf5c6c56b6229eaa7866ab99,3,2,common_voice_en_18855448.mp3;common_voice_en_18855450.mp3,thirties,Canadian English
female,10313ef9e29565c641871f0c54c796af6b91fe165951172d9eb8c01403adad32507b791d27c68ef6bea013365e886fc2ca7668b9c8f8f95810998266f7ccc655,3,2,common_voice_en_18707935.mp3;common_voice_en_18707936.mp3,fourties,United States English
female,40ef4ce237bab10c1a1be431df0ae5d39504963073290b5ddd0b2ffe6c8c95cdabf4cc3dbb2b6387d968d3f80a9bbcff94651faf74520e1e6f0ec2cda69f80dc,3,2,common_voice_en_37073528.mp3;common_voice_en_37073530.mp3,fourties,England English
female,076c4c79fd0a1682193b96ebe1b8aa91f9edc7d8b5024c54ed982900493edcc335c222fd9439c8dfcbde29704d9c95d425af20881d4f11e8d0f107fc301c6717,3,2,common_voice_en_34891885.mp3;common_voice_en_34891886.mp3,twenties,Hong Kong English
female,2dbe4a78ca2380d6de234323b16dbab310500a28f3e158324bdc16e1d42e44247be29172b26888511eb5d959ff11c7e50a57d6aa492d9b5bbe3ddff0be983f6f,3,2,common_voice_en_530396.mp3;common_voice_en_530398.mp3,thirties,United States English
female,374be4cc0ea93323baee13f53729bd9cde51415311a0108e1f6959520505cdaae37c308323c259a00edac8be149105f41e5a814d191f80d2480e891568b96e8c,3,2,common_voice_en_18613156.mp3;common_voice_en_18613157.mp3,twenties,
female,3a44840ab2c31abf6d00fa6e044d3514ce4cdc6033a49894c9967ebd78307b576f85151c4c7410a2280edc067d4c21d99d155650be93d5576bd54eef693c2df4,3,2,common_voice_en_19175551.mp3;common_voice_en_19175552.mp3,twenties,"India and South Asia (India, Pakistan, Sri Lanka)"
female,0ee218e152675956b0fd38dd80ce68ba63ce60c1fcecb15b7659693ff25308c5b34877b5f39b5262dbd06ea763a28b41806cc53e2deba752d1c516da1fdd9d07,3,2,common_voice_en_39039231.mp3;common_voice_en_39043506.mp3,twenties,
female,3b05a3e9ab1c84cfce1bb9e08e8fe18ef17f40a51dade73df0f485cc390613a5050973c99ef95015298d84d824955f8912c4a5600303c6046456af156f404174,3,2,common_voice_en_19680732.mp3;common_voice_en_19680737.mp3,twenties,Filipino
female,712fcfa9b645fa6f3ecdf6dd121c5142e0a55d0613e31f5969b736f6f52775efcb2dafb652703529e6b279a85872fd7435fb1afdc9ebb515ec95e50e8dca21b4,3,2,common_voice_en_20432268.mp3;common_voice_en_20432269.mp3,twenties,
female,7a28e2980368ce6ac49918cd733e80c55e709c8da6ae124d85d6e99baa180bfe0ac9cd00afea13b53a79f94441612ebf812cd51ffc18731c5740fe565cdc5b03,3,2,common_voice_en_79860.mp3;common_voice_en_79861.mp3,twenties,United States English
female,563bb84a1146ee7ff4b2c61db87ad45e6beb85d326974bce2defcdd8ce707c0d6b9b06e6dfd359585697a704f992ecdb2551f1016ed244fe3489aefd95f1edb8,3,2,common_voice_en_38518229.mp3;common_voice_en_38518231.mp3,thirties,United States English
female,708fa52409ec4f4af5e30dafa06feb8709cfa21e224efdef6e8bacb2d08c35f340f3ae8388d33c8b73ee78ce9a6bdf47d93c8c3947799f6a20519e01ff2686ae,3,2,common_voice_en_24582563.mp3;common_voice_en_24582565.mp3,twenties,
female,1874d16c6a381ca9759c5a8ef256c89a11d864610ee29d74a86dbafe3d56f6edaee3761cdc4d72803c214c68ff06c11abee01ffa04c8f177b6a508eb2d288c61,3,2,common_voice_en_17266193.mp3;common_voice_en_17266194.mp3,sixties,United States English
female,5a5aebd445894ec922446b020c663fd4f217f71295cacc36001707b023da94408f16a9f167686c83bfe9be29b8556229866b458aea17fe04138f6ee835a8b298,3,2,common_voice_en_26610415.mp3;common_voice_en_26610416.mp3,thirties,United States English
female,3667c87935f1bcc8e8134eede9226e52b7b155410a40a6981f593b469c5f49fc33fe6ca2bca97c87c00557c5c2887d8b61f9160749c928a76b248038c1329c25,3,2,common_voice_en_21689993.mp3;common_voice_en_21689994.mp3,twenties,
female,74843d5f1ff5aae5aaa6a23e20e9f1d7e4daa062c9457232dfb9f309daa45c742af9be5d4cc95b0264b7de6946daa53a188427a8af9ec68e3b5ffe627da98b5b,3,2,common_voice_en_212909.mp3;common_voice_en_212910.mp3,thirties,United States English
female,1a799442ba751061a5b726bd3c39905d043c943340b2e6c6bb4086b7c77efe2fa78099c0960920b04078b04d889f1caf023dc26ab0430dd848f3df5a2e6a933a,3,2,common_voice_en_18480293.mp3;common_voice_en_18480294.mp3,twenties,"India and South Asia (India, Pakistan, Sri Lanka)"
female,0091e3735855f1975c3e1b998e14b9fd9b5896ded79a577b415d32afe38cc80fcfe994bb6ce1ea87f1cf9f3cfa4f4765283086189b1877bfed11c83b02f3e479,3,2,common_voice_en_18309496.mp3;common_voice_en_18309498.mp3,thirties,
female,7f5aa89f1ccc780e22bf02181512f45d18d6600d13adc9b318f30e4ddc841a4bb5e1b71bbc7ae1ce5834bf759590ece6a4eceaf5548333705d059245396b15a5,3,2,common_voice_en_19934212.mp3;common_voice_en_19934241.mp3,twenties,United States English
female,75019c3721cc0367df6c992272da5fad3d51148c2ca54f76c4ef060f170dfbea26c4bf4fbca65a2ab43d201546afdfb015678599d383077e7db3b7e26d907a77,3,2,common_voice_en_40007686.mp3;common_voice_en_40007690.mp3,twenties,United States English
female,40bfd9d49860127a5402adc19dd89fe1f4105c1919bf9945c8ff41c9402bf900fe221f4389eb7f957c58116acb9e18bec9556d2048d4a710ffc1c36c505769ec,3,2,common_voice_en_18788899.mp3;common_voice_en_18788901.mp3,twenties,United States English
female,7dae743b676a8dc6df8b9171f22a9f5488767abdacfc2ec564c0395cc94b816bdb72aeaf8e287dff7d795d577637a3e59a9a6511883627564c0841387029d6c9,3,2,common_voice_en_19809778.mp3;common_voice_en_19809781.mp3,twenties,Hong Kong English
female,3e4f0751c3f552a7b3f3f750ddf65203506792b484bdabcf520f8714b8d1a7b86e06632d9a2f3d820ae3e51cc2f50e2728f942d1841dca63b54efccec215181a,3,2,common_voice_en_19471374.mp3;common_voice_en_19471375.mp3,fourties,United States English
female,78777b735fc60571aa91ca058012bc5397b0e7f9c3bbbae72d7e85491857aa20ff4ca58a0577c49fb45bb769e7dd36ff2aeb78ffa6116e0a6fcbc8f6fc165517,3,2,common_voice_en_25697273.mp3;common_voice_en_25697276.mp3,twenties,United States English
female,5feaf2f45c32f1b69693f9fc4b9c60717bf28311385c1a84341654af7d995c798c02b4b90b703c3697afd67290bb5946188bbdff66eb3b42ac866afc3ff8727c,3,2,common_voice_en_39015667.mp3;common_voice_en_39015721.mp3,twenties,
female,57e8fdd24825ff4d5ab613e0187465c98aab8dd0a4a180761975de02bd50fc7ece74dec45495480689fdd36b0c2318719d72493fcc099936b28cb4f8bb442cd9,3,2,common_voice_en_17426004.mp3;common_voice_en_17426006.mp3,thirties,United States English
female,64149c90052dff0e472f8934a5ee91feb82becfa11454ae3520a7797a91f5432126439de5ca1ac745260eed0b079f22b0f1f748a93e29f4bcd4e9dc79bef59f0,3,2,common_voice_en_32794983.mp3;common_voice_en_32794984.mp3,sixties,
female,202804518822992197623d0f8fbe16f2c5813b59d421f882777469ed8831c39498ec81469f65b200ace3b8365ec45ee7c30e9704c656979ab8f16e454ff1c0f2,3,2,common_voice_en_31667119.mp3;common_voice_en_31667122.mp3,teens,
female,4e31606eb0c0c0b05d474203ca8aa61e2ad4d445d9c2d2a2bc36f0cbe38c161bc1baa7daaf908fef3179906fa71f3771223292daae88414e411f9e2a31122e06,3,2,common_voice_en_19934187.mp3;common_voice_en_19934252.mp3,sixties,United States English
female,7248f78f396975929a0166b814d3011d5694603e035ce650a61ad3a9beb6d38d3720b1746f79d01845dcc61ce97dd8b4c54f105cb9a1b9996fc7d260c7b25319,3,2,common_voice_en_18450064.mp3;common_voice_en_18450446.mp3,twenties,United States English
female,53ff60b09c0f4a0c4b5910accf01b6231092f2d77bdd49910793403a013560b8257d530226ae11b0f1d589d6e520aa15859f365b5830d8042e67af45a6902445,3,2,common_voice_en_22045875.mp3;common_voice_en_22045881.mp3,teens,United States English
female,46595de631c8963f36c54005881698d9249726a1f6b92002e9735295aeed1e9f79baf8a4a51c5ce00e41f81ef65691d192463b271b0ccdee0fa7976466312e5c,3,2,common_voice_en_33290227.mp3;common_voice_en_33290228.mp3,twenties,
female,23c57e2ba3e0918e44855a5f5b080ad3686f9f77d4c9f63a5d14252ed4ce4d2c784dcef80ae47f1053873d799d889035429933c5e82c46d0da52cadb5dc41b17,3,2,common_voice_en_37344367.mp3;common_voice_en_37344369.mp3,teens,
female,20fd128eb28b4118ce13aeab3d6d4098d4414f6395c2acd03706a58cce85b794087432a8bed6d209426f13e98164f7e99154a2ad2747fd798113bdd9f7493c34,3,2,common_voice_en_36550094.mp3;common_voice_en_36550095.mp3,twenties,
female,7540b8ef63a0620ddc26e904e8bbf5ffc080f4e234e21a9feb31268d6665e745ee6f4882e45d38d402062d0253ab800c00686951ad529e65fa527a52c0fafc88,3,2,common_voice_en_17147545.mp3;common_voice_en_17147546.mp3,fifties,United States English
female,81b8043236fe76779f2586cd649a7c7274b791249a88919c5a6dfb2b0bdde30ada21eea5d2e926412d40e256c00ddc6caddbe52d56232611016089c98a093ebc,3,2,common_voice_en_17299836.mp3;common_voice_en_17299837.mp3,twenties,
female,05c3a8d92b7534d9a829d88e85600f1a3fa30459cfece9bac4fac06ecf08ab483d29ba534d37ea155738029a8aa86dd08264517855e25dba11d2240fc7f9fa46,3,2,common_voice_en_636858.mp3;common_voice_en_636859.mp3,teens,United States English
female,3ecce10ba7b6bda83222b6c1ad3581bb6b6653ad60939181a537f8f6db7e720064515581fc8ff7a68cca502dd649ec048674cc6591787334dbf60c44a19a329b,3,2,common_voice_en_577490.mp3;common_voice_en_577494.mp3,fifties,United States English
female,51844d6bc8d9d0dcd06ce4828d31e520ac24d9c191d2b818dcdbaf8f09b98a1fc4887b9ca78c0206e0e25c17a491280b3b17bb8bc0b8ce3b59880fba49c8488d,3,2,common_voice_en_17385519.mp3;common_voice_en_17385520.mp3,teens,New Zealand English
female,0eda4a73c6679e8e6414cb88b804ec41685f864abdfa890ff00002394f4bd04c58ad2ad16c9face9b873bd340a5943454d465ef5f75c0d025528376ef3861712,3,2,common_voice_en_577103.mp3;common_voice_en_577106.mp3,teens,United States English
female,49cf4a124a52ba5a4b09aed8bd66447d905f30f2e732b9c3e191ee5a6ea28c7091d82ec119ef4e4d742e45c2a25e5f863b186b5b2b22eaf6c61686074bec26e0,3,2,common_voice_en_27285517.mp3;common_voice_en_27285518.mp3,thirties,
female,7d71ae89f850ab4a3ca82879fe7d183390a92fa91ef164de0dd33aef0ca8e1ecf5ac7aacc7d7e4f3e1a029ad24ba24808adae74c02aeb0d99c591ba8f7eec841,3,2,common_voice_en_23589743.mp3;common_voice_en_23589745.mp3,twenties,
female,5c144eee51b4cef723efeb4e49cbcb02865089f6d6f9f1cde2c34a7b8a0b2e3b2a7a0c50c4115e6045ff0c5ed72cea3668b04c92cee77cfddd78d3bd4c26f2c4,3,2,common_voice_en_17673745.mp3;common_voice_en_17673746.mp3,fourties,
female,0f3de5b7db919e29ce8026336425e6e60104ae4754b6d0eb24be0b1b84c3242f2dcb1baa9f8b7fb1505f2fdcc8655b6a95a0aff3e82a8461d733a2086e11ca91,3,2,common_voice_en_41796373.mp3;common_voice_en_41796486.mp3,teens,England English
female,7f62f3bb0bcafc6a2bb0df38a8e1fd0a60d787dc1a378762bc1c9304df5d1c34a51af8d670bc92a873f6098941b6be5651da58eb3d5b77030e73e165663b1cbd,3,2,common_voice_en_34479081.mp3;common_voice_en_34479083.mp3,twenties,
female,13c8a2ea7e2181e2c7a4eaced33391eb9bdbba25e9f02e57a52d07c0435073cd09abf9c58e4effcf04d3a6dae5c103ab00cf2ed8d058e54129e5ab4160c81901,3,2,common_voice_en_19588156.mp3;common_voice_en_19588157.mp3,twenties,United States English
female,229a68ee5ad1ca2b2b9c20b561953b4a30d8ccbc0de9315d4ae3d99b3b0e43f981fbfce1c977eb7ec1ed7fa8d2b06472d13edfed61e62735df7359cd96a617f8,3,2,common_voice_en_17635098.mp3;common_voice_en_17635100.mp3,seventies,United States English
female,2a2b7d4d47eba24cc65cd77d4b2d7f95bf1b2a3db99521165b69d3f72ec5e9e756ca10a9c994f70648f92025ca698e487c71b74e7215eb56e5c0936d6f3b9b5d,3,2,common_voice_en_20200247.mp3;common_voice_en_20200249.mp3,,
female,2ef186e80a12a714d633bdec0e3f9c9ca5e87f4c75e1f81d05880ba05ed0c46bbc0b133451c04e97b48c4b0de66ad2e4efc5fc1d227848aa2820059de911a80f,3,2,common_voice_en_19232077.mp3;common_voice_en_19232078.mp3,twenties,United States English
female,67746ddac1e92cc98d36dc944b382fc60a6147cc9947e54fda4eaf792bd6c8229225dcaef0e23179a2b63d35313823550b57a3f8989fb4f09227408beddebce5,3,2,common_voice_en_31529682.mp3;common_voice_en_31529687.mp3,teens,
female,049467ce77e90de2450158724cb7f5dd5bbf7152dd6c8e5e294d2adc522a910ca273608c1943c64513a989f0432c107b7587bcbdcef42374541254389e6d1d23,3,2,common_voice_en_380473.mp3;common_voice_en_380474.mp3,teens,United States English
female,0f79c5ce0b6e2abda50e9439bbd7905418f81feb5f05334a0d0319b1fbbce1d22cfc040f19f37abc4a6632e878b7250a51228e7b30c058c245ba7008723b51dc,3,2,common_voice_en_18730788.mp3;common_voice_en_18730789.mp3,thirties,United States English
female,56bfa7ce2386024d79d85b99277b82997097229015d12fbfd7d141357b4b4a2cfcac39be10115c39174e6438ff278388a59de95be791a2e23fb28a337917cf21,3,2,common_voice_en_29241719.mp3;common_voice_en_29241721.mp3,twenties,
female,0fe4c147971baa4f54ec1db6094c4234460594219999b2ff5b223630f2869e677687b447fa7ed1c8fbb5accbbd4ab790c2ff33b443b9761c0dd1805e46cfdb35,2,2,common_voice_en_18116675.mp3;common_voice_en_18116676.mp3,twenties,
female,a709af1fef457b5102dd0bd74d357cb60fbfc92f90739f9e47a16f1670fe4e14da2db26724f14b49c5acba0cb691219b37d47ba7f0588460b1f2a27efffa7a85,2,2,common_voice_en_17621646.mp3;common_voice_en_17621648.mp3,thirties,
female,f13d09cfee970bf2760c36f809d2dcc71261216aae697a7ed4f235867897bd5d032f306114507d8c76176ed6645fd0e618922e88bd53ba4dcb3c832c1545d793,2,2,common_voice_en_32412791.mp3;common_voice_en_32412792.mp3,twenties,United States English
female,133bb8e52e0df8d5823382266f30d4ab9aef442e2a4b711248c9a16020b27d5be162deaa3d19ecca48bae25135f6309fca6d7bbad954b0875fbbd2fc2b206294,2,2,common_voice_en_19937271.mp3;common_voice_en_19937319.mp3,twenties,Scottish English
female,82a5398231d0e1c29444ba8805fae4ef1deb9d87f378a65af7433ef48567a07c0ae726b46ac6a260f7fa315c70ce55390eb04c67232668d9fdbb063f1f708dcf,2,2,common_voice_en_19696555.mp3;common_voice_en_19696556.mp3,teens,
female,18063f12ef7a595693855e861a3b81889f5a07e3d1be6516a0365ac630ec36a1c4cc75a409bc3ad3a01d8c20d5c44affdb284208c72fd362b7f42c2ca553dca0,2,2,common_voice_en_17285889.mp3;common_voice_en_17285890.mp3,twenties,"India and South Asia (India, Pakistan, Sri Lanka)"
female,ff1d1c12b572d5931ed0c343a907b241da671ebe65e0e795841b3a6cee754729192849058b94f61cd5dc70d238d498a3f02de346ec9a4fe22054e5ac2f4ffec4,2,2,common_voice_en_30477718.mp3;common_voice_en_30477719.mp3,twenties,
female,d6a1bfe518f4d917cf1645cae4a77a7b82396221ed3550c7d8c4578d148944bf697ffd645d9b214527feef59901b0c94e296d93cb0359091ff6234c4c70402ef,2,2,common_voice_en_20688736.mp3;common_voice_en_20688737.mp3,teens,"India and South Asia (India, Pakistan, Sri Lanka)"
female,471e7ca45e08d4cf66315069ed13738e466760a125281e12fdd28bc4ed0be7b257c91c4d879cdf5bfc64d326497e517af75575db06a63b8d4f127302681a7bb1,2,2,common_voice_en_19412457.mp3;common_voice_en_19412461.mp3,twenties,
female,2e97f306f496d7b56a076f68058e345dc7e750a05d3ff10c83bb8c97a08f2b840d4693a962d3a3266b18e20e652e941e8e4e2ba16eb0b37a437f8fe20175797e,2,2,common_voice_en_35400503.mp3;common_voice_en_35400504.mp3,seventies,"United States English,Upstate New York"
female,32768709e7c03a36766d935fa43bcc07805a06c3443c88fb8a4b9a331fcc68d5f3c8d6cd38d24191697fef4c011d8d1ae515645c972d8bd52cec60f781f88ae9,2,2,common_voice_en_18354220.mp3;common_voice_en_18354223.mp3,twenties,England English
female,8e42f4153746c0181255d8228aecc559e807ae428c7411b1643cff30fc8ab05345759826a49a026b60e4e975d611c7ae628f7239ee96b3bba2e043d448c006f3,2,2,common_voice_en_40385664.mp3;common_voice_en_40385665.mp3,twenties,Mixed accent
female,125e6ae921009941a8334a0bc6464010bcc2de68f45ffc3fcd00c69f41b4d1c2cfad8c4d145df9157e8c8327de62aa05aff0af184ee232f0c66c2d13bbfa379b,2,2,common_voice_en_641104.mp3;common_voice_en_641105.mp3,twenties,England English
female,3a71e3ee3b27861ccf0c69349d79949cebd1c0c547f9fe958e4364b1e497745147ff03997e2c7564159d3357185a7d64cbb9ab6145be1560b75e1562b63011ff,2,2,common_voice_en_31685260.mp3;common_voice_en_31685269.mp3,teens,
female,1394266154d4f04c4e52993d3953034f41e67a07175e3c9bb99907b461ac7a5b9364fe1a750f31cfeebd7002b7400dbb82080322d63cd43dff7b6d4d3e370676,2,2,common_voice_en_23896967.mp3;common_voice_en_23896971.mp3,twenties,
female,6c2d1c9a33ed21147541ad10a5224e6b2ecd72fc340cf7e0f31fd443e161b5f93bb60e4e74ba0a45e38ca4b775a90d9559626637082c0a0ba96eac7bbd18a5fc,2,2,common_voice_en_18303527.mp3;common_voice_en_18303530.mp3,twenties,
female,59dd9e2b5cd07156895520e28770ffffcf0fd055ddba38fba4c2ac3e504bcf4ddd1274263a900ef84b204d6a4c73e1897225cc9f4e077da60fb94b7a56d4106a,2,2,common_voice_en_19951112.mp3;common_voice_en_19951114.mp3,twenties,United States English
female,031fea3fcf4ec12ef9a941c0bd2077837bdb72f9064cfe8ae8018ee17c25f8ba0fba867b365617cf2334c23d1d22400ca4991a597cf595664b35f8723ae42de0,2,2,common_voice_en_18854895.mp3;common_voice_en_18854899.mp3,twenties,
female,352893da57fe22480ec8dd1486e34c196d94ad55f9711805a4d9b32ad71448c942b2db41b69d06dc14863f47a969e93dea76cd23426593fbba598d14244d3d3a,2,2,common_voice_en_37903056.mp3;common_voice_en_37903060.mp3,twenties,
female,c701ea15d317bd6140997341b5e6482a0d146b6ab1b7e6932f576f19af03a6a99590e868990205e3ab2c3274eb9a9de4a43b66d0f0e8c2a9a174352ec1395bf7,2,2,common_voice_en_19941476.mp3;common_voice_en_19941526.mp3,twenties,
female,ee228d4a65a766729733193b5c35e0fc4b8e09a5102293e3f2f634bb2068f6b1e3d85a0509e919918a025b7deea08bc80ea93f0efa6ffcbbc1c98b4aeb5d0123,2,2,common_voice_en_17696109.mp3;common_voice_en_17696111.mp3,twenties,England English
female,5b4014cabb3ad33cc38dbf41ba1fcc9ffe7e8404b6ae21a291fb98b493296e74d22fe06f462a6a8ed46f23068850be34bcf4901bc01c6330d5e12093bf4831ab,2,2,common_voice_en_17352211.mp3;common_voice_en_17352219.mp3,twenties,United States English
female,9a3313fef5e8f2ea1e619009b0c1d0a37f651eef11c5f098fe72913c1c5879492beb4380807e3ba30960b6eb5f5591ad5fc4f8fd5d6f6639dfb4bd14d7ef36cc,2,2,common_voice_en_18319800.mp3;common_voice_en_18319801.mp3,twenties,
female,5076ad7df10634f965b696c4bc542287bea07dda91f6ba8773b918c1cb198b6a481e454a30fd0d19e01977ce2653f4b946c4ac7c76b027fc9077933004e05d2f,2,2,common_voice_en_17271033.mp3;common_voice_en_17271034.mp3,fourties,United States English
female,3727eb1939fe553fa9f4e30c433d37d9482de18d3ff4dc3c821acde7d329240f4ffccf6a009985162242edb6b0b0ed9e9babeb71ab4ae6414a66db8fb32f083b,2,2,common_voice_en_17296791.mp3;common_voice_en_17296795.mp3,thirties,
female,08190396a5c298331813531d1a832b56d8ffe44aaedcb74d1e99a06de8d2c136224a6c64eb69e59d89c8d2d32c7c0b33508a6eca88ffadfea7238a3caffbd925,2,2,common_voice_en_41881657.mp3;common_voice_en_41881685.mp3,fourties,"United States English,southern draw"
female,695e9e1949e9949ceaa051b7eb80f646e4d0412acf2491304b3812a844837c8a1ec9de31a60952a536f5ad3914c11679ac842e3a723b527acdcfe958c1e8824d,2,2,common_voice_en_41587501.mp3;common_voice_en_41654965.mp3,fifties,England English
female,48a2bf5f71d9ef54fdf6f1c1b686f8791f9d3318b478796022b7611ad9c3ca36e3bba50ee778106ea9a2d5964d601318a5f2223e4a4512312f93271937a63ed5,2,2,common_voice_en_39909376.mp3;common_voice_en_39909379.mp3,fifties,
female,a4f88c0843525c9678c4d7aef344e561377d11aa8c29192ed8db03143ac5abbba0ae98942ebd616d7bf54bb5fab4b302a2b7fb1c6ca67c15c55fde209620d1c5,2,2,common_voice_en_31693746.mp3;common_voice_en_31693756.mp3,teens,"India and South Asia (India, Pakistan, Sri Lanka)"
female,faafe88eba418a6e01367daedd6a209c9b3a654d896c1e82166bc8c88f7d58159ed394d8ae6ec2115296993bf5f7740de3edefebf580e855be732ad4abdb723a,2,2,common_voice_en_17790827.mp3;common_voice_en_17790883.mp3,twenties,Australian English
female,b2acef7138daab3ef1ab38e4920424ce6e1eb134af2cdf7906849414da387a5538cf28b1322aa8546d93f7434a48383cd00777a4dc099b4208c034ca63bf290c,2,2,common_voice_en_29434734.mp3;common_voice_en_29434750.mp3,fifties,
female,7f68e42ccddff1afd6937b2ba813c38f737d5b1265d959ab970731cb65fc279bca93d7e29932810ef238dc3acbd9c9f67ad3b8aeadd2a211bd44bf718e0ffdf5,2,2,common_voice_en_21321827.mp3;common_voice_en_21321829.mp3,twenties,
female,b2a73da21542f2f948b619c6e4ef8993c8d0a2bd2656c95c7bdd1a22ccc6ba3d47165dc569f156f64c4f5c9c85d7cf0705a90d4a632c07043861f0aa557dd6ed,2,2,common_voice_en_37318569.mp3;common_voice_en_37318570.mp3,twenties,"India and South Asia (India, Pakistan, Sri Lanka)"
female,25a7fe2b89f6485a9be20c3992b33322275e51ed77c07791dfac8ef383a2a0512d61c90084250d292f2486af6e8904d8469173f4b29062b684418bc5a032b314,2,2,common_voice_en_19941211.mp3;common_voice_en_19941227.mp3,sixties,United States English
female,7c3d354e92895cf69a368140581bec0476c8655053a1cef6730a2294f0e3eb59c4ec4de8e178914aeb5d4f25442664531db07007822803686ad12a6d0d778179,2,2,common_voice_en_21413474.mp3;common_voice_en_21440814.mp3,twenties,United States English
female,734c8bfa8fcd0258862830808928d332bf6e20772e5ebf106cd4b376fa381b6d3650c516b024150b555ef86c903bb2b7716425ba4c8f1a4266286e277a985e38,2,2,common_voice_en_17455865.mp3;common_voice_en_17455874.mp3,thirties,"Southern African (South Africa, Zimbabwe, Namibia)"
female,279d8f0a202c7165707e6b1eb3a3e3cf4e5f0818a1ca39cfa8755adcb9e4aff92854170c2c3403d8f9105a0f89f355adc03e27369c7aa472291942e58d7b9985,2,2,common_voice_en_18758345.mp3;common_voice_en_18758347.mp3,fourties,United States English
female,b9dcfe590bc1a990e73b8e3e5ac3432c3e0b16ee6ba8f642b416be5e2a3bd2e0a842a096b08a8b2c111b97f268f327c7dce9f14d3280c9fd8c15b1f4714026cf,2,2,common_voice_en_28872022.mp3;common_voice_en_28872024.mp3,thirties,
female,04d37f770b2c744fdacf3c2fca85fa289cdf912f8b497fa53594048fccab208a446653f0e99fd1c3b943a6e2e5fbde02acbb9d43056f03a5abacda502fd365b0,2,2,common_voice_en_17746700.mp3;common_voice_en_17746709.mp3,fourties,United States English
female,7a0dfede35e25a3bae580c1afd75064a32c853992854eafcfa5474eba8510429fda866bfd5ba34422e531d0530f86bcb70bd12b9d1720be2e6d93172dc8ecd92,2,2,common_voice_en_19480238.mp3;common_voice_en_19480240.mp3,thirties,
female,3198f65d2312a054f42b14b2cdb8d942741f9a37a2f89e69f413592b3d6e1a181e41b44781576cbbafb153495f9da83b72cc3a9ca1f25ab8bd11290d14051730,2,2,common_voice_en_35854111.mp3;common_voice_en_35854112.mp3,twenties,
female,c3c8a443f408811c01ad3a93c5efa1e3ad25394188cee1ade28096db353aad7538bbfe13923665e5fa4005a7a3111ba5d39d1e8bcf1db1bffb238ca61f251c45,2,2,common_voice_en_21369377.mp3;common_voice_en_21369379.mp3,twenties,
female,13d76ca3033f3ab773e81f24b6ccadd56705dcf21585166700d3d42ad08e98ad0ea03255bf72dec599bfce0ae85becc78509e8194531565510baeade50fd7177,2,2,common_voice_en_20296862.mp3;common_voice_en_20296863.mp3,teens,United States English
female,7585202b67d3c6910270298073959188c009858d165c18afc605ec07758b190eef6e2066d94552ad3f5c9d66fe291870e82fbf3ec248f6921fc9c91f356c1699,2,2,common_voice_en_38213328.mp3;common_voice_en_38213331.mp3,thirties,
female,3b54a7b4046b32474f7658014f4e6407e45c4be3f391e194ad26b55ab104dc468a9942c75bd1b30b90ecb23629de632bf9de430941ab7c325d4a7f4fb5e65f06,2,2,common_voice_en_20002083.mp3;common_voice_en_20002085.mp3,seventies,
female,fa0284ff9cc32aed312615ba518efa3cef6f7f1a41727cd8e130b7d9a6749c45fedb30f6cdaf02048e405fcc6a2231fafb7e37931dd327ad33210507e97ee478,2,2,common_voice_en_19766383.mp3;common_voice_en_19766384.mp3,teens,Australian English
female,08d92473958599c80b492b7a0d1bdebb43055f13ea19ca37435f61253e3c14735b36674cdaedeef46d524488d65149f1c1e415396a800468a7352b6baf5bb109,2,2,common_voice_en_19058127.mp3;common_voice_en_19058131.mp3,thirties,United States English
female,ec7eb06317777774c5853e4c52d7c21a8f43e0be341c98bea63292b7354d4e1e2434155dd350150a7937e18547b25c441553db99863060d69fac3bb30b1caa10,2,2,common_voice_en_5688714.mp3;common_voice_en_5688715.mp3,teens,"India and South Asia (India, Pakistan, Sri Lanka)"
female,19947912171749f3bc26ff11eba443fa3e9e3cf9c96eefde9f4e9100634b6b015bb8b3f19c1da2d3124f9896f43d1506d3eb9a53bbd4d224bc5dc6f49d97c5c1,2,2,common_voice_en_22469599.mp3;common_voice_en_22469604.mp3,twenties,
female,721c1a3e0abe57be33587cb8b0359e446afcc380b61357e43948524bbbea015889450738133ffd01e21a6e9b628c8d248b6d3c95440528a860a3d307c8bca9c6,2,2,common_voice_en_21349470.mp3;common_voice_en_21349473.mp3,,
female,3ed553a0630d06262cf15361716898eb2747b2707afb8a63c14ec07f98969df4180becf13a79891249c98b79f3351ab9a69241ff386e38fefcd5a50c2524ed63,2,2,common_voice_en_18514959.mp3;common_voice_en_18514961.mp3,fourties,United States English
female,954672cb3060c55d0e4dbbea5e43296aee3c93c7325b0da6df9f93158aa4a1a5b1b830a32255c2e7127508ee672c560baaac394085524e43f46735eb55a520ed,2,2,common_voice_en_37179552.mp3;common_voice_en_37195102.mp3,twenties,
female,359b7676d24c67ee78ed3afcf2a891343ae48bf9ee4b4907abbce901fbd8a31cb4375cb0e8167ee490ad8c364863b43cb0000faae107c6050f9f4ad901c0d80d,2,2,common_voice_en_561897.mp3;common_voice_en_561898.mp3,twenties,United States English
female,24b3f1de2731420bbd1c38d6b2197ab91d4533639c6eb0172b9259ce86f43d742d88565abaa2f4e3869465a24cfd4153e165fd1d3a59abda38f5e43021169241,2,2,common_voice_en_23863783.mp3;common_voice_en_23863814.mp3,twenties,United States English
female,a132a73a01a582f29a650b901b68eebeed2c540a44d3cf32ebeda0d00b93dcc06b0e1c5deb51d3c717eb54201e03bc943ebffa1566ef74a1c0c8d89ec8c00d69,2,2,common_voice_en_17249432.mp3;common_voice_en_17249433.mp3,fifties,United States English
female,6a1648483d4784c78a536223bf1c770aa4be6e94bc92a92657fd562aa734c77d6ad930cc19108ef51460d7ac035a44a70cd5d800a3731bdf865a3c0fe00c0a58,2,2,common_voice_en_31614843.mp3;common_voice_en_31614875.mp3,teens,
female,21ee027e922e85a2423190c7f0de5a446d1abb3bbe760f2cb1ffbe77f6ec33b58bb2c79a06e40914b6ed603d78796bbe0ec0857fb230b6556dec35dcfe606167,2,2,common_voice_en_37428938.mp3;common_voice_en_37429748.mp3,thirties,
female,107a28804ec2e18636725b95590e9843c4c76231888c82b16d401f2093b0c5834b2f7117b8e93a58a5b54ffd1da6ede4a67b779051895d14d3efae82e3de9fa2,2,2,common_voice_en_514622.mp3;common_voice_en_514623.mp3,twenties,United States English
female,64adfe05a0ae65e25e40d0ef7c1bbed9fa40b421d32450aec483732c2c16c2c0c8566330a09975f8e1df886c7e0267d4104356d447a58a812b0cdee714b2c420,2,2,common_voice_en_21372560.mp3;common_voice_en_21372561.mp3,twenties,
female,d903bb19569a055a2df364a7bba3bc4fe2abdc02d908dc908ab0c8bc39636e03bf29d1e5f8ecb76049015eb18108991f57ddcc9c7bff410b8c6caf9224dd3b9e,2,2,common_voice_en_31534149.mp3;common_voice_en_31534152.mp3,twenties,
female,125cb76055e54642cce345d7b11263ee08b4093272b6a438264596c37d669a86349610181f7598b00014feeb040b858cfa8320d9ef84e117f691424fe0c8cff7,2,2,common_voice_en_21367754.mp3;common_voice_en_21367755.mp3,twenties,"India and South Asia (India, Pakistan, Sri Lanka)"
female,66ac5172e9a09d2151286bc4166992d48063b7790a35c29a451753ffbce109dd0046800bd0443e43bdf8516f18ab4a60d7e0d0ca48e0953710c5a5cd0c62cc8f,2,2,common_voice_en_19625460.mp3;common_voice_en_19625477.mp3,twenties,
female,1d2a43fb44a4b8f0e85ad5a3f539827f8b3e54e541bb535eaed36acf395f17a50cea73ff0dbc9707c1e3a2f2b8d70418443f1f32a9e2656cb4cdc530af8991e8,2,2,common_voice_en_18219180.mp3;common_voice_en_18219181.mp3,fourties,England English
female,745b36f37c4426de5b2e91eae401bbb9dbd8fb5be14a555e26d97fea6e48a45b353bed8dfa3e7a84121e4e2fd37f6fbdb6a5d8f4fd2d0f16e9cfee98789905e8,2,2,common_voice_en_37732910.mp3;common_voice_en_37732912.mp3,twenties,"India and South Asia (India, Pakistan, Sri Lanka)"
female,29e2307c6fa787db465ab8ca1449489fcede5e096e722436d3e8ea920b9253a47905ce8aafb5235140e8b01bfe5317174778957783309be1b3e3d152f734e6ed,2,2,common_voice_en_17279811.mp3;common_voice_en_17279812.mp3,fourties,United States English
female,0545050795ddc2152e065a8177ee34ba7daafa5692a3eeafe79c6ae68ef70e37708eda0c0f459f52e7c89a2d92ed9708ab30a1a61e7428e09e4c0936b99c8cef,2,2,common_voice_en_19948136.mp3;common_voice_en_19948140.mp3,fifties,
female,ee93161e8ba8a127804dc14a0a83ff07ada0323d4b5271cf1ba272c7f451cbab5c160fbb949a2fb557881085658b38216fed8812d613e623d556a856aa535ee0,2,2,common_voice_en_31769647.mp3;common_voice_en_31769648.mp3,,
female,c21f6fdee276b62c50f0923444ff0982ce7086759f151957bf0d48feeae2a5adbf252bfd376d1832bd46627dcbdaf7f3f74128fdc76cd09c5eb435d1ca8b6cd2,2,2,common_voice_en_36016276.mp3;common_voice_en_36016278.mp3,teens,
female,95da5e17fc81abef6ef1917e678e7b70072a52b2eb85ff65e5d5f80634ddbbbfc7ce03811f5aa4d91a1c92fed8f08aa1e854a0879c93a785970b9d03edd3a6e4,2,2,common_voice_en_17821963.mp3;common_voice_en_17821964.mp3,twenties,England English
female,0d8afef5476f3e4e488fe0f57bc08b119420348add98881e58da65aa841e866c70c187740b82d20ed2e9e62ca42b3caed9d3620a496c0511bf4a47e7c61f4e54,2,2,common_voice_en_40632268.mp3;common_voice_en_40632314.mp3,thirties,"United States English,midwest,Chicago"
female,aba8dc24b4f344e6a672cfd0aafde4967ebd54aff17b755e8a643d484a3414be651dabe606fa1656f6e1490988d945edc6c18b122fcb64b848f5fa1d9cfe1d45,2,2,common_voice_en_26675807.mp3;common_voice_en_26675808.mp3,twenties,"India and South Asia (India, Pakistan, Sri Lanka)"
female,e226d1e15d6c5eabb603c618d5bc71de74754f911382d32c311fe49457106dde0df34491e3885c16f8db7c6bc2f2faf4fe36b5d8ba4107e86d0f08ba97d5ae3e,2,2,common_voice_en_22251705.mp3;common_voice_en_22251715.mp3,fourties,Canadian English
female,d21cf645e7b201a03efa3f7bdd6841e8452d565d08e4365a54d8655b5d00a913fb163524bf67ee783dc6fb5011bdd46423a58db53fdf8e20cdd2e319938ad51f,2,2,common_voice_en_37976442.mp3;common_voice_en_37976443.mp3,twenties,Australian English
female,a3f9742550d3a55b37e5fae79a1e79ab981fe0c5eff2a8a7956fa000e6d65fb21dd6b75666cbe3e14ce5ec77f79142e37b709d1f49c054d82c8ad5cd520e2301,2,2,common_voice_en_19984718.mp3;common_voice_en_19984720.mp3,twenties,
female,a551182b23d52029f72779f1014a680a430eaacc4425d574c60ba4a866d851f0894a84f620c9a3cc99cc596b20caf94792fe2e78a70d7e091a1ec7e4203a0358,2,2,common_voice_en_17622129.mp3;common_voice_en_17622131.mp3,thirties,
female,29fef5399682bb15056c08a65f51568736022bec8c0b3d41767f861ba9cc65f211bf647789ec86993ace4e5c5182dd453738a985cb94471317e61228bbdaaec5,2,2,common_voice_en_37016753.mp3;common_voice_en_37016755.mp3,twenties,
female,8b81e2d9bb5303f1655abbbe9965ff00a9b97126c9e410828176f018521af167762478ac2383f612e460a131add04dc57ad29639a54e2fbff8188cdbe96115ed,2,2,common_voice_en_25722368.mp3;common_voice_en_25722369.mp3,twenties,
female,c6d12f5b1b5f2f80b1d2558c33d6a2df5fcb8688399c61df634bbe2c79ff755a8212b0ffdac97f243d0b340cd1cd8431f05fb3a9b4bad2062f8d6a588913a238,2,2,common_voice_en_39566998.mp3;common_voice_en_39566999.mp3,thirties,United States English
female,1d238fdc05a88729d57d4886a66be4d202c98f2cf0cbf2b29c096655bb66a4d2761d932087e0e7ba9da9667ee431331df855825cd756e253193211f1c6decf22,2,2,common_voice_en_39093406.mp3;common_voice_en_39094570.mp3,teens,
female,11aef1eb4a1aaccf6c6a4922bb7e3a646d43705a78199d71028775392d7ab942da116a358c4a13a90fafecb575366b40d8f3fba18e3619d179519784734512ec,2,2,common_voice_en_28458839.mp3;common_voice_en_28458841.mp3,twenties,United States English
female,39da29415f32531b147421ccb3c6b6f0eeee6fa6a60412a7dba4d30a243aee91138cd05a15f604d91e0068509081dfc1ac2bcc097e0fa913df9e64fcaf93c74d,2,2,common_voice_en_19738882.mp3;common_voice_en_19738885.mp3,twenties,
female,4a92f782df1595cf2933028a58edcbb05ecc1dcbf985a7f558278e864e7f40e361f010720fa414f9e2f0aa63e8e26769e8a5da03359ffc278197508e438e0857,2,2,common_voice_en_40533781.mp3;common_voice_en_40533784.mp3,twenties,"United States English,England English"
female,f989938a54db76e78eeccb452d6d18b54f3a7e2eafdcb19d9b951cb01a6337dc40459b4c42b460f0f4c01db17bac94034b6ef16aba3c0533d2fd3d18c40e9926,2,2,common_voice_en_36520201.mp3;common_voice_en_36520275.mp3,teens,
female,2f9f5683ae8ed79575760e14ea99e2a8dd4fd66e505a3dbd6c05015e52ff567a89a9af857010579217d5ca32867331cac8a9b1e5b962199b9859bfa547a46ac1,2,2,common_voice_en_17935697.mp3;common_voice_en_17935705.mp3,twenties,"India and South Asia (India, Pakistan, Sri Lanka)"
female,6c7e4e800bc6ed2ae7fab47f28f4e958814e3f50ad442372c860c330368bedd3eb423bb22c4553b57c0e4731886a3c18fe0366ba391ef76141e8ee68809f42ca,2,2,common_voice_en_19935279.mp3;common_voice_en_19935427.mp3,fifties,United States English
female,710169c34f007cc11cd8a3d3f6f9c339584f22455956ff663757afc7b84c0f6a41aaea3943c55aa813b4b51f99758d155de95ce3c3345f9f7966786566dcf7c9,2,2,common_voice_en_37710346.mp3;common_voice_en_37710566.mp3,thirties,
female,34acdbd040e88d5247b15a2e959c696af466931cd8fae792b1def717df8cbbdcc83d5d6ce1c7eb63d93c14dd9cb0649a008c2d608beaa5c477c85667558f3104,2,2,common_voice_en_19635120.mp3;common_voice_en_19635121.mp3,teens,United States English
female,bf1285e6634173efe01bdc06f68db814cd9f1e95a512e66fb105d726354871a8d106346488acb3d16ff52986273832d317799578ece77098b3d29c530dec63a2,2,2,common_voice_en_19854770.mp3;common_voice_en_19854772.mp3,teens,United States English
female,18cd37ac3c91e92fcc42094f41f12bafc7f66387b283c0a6ec8323eb19e545c29bc1a9f8dd91b201e0da07853003e2f91441169da6d74a94083019c9e5043c6f,2,2,common_voice_en_18541003.mp3;common_voice_en_18541004.mp3,teens,United States English
female,72d98490383df3b3ceee777cf9046381cfa9cce2838eb017dce3bf40978a03644f6fe78bd7829b23028a05e82f8003d11bc78e98802657eb19c25e1839d60c87,2,2,common_voice_en_18979305.mp3;common_voice_en_18979306.mp3,twenties,
female,4d3659e61efeac3219291aaaea289313ade47c22df0c9e529c042cbe735ae6ab51b7178cfec32d2609944e90a2b476583f8a46b2a1a6d62ac2179d520ec39afd,2,2,common_voice_en_41186671.mp3;common_voice_en_41186737.mp3,thirties,British Americanized english
female,b7c15c14cf7f21a1ea983e3ce76c4cc7538b9d4b721d882f3c1531a4af14796346335cac113a2c3aa50630a26f051bec31f5fd6046319e5c9dfeeeeca0b7aed0,2,2,common_voice_en_18366209.mp3;common_voice_en_18366212.mp3,thirties,United States English
female,366aff3e4e043fb3516e28df2f24badd6971ee1c89722499407b798e71d614bbc6189a6ff3914a1ea9c080ec83b744d18b86677a914c14b3ceba848d536e0db1,2,2,common_voice_en_17825714.mp3;common_voice_en_17825715.mp3,thirties,Hong Kong English
female,62346e66e777ab3567ec56eb55c7fd03867b515254fe407004e0275a83ca2fdbe66f183744b603e16472e15390d4d1cf111b240ff948b539fe4ba5d5abd9ffe5,2,2,common_voice_en_373477.mp3;common_voice_en_373478.mp3,teens,United States English
female,bc96a4bd75d006224a4325a2df3c401a01e2442d7c6c9c6a18249d4bd499ff25199cb823224c91110ebbc3302c20396f4d9e6b3446336ee475b0032f4c65b009,2,2,common_voice_en_627540.mp3;common_voice_en_627541.mp3,sixties,United States English
female,1e5851aa448be43682b8a9fa7afc9308723716c609bf1f5e186a99215c3aaabadb3e9ee0900d528f438df5139d26573a76b0f613c5cbca9898afceaca7eaef9b,2,2,common_voice_en_30406491.mp3;common_voice_en_30406494.mp3,fourties,
female,13ada2de7f139b690e62974e6c8ba1baa2b248a1f2ed6196d90f09c4383981f2280ef10adae419d40d74d79c9b1fbf64079b53d24dcb8ec04362b8d804c24b26,2,2,common_voice_en_19373305.mp3;common_voice_en_19373318.mp3,twenties,
female,4e0247fee43516a5a24d19a81ee69527a1e0a296bf0f45954c1435770c249363d525848e714b8ecc95519aea49a90d62d4097c5eeb30e1fdbf6634aac75f74c0,2,2,common_voice_en_78527.mp3;common_voice_en_78528.mp3,thirties,United States English
female,3dfd63d5e15450350149a9641bfca8a2b90bde888374f07f11cc38c2fdcb05947efbe8648e7f302cebb5a8c483cad912e2b741d99141352ff0ee6f18f7c24e4a,2,2,common_voice_en_17730429.mp3;common_voice_en_17730430.mp3,twenties,
female,6daf588cbaa9bff68c17c89e9f01d9f90c60b751c70861194de6b9eb09d3258f5eb1358a47345f5284d64946cf7dfb8224472b76a188592c395852d635165c17,2,2,common_voice_en_643157.mp3;common_voice_en_643158.mp3,thirties,United States English
female,837a4dcef23a63da866195fbbeba80e4ee18c3ebcaa1039dcda7a20a30d943e13f52c61a6e6bc1fa943a8fe67d52d58451908d27815440cc89c3728149b8bf84,2,2,common_voice_en_23379807.mp3;common_voice_en_23379809.mp3,twenties,United States English
female,e0e19c4e41322f05c07bcfb97be24eec1953a41ba45985f29a7a311887d89441ccee03e72638433f5f26f3ad0b98cefb034a3525c6d8b3d40153f682ea7f0042,2,2,common_voice_en_22204385.mp3;common_voice_en_22204387.mp3,fourties,
female,df731f652026a3cc1a1a572a65d0d465a1c105989a4de2cf2ea59669059da60eaeb87b5e9807634a39b381b4f66e4eb3950e7bbad7481fbb401a46c72e2db521,2,2,common_voice_en_19648410.mp3;common_voice_en_19648414.mp3,twenties,United States English
female,cf2ef662d94e1a79f1a8fdbcd49f7e896e8dd59e4f76e77aa7a1c387f1c1d65a86ffe7418cbf817baac7e057930fca97b9858cb6923c932b8492d15f327c762f,2,2,common_voice_en_18099743.mp3;common_voice_en_18099755.mp3,twenties,England English
female,dcc2fd101b130fe1a02a0a7014461574bf93bbd2415689e9206374a7e20ad0b49b64bdf5f66eec458a98432636bcaac8cb7115da15c8af380feba07d62e3e4b6,2,2,common_voice_en_39734854.mp3;common_voice_en_39734858.mp3,teens,"United States English,England English"
female,0d425eca9d2110277639de6cf7317c8b09f5a7f3f5818edb28f27d9124bfea84a53c0a7adf46326461c47dfc158c2b92653167c2a9a0e9928854569cd6d0126d,2,2,common_voice_en_31611581.mp3;common_voice_en_31611583.mp3,twenties,
female,8a54d63fdc8282d54487063c6c74f301eb25f62ac3ecc3aac9530cf96438c5f681b7439cd90b47a8ae8436c2aa538d38f3fc6035d8359260d761ef38d5dd1bc9,2,2,common_voice_en_19935033.mp3;common_voice_en_19935040.mp3,fourties,
female,a5a2203dde971b8daab6d0300f2b2b7a0d45e6efb5a883fa0f24d02c2d2f1bd6b242dc8984100019076719101f2e834d9416c7b49f0769e2350bba81550ae414,2,2,common_voice_en_39005483.mp3;common_voice_en_39005983.mp3,twenties,
female,77f1089e97091823cd26e8cb6368df56ad8c451e9ad163f07c4a0888a0375744bf4e1cb8c68ec5d2c486128fafc351116c9d7c47c5b053848eb3f0500f744d3d,2,2,common_voice_en_18317514.mp3;common_voice_en_18317544.mp3,twenties,
female,91d1e0377d4f74147eb8b21272739ec8904a272b47f46f72d0641e2588ef2ac10aecc020d5dd8ebadac96eedaa8b4df43034ef219c0b96dd383f9c1b265cdc11,2,2,common_voice_en_35437451.mp3;common_voice_en_35437452.mp3,twenties,United States English
female,0f1f5db13e603e39f138b79edfe503128513be5a2ed53490cf6fba4c847a2fec76ec48f01dad76c523f1fdc992fc1a5222192cba5d2d4f7dada573e55d5e0e14,2,2,common_voice_en_23719016.mp3;common_voice_en_23719019.mp3,twenties,
female,531899ec99e74c34f803c5290cc9e3698ae21cacd51095a023a7bb866d71f9629c38d6a206f98705b958bf5ef5f7287ba3e3424943f35aef2a554413239faccc,2,2,common_voice_en_18093355.mp3;common_voice_en_18093359.mp3,fourties,
female,db33b2e2caf97dcab6cd83131afbeb235562514566183c1f9737ec4ac96195194103623b74b86c02a141fd89631f58ca50849a04e6350466303ddfeb37f5a4ea,2,2,common_voice_en_32941670.mp3;common_voice_en_32941672.mp3,fifties,
female,96aecfca0067e2ea58a755269aa9da2633df1ecac3f84c1ab773803087a865ef6b7f477c76df4683c74f193f07104673ab119c6a6962ab0666fab9fc56c49d35,2,2,common_voice_en_17290742.mp3;common_voice_en_17290744.mp3,twenties,"India and South Asia (India, Pakistan, Sri Lanka)"
female,0a86ee1f47ab2116c784442469107093f7c50d7f869f88f8a2af47e9a7ec6fe5c245e9d56a12124463f51884bc59a4adb4715dffec634ca434e5205c14012fc8,2,2,common_voice_en_19708695.mp3;common_voice_en_19708700.mp3,sixties,
female,1c66922f2f553553778a14701828926fcd244267476ab218600b374a7cf1538f6e0cb3fc8cf42c2a98734617d100a4f16c6f4dd6771ba8c7c69cfbdb4af0184d,2,2,common_voice_en_17568095.mp3;common_voice_en_17568120.mp3,twenties,England English
female,efeef30277638c05606c9ae0e54f9c8fc4a4f7cebdbaf01613cbdfd47a604670a08825b415e51f2e9dc7ee4e95ee2345d72f7995710829755ecabf759ef51c77,2,2,common_voice_en_18198215.mp3;common_voice_en_18198217.mp3,twenties,United States English
female,89309beaba8c55fc5b33eb6a3495e46d9128e6bdbe5acb13c82a222b624480b6d8956b3281688e2e48332868008f200b46381f995b3d56b46dab31fec28eb4f4,2,2,common_voice_en_39590075.mp3;common_voice_en_39590079.mp3,sixties,United States English
female,8e030a0340138377e5d97cf96570391e7eb2c40ce366c583d2e95a5006136ce8f1a783bc01e9d4a6b8496973fca3b6bfaff481e9e53cf9c08ff82374aea4c7d3,2,2,common_voice_en_550726.mp3;common_voice_en_550727.mp3,fifties,United States English
female,94c84c69970de1ef08b1cf7a6ce6905755991561d80eb45ea40e4b231aee1ff98903105bc16b30ab85da61aac12d1e5f15b0d67f58bcdb21f8c0428aa409598e,2,2,common_voice_en_20586173.mp3;common_voice_en_20586174.mp3,twenties,
female,2f5da29f3185ed414cfb4ae53a9375eb8202b45218ccdf304e10c5a908233fa83077bc451d1b36980de636826b676f7fa2f408dc75799efb863eab3acac217bb,2,2,common_voice_en_39862173.mp3;common_voice_en_39862220.mp3,twenties,
female,9eeffb85b293c39511442e38a98a95ec130255433bd615f488b530ac4c0ad0773b0cd39e18c3bfb3f3d6a8d66cb236de22fcf2346ca425f6c67c44c81249cc1a,2,2,common_voice_en_31716416.mp3;common_voice_en_31716424.mp3,twenties,United States English
female,1127fd9304e06e6f9c760828e8e026afbf2d8e5016f0ce8ae7f97b1a1d8bd44cc53432d5e86ac7ff9f8ea54e5028006a0b855b1898fe7784a085c72063030eee,2,2,common_voice_en_19621124.mp3;common_voice_en_19621137.mp3,twenties,
female,fc8a62e37d67f6b13da86122d0d9d62585984bb48d6c7d83b4b5d5629c7d4b4790da477bab77fe08fff01a0a4fc307899a9fcc3bc0633f68f85128cd0db2283e,2,2,common_voice_en_17266326.mp3;common_voice_en_17266327.mp3,twenties,United States English
female,41c641076e214839286e06e738fb2405915b4d8899341175dd401cf22171c02e0af6bff06f6e94d47fe8eb6cc82753526f08aceeb5f1d455376e0727e2ae72eb,2,2,common_voice_en_31070493.mp3;common_voice_en_31070494.mp3,sixties,
female,d0415d85acda04fb6874fa1774d9a7604b471969de34c526ea7134777d0d349f224124e21e5504a1f48e3ba947f161396f1181ae5e93c329cade8abd0c8f8777,2,2,common_voice_en_20644765.mp3;common_voice_en_20644782.mp3,thirties,
female,b4e297786c1e7dde99ddd7d8c31799d6b3cdd592e3a5110467f133df8a2d99d679a346179ec5f9e27acf648307c754f402f51e8c84bc4bcfa5b03d11b1e85c39,2,2,common_voice_en_17576198.mp3;common_voice_en_17576200.mp3,fourties,United States English
female,bcd6bee80f12ed0cdcfb22c2fa1c8422a038c96f8da4a8c7a4e1ca938734bf24f1bb6bb77c59e2d33089af8cf108837e1e0786504a72e35797892939ae2d969d,2,2,common_voice_en_22298919.mp3;common_voice_en_22298921.mp3,twenties,
female,27f64882df2c1ba72d0a6574fda79a48b4a0fb38b375e9c6d5599c9329dbc7ed914511c6b4fc24c50a48f8808b2fb86d31feea0c192c345cea82bf6cc87a013f,2,2,common_voice_en_18238482.mp3;common_voice_en_18238484.mp3,twenties,England English
female,7aa3df30c263b19600f1d3bb33e96913f101833a63ab2f3dccf93317ec11dfb60b265361974478be22ca3970ccd63021a9f18f1cb3e69f37f902365cf44dfd70,2,2,common_voice_en_19609644.mp3;common_voice_en_19609648.mp3,twenties,United States English
female,e764ee21e318de4dac69e91e7c52ce5853730c9522b307310d996f1ec710f735b80f563e51d36793da32121d266b77b72721e8e59bd4e8e4a679588be388eb3f,2,2,common_voice_en_1035565.mp3;common_voice_en_1035566.mp3,teens,"India and South Asia (India, Pakistan, Sri Lanka)"
female,3353b846f6282967eb8ca94f7aceaa3e940516340dd5b5da4414c4b16ef29fb4f9843b765ae70acad8cac25d700097b3517a59f81825d4a4f70940d62ae94f62,2,2,common_voice_en_17503252.mp3;common_voice_en_17503256.mp3,twenties,
female,dbbab10d605124c9dda9cc7be352ef268cfdb1b3acb56f63336f5e95a12205f5379b02da9bf376911a17dc63d7e0b8886153961c427dfcbfa91a664a8e65e016,2,2,common_voice_en_607195.mp3;common_voice_en_607196.mp3,twenties,"India and South Asia (India, Pakistan, Sri Lanka)"
female,5e944a29a00ced6b4b7bc29a1b7c94d153837205d3b014156b5ce916a2d392abcafc1564db9c57c2b666b6f5902193348e40fc92cc50a01041b4816349a06789,2,2,common_voice_en_28197048.mp3;common_voice_en_28197049.mp3,thirties,New Zealand English
female,19ac667150feec161346c82d598c778ba54fd9eeffa0196b74124a9645c8eefe09a6c4560c7100b42105f6ad87c42a2d2010e7e073741592f4614baff3d0ed1e,2,2,common_voice_en_19715449.mp3;common_voice_en_19715450.mp3,teens,
female,acc1db86a27772d3d34cdde28bb2b1640e6b81a8b5a836d37a811102747494803f9d6490e1f41b0a93001169f2e78e702aa4bf156045ecdfd0bc0a0aa89f58b1,2,2,common_voice_en_31770143.mp3;common_voice_en_31770144.mp3,teens,
female,2f38b75a0d3e0bc7435fdd3b1b195f874300f8f696a21f41cbaf11f731cc126a8e303eeb7e7cce5d1eca67943f90dd6954f519fb20f5af27b7b44838d9e919be,2,2,common_voice_en_37728197.mp3;common_voice_en_37728199.mp3,twenties,
female,ac351c3ca7f1f9beadf91b8414f6e6f0f4ae324b1e594a592a5dbd750d7998b77e1bd798933bc60903d302ee167a0aee83001a9a79eea37fcee91c602b0407e5,2,2,common_voice_en_36765759.mp3;common_voice_en_36765761.mp3,fifties,
female,4adbaaab8e28252d2d593d2527af35c4644c83f0c4da06b8f6e5784a28a306fca662967eb2aeb4aba3935ff0db983951901c5a8be9b8bd04b6280d1b9a80a4ba,2,2,common_voice_en_36937895.mp3;common_voice_en_36937896.mp3,twenties,
female,01252e2548fd2726f6b14c1c8c31cf802e2bc12baa45e4c65b4ca918fd2c728604440785fa8c88752893bdf317cce8ec53268858aff36a08f0e674a45a17a13b,2,2,common_voice_en_551373.mp3;common_voice_en_551377.mp3,thirties,
female,99910a2eca9251fc8233d74546dd98cec1dff18792ff233cf1b24b96501a2756ef00cb7a7de4c880c2cdf2b5438bde6ba96c462189572107dbf0ae05602f18a5,2,2,common_voice_en_22239665.mp3;common_voice_en_22239668.mp3,fourties,
female,e644efa235faadffa0b52d9f8a8768d5ab2865b7f88c09c9bb359c77968d13451815aa308c0b8731352054216eb57d2a73e108c9e9d577d885f346b688cf5361,2,2,common_voice_en_18388504.mp3;common_voice_en_18388516.mp3,fourties,
female,923ec8a88164f171d75dfcd3917471a100b7e3585c48cdd530c705f3740f20ef74e04a8c1b3a0d5fb8680a8e72434ba94d922172976cf2d2d8862f4b0c8fa2dc,2,2,common_voice_en_27654278.mp3;common_voice_en_27654279.mp3,thirties,
female,5e525bd298809e16f6b43b81cb82f642bfa0ac59bbbdf62c4ea40a0eed9e23bf20f84bd427116069a6279b2a6ca3792ef4383c1c24ea4458774d050e5011dfbb,2,2,common_voice_en_19532959.mp3;common_voice_en_19532961.mp3,seventies,
female,e9cc3949d9b87864e2727112229c732040c1e4e075a4ddd22dd89394ed1866217ad241739862cee1b06f30323bb7ca272dd41d0af06e7152d77cc5ebdc3f637f,2,2,common_voice_en_22050535.mp3;common_voice_en_22050536.mp3,twenties,United States English
female,72cfa8218f494ec0406ffae1b0b41bb5c08d2a5b9caea2926db36498b615701d5fc42fcbfafd69968ef59b01ef1e9f34d5d419d2ebdaa8cdfb67a432c9aa49d1,2,2,common_voice_en_23593449.mp3;common_voice_en_23593451.mp3,twenties,
female,4d3046a6b04282da414658b73621dec96d0b5249eea54b6d29a729e970f40a66ab27b12d7b29f72c383842e4bbf79574b2ec6a055d33a0b8f4e71d89f7ea8d70,2,2,common_voice_en_38016542.mp3;common_voice_en_38016546.mp3,thirties,
female,bb3ba0ca33e3602f88128f5a689c4e8750c44636aca56c2f6ffd221d0d2fbc42e44415ab3a7fa57ba147c6337cc29652d3d3a8895603de90386cf59ace45a5c5,2,2,common_voice_en_40436565.mp3;common_voice_en_40436567.mp3,twenties,United States English
female,19fb27444eddb6f5883355148f15d37fc957f474202fd3d2e91bf6a30de30636c35effc1de90ae6e509f75a1f66b6957661c51858a931cf60be17a4abfe82481,2,2,common_voice_en_18304023.mp3;common_voice_en_18304024.mp3,twenties,
female,03a046e370a811d2b38d37e2a477269c886b1a204d788725a4007c28de5052aab8758f85fefc314699b50c107a85a8de0c31517bb4dac72769e504572920306b,2,2,common_voice_en_17423996.mp3;common_voice_en_17423999.mp3,twenties,
female,c1002582a4def8bd4bd4b803503685716e84e01eee38e405ffbafdaf91553a65dd99e53c8f81a42a6d1dc95fe0181ec42298155af9795a6960d0d80daafa5ca0,2,2,common_voice_en_21730660.mp3;common_voice_en_21730661.mp3,twenties,"India and South Asia (India, Pakistan, Sri Lanka)"
female,48636700359786c36f680071c696fea55c28d610b519ca634a53c76f3837bb86df738826974217b81a73618dfe78580e8750e4c29a232ed8debac87297b2430b,2,2,common_voice_en_19708705.mp3;common_voice_en_19708707.mp3,twenties,United States English
female,b85c2ed40dd148508b30c1af6856a9e93b4fde6bf92a12856e0105f8f3c3d3cc5623b56528e177093105bd0d03960f7893356f013961d7a3697673e7b72734e6,2,2,common_voice_en_41486401.mp3;common_voice_en_41605154.mp3,fourties,Israeli English
female,9efb5578776db3d463c3f97aacaf1cba1a6ddc032172a7b7fc42bd356a4d0a237587268403d58c92a36e85c43504a4864f3991e35cf7b2a1ae883af7db361f72,2,2,common_voice_en_665719.mp3;common_voice_en_665720.mp3,seventies,United States English
female,e0eb400b7dbf479eb0460f594af40d1472bff33a98524e4001c49846daa9b477af7b36389f50330369447b2bcc49513e3800cdbcc38e56b3d56546a0952ba75e,2,2,common_voice_en_17912298.mp3;common_voice_en_17912300.mp3,twenties,United States English
female,7e4a5155ef7068f3d9140db752d800b628435fe1a263902b525a2aacb9dfaa7f1c39308809991df5603459195ad24a4400a5312569ed00d3cebfb11cae211fc6,2,2,common_voice_en_474449.mp3;common_voice_en_474450.mp3,fourties,England English
female,7f09df51c941585bc5f1ea358c8c27a564b5b05cdadf3c2a325fb4f3edb37cbe448e4fac90ef6bd4f47464f416d330488a02c02b584caeaa9f55d37fbfa055f1,2,2,common_voice_en_22802253.mp3;common_voice_en_22802255.mp3,twenties,
female,11b98b518071d4103599654c0db149cd67e2b9b4893d4b126f86acbb94d457a11f3ac7a0c61cec1aa05fb58e768a104e8d8dca45d3366a8844269a526f9632e9,2,2,common_voice_en_39548773.mp3;common_voice_en_39548774.mp3,teens,
female,d949f64575c138cf3c9eec7fdb8241318fc11f94598b0e991ae6e3ff2be4eb4f3223d0eb348fdb70b17bfc2edfb26561d02dce3af9bd6d6283815a3808ab38d1,2,2,common_voice_en_39964391.mp3;common_voice_en_39964399.mp3,teens,
female,8f5e29ac92fdae62b43e948ec52a48fea6af775a0af66d855acd52bad509e1ef2e88ab0316fdc001d50acd72f8e95e683f298a9cf6883bd5bb52d4a05923475c,2,2,common_voice_en_18425394.mp3;common_voice_en_18425397.mp3,fourties,
female,27f5f89604fd3eaa9692918769377945c0dfd53b1b0e4f2b42b871041aa514ceb4d0182ba5635038ec6d8f80f51ff6d54219fc5e307e463a4e228197114e248e,2,2,common_voice_en_26523110.mp3;common_voice_en_26523112.mp3,twenties,
female,e51abb905e9524b2a6c2618c31ca8e83bc6b844f3f909fed564813a663787ebd90cb81175514b06d4159786c9ab21dba672f3c7d6761b3608b3bcead7678954f,2,2,common_voice_en_38620480.mp3;common_voice_en_38620500.mp3,twenties,United States English
female,27bdbf842de58f4e3c3ed44207cae39770e2145c6c9ce9174cc050ab6e9d2c8ca2dda2737992e4893bcb5b1628b13c1db73046429c3b60ea3eeaae910c79cfae,2,2,common_voice_en_18754521.mp3;common_voice_en_18754523.mp3,twenties,"India and South Asia (India, Pakistan, Sri Lanka)"
female,19ee3fd05db42b1d9da4ec3220fa08be077dc338a883cc019f304b87f33c37069c845d39471e71cadb17a9d86454f4d7f531ef04718bee5815a9e9f4a87617e7,2,2,common_voice_en_17679459.mp3;common_voice_en_17679460.mp3,thirties,United States English
female,1018d1fe8d697adc4c2357fd22bca29a5d7346d21e5570bb69b316604d2bb9c354faf4060b73c7ac54a67e0e7d226d18898365eda78518fe763461437d1bae5f,2,2,common_voice_en_20289.mp3;common_voice_en_20290.mp3,seventies,
female,15775f6cdd607cfde3db885182bad5b65901f0d0333c22328274398afcf955a9ced2505838c29dd34bf6c67f01ee60d5128714d2408ef8939e989fadbe11c72b,2,2,common_voice_en_19988809.mp3;common_voice_en_19988815.mp3,thirties,United States English
female,ab8205171ab462c8dc7d2edf494d9797ee5b67586f64cf6f8a3c263d17548a217cf8a234effad0b69e8cbbe24e532abdd431d5834c7fe92c28fc9b217ec046fd,2,2,common_voice_en_498244.mp3;common_voice_en_498245.mp3,fourties,Australian English
female,ad4151d38d69ab359910ef7cb2d1b5e55341cf4c07db6107d3c7afb299c9e5455306244dabda93b54cfb8adb916f654f5dba2890ad5b4901ee1c192986bb21c7,2,2,common_voice_en_17285930.mp3;common_voice_en_17285934.mp3,twenties,United States English
female,2366cb8a6e06e0f953cc049c422c10b9eec926019c167e7b88e56d88fc71ee63b93cf06e70bb495a2a7d7439a23304287b897cc413c70b894b2e92cc3c59aa0d,2,2,common_voice_en_18828400.mp3;common_voice_en_18828401.mp3,teens,England English
female,387b9bb6a39f36a201793d24d8e8f3225b3f2b7284a1822553a24a97eb7105424ba78be9c000fc12c7ab9d2ed68118abc4cfb9200789bc369dc2bf700d6539e3,2,2,common_voice_en_27386231.mp3;common_voice_en_27386232.mp3,twenties,
female,76c567d5493e6c70bc035d1e5e455db742c12889b6ca1e6da933d8016fc8212c1ee665fe14c4091924b3f6ebbd2d3d467b4e41d5d59e7002841d4a53ee048995,2,2,common_voice_en_31822774.mp3;common_voice_en_31822776.mp3,twenties,
female,864fc084b39c203a02b94fccafcd96698c37514720aaa14feee50eec1e6b8b8e42f3d237c69fddf4cb4547ddd76ae59dde49e6f58f2efecf337c1d88df90561c,2,2,common_voice_en_623388.mp3;common_voice_en_623389.mp3,twenties,United States English
female,ffaf768f37b23a2438c5e50aa742e4d07acdb710b8abc363e88f88eb97ae40c44216736044aa0b41dc47fea676468b79e0fa4fb5556f4c5c39a0c3a96274be24,2,2,common_voice_en_17437930.mp3;common_voice_en_17437933.mp3,twenties,United States English
female,91021dac4202d776e436ccd6facfb6d810ed6f1ca7c4c6fce2787cb81ba148eb0c03d50add180e29f8ab4a5f07c05ac486843e6e29910adde0ea8d9e73708be7,2,2,common_voice_en_17562715.mp3;common_voice_en_17562717.mp3,fifties,"India and South Asia (India, Pakistan, Sri Lanka)"
female,d35bc38c3247a264270a48c40eb8e924b9870e6e2ed2b52259f24c4ddde21cf8216bc84f7458931a5c6c5de05e1cef2323424b1c9335e500b83fd9a5623a5c11,2,2,common_voice_en_18758926.mp3;common_voice_en_18758956.mp3,twenties,United States English
female,8f418fd4b02bde532ba927866f6602f24dd24a47ce82759a1ad1bbaa071b762ed3b64bcd1ecc8cedd87d648bcf3603f55f35adeca7d779495efcb0f09a616e00,1,1,common_voice_en_41599299.mp3,sixties,United States English
female,03fad53a118865b36566e7c054e15049ca9e80d0591eb0e76b86fbb48218592c5e01a95e2b15d4378bb1eaafde0f8acc15a25ac4112718f35b3614d281081bc3,1,1,common_voice_en_38458960.mp3,twenties,"India and South Asia (India, Pakistan, Sri Lanka)"
female,531bc5180eff196be081ae312393e5d952e9ff7c8753dfe21262201dd7c40708877af42d5e75b5aacf02f9ee57ea34f056c0dc9926cf3cc4ac1584d6ebf723d3,1,1,common_voice_en_17902441.mp3,thirties,United States English
female,a64933b68b3ba1075a101d2b6134a596b281e69049ca6df15d13cbb1732d79ba3c01b9a5fe2c9f09108366b3c67d75987176a894b03e484462d76a3230bd4adb,1,1,common_voice_en_21374777.mp3,twenties,United States English
female,2151f408c6e204404c07e539047313ce6852f14ff52547c3616fad30f9e03ebf5e225cd98e5e170aa95705d413b6c3d357b48aa19285f08165e5dd2030431fae,1,1,common_voice_en_40316154.mp3,,United States English
female,77f09aa16fe8ba6433f44b34764a744dca1092483dc719f0738bfafa1eb6d6335b88bfa840112acc19e0d9d5f3ee209b793c9767cc63b312e0b3af3c9b8c912a,1,1,common_voice_en_19706318.mp3,twenties,
female,6aae43ba7ab98555874a30d8445de009958c667c62ae86b69078c3084fc4c4bbbc9116ad76d8cfb6c4528712bb97eac3cd3f3318b1f574e32e79f9dd669255e8,1,1,common_voice_en_20172863.mp3,twenties,
female,ee2cb7af7dbbaf8250cdcbe1d385b0ee8bbe9a2bdf2fabece9aa1ed514965019a71bcf5d0b287ac4c83d9683693164c56f4cdfee41726756bc5b84c200a27eea,1,1,common_voice_en_17895301.mp3,fourties,United States English
female,ffd4640d6c3d4036401042ff95578afda238716c696695fe257d8631bb050e8c5cc93d886a4f2d07f6e6f059d03857cdcf1b5f3594686b7d23744103ab36c626,1,1,common_voice_en_26830417.mp3,twenties,
female,f46ec1d6e9766878ef8da3196d9252e13bfe76bedf46bac3a782867da69f2b649538c9206176072535fc6e96d2230dae10253a33c411d9bc347ffccab6a876eb,1,1,common_voice_en_38430687.mp3,twenties,
female,59e26cf7c063f10ba0e0dbc3b4ea4f0f927c54ae240f0b528ce9af59447b03fdedee406537546a092a36253afa96b9b1929b4ded44c82618d9a249b0729917c2,1,1,common_voice_en_17410561.mp3,thirties,Australian English
female,f7c3ab33077acd0f5d5b7a1d8e3f49dc11540e1fbe923cec85e56293206549a84850c61089863ba4bbc1e747865771f0ed599ef8469108864d7793855af05aa4,1,1,common_voice_en_20234122.mp3,sixties,
female,7859367a3903b52a967989a8520e412787b655f99573a42cd76820deee6b5c0cec5f3abb07b9cf5d2ac05d3f03f3c8e2f82528f7d33076d9ad6b705c7ca30275,1,1,common_voice_en_38189490.mp3,fifties,
female,bb27a7cb9133a0ea07e4d3e51dea7c0f279fe9372850d00695aa2787f78dbe15dff539cc70980e3f97881593b641e243323b657682cabb0199f857b1deb9641f,1,1,common_voice_en_24601943.mp3,twenties,United States English
female,9397f538f2742a2bdf4684dab8d19a56668acc875b829d85cb843e22d8ef8c9294823e6a973923138c1b1163f08ecde1d8d03607b877e4737726b928fe76f0ef,1,1,common_voice_en_22190565.mp3,twenties,
female,230b90cbaede3d790fc06aed5a301407a2b7be9a92daecf6c935636a355b6336f8312e4e682ba3c71a91a08902819081bcf902d70098faa92c423f522596a88a,1,1,common_voice_en_41686547.mp3,teens,
female,063b9b95dd52a143fe156608f0027803ab9007d8568d54b8ec6490e653682b040fba9ab5c0bb151cd73e2eec048c68eaa08552903423f17db2655914a9f84323,1,1,common_voice_en_40090899.mp3,teens,
female,9b923dde5f1b7aec96a591d523abf98b870ec59001b5e638f203034c78cf618d831af38767f84a0e7570f58b0fe57e54aae18e1d3d8360ad0ff2307bd6c4b489,1,1,common_voice_en_17328123.mp3,thirties,
female,f96ce525d123f99afedc7b6950dfc0ed6dfac48dcdc5895252d84a41c1e665822d8ac28dd7d9f2d098b733695ec6669eeafb4a571f4ec43233424d3d13bfdecc,1,1,common_voice_en_66713.mp3,teens,United States English
female,d3813d0b8804709bd8d4f3ad937e09e286ce50a90d0f263abb72d343818aba4db614141a256f5f60b4904f53e95f63eaa66ea10b2a4fc9fbea18a751f5bc0449,1,1,common_voice_en_17250431.mp3,twenties,United States English
female,8e2fb14a890c29d5b5b0e28bf060c6d14091df1fe71296eda3ae892f7c87db84198f63b3165606dd3bfe953e640e97b9d2faffa0124da62256959d401920d364,1,1,common_voice_en_159722.mp3,fourties,United States English
female,d9a3f3e32c1594599bf1342bc1a87713124357a95ef1ab1ca380f57914f1f370d6f87ff8926e87be3c5acb25a091a24414c5e93e400b8b7b4433c6e3fc70169e,1,1,common_voice_en_41826133.mp3,twenties,United States English
female,1ed08d5d71e18d16c8707b187713464a7e07e17364c7cff3c86dabe5ae58c6a21ef39a193d13c2cc51676c0c01cc3c45b1c1a25d9cbf92618defbc2ad9220398,1,1,common_voice_en_37433497.mp3,twenties,United States English
female,3ad734a9b3b939b5f62bddf6344cf30d7f367c0bb8dc1c82cd7d0aac68205b329dfc0649ae82b8d45b8eb498fa4bf215d77024659104f1cde1a339dc781a3f19,1,1,common_voice_en_18151607.mp3,twenties,
female,3e186ef591ed3d370f9122c416439c374348c9f8d77f5d4119431b0cb4641e53739ac3a2273105643341586eb72fb404a2c84a6136f1c05b9e8f7453e3a3cc17,1,1,common_voice_en_39248119.mp3,twenties,
female,fcf0cf49d7ad632c8f6be61859c9991c8e8eb08dfb5d6498d1360770f87f4787942cf173b3dd7cd0bea445c17ab89873f696eeea5c00b12a9ce97effb0ce164e,1,1,common_voice_en_20331229.mp3,twenties,
female,2f8b66fa8cc12253deee2c0f45f3f2d26f2085dc06a9a658e7734f8789bb4a964e9d7752f443dfe090a6aa72ce829c3e499d5f609830732792620e0be8058df1,1,1,common_voice_en_40656101.mp3,twenties,
female,f78e930844d95254936b43be98c169c4ad982197c9cbdf13056df845095fcb64dd741f9e2f1bcfb7ea99a0dd239a841c156688c8862a1a9ff9660202b73dc999,1,1,common_voice_en_19489627.mp3,thirties,
female,051427aae19a8edb1ecc7e438a117f63fc3358f1fd9d5ba9e35636bf8dfff88332469860d6c192fb09d67eaf614ca6916b0405adb4becfce54c8f274da1e999c,1,1,common_voice_en_125399.mp3,seventies,England English
female,7e29b4196b61b05c461687a3ed9c2451644e98be0e7658f70c304a621adb2e6bf8adbd726f44ba01fd518c982be574988517cc63169aa5de732ec8931dc4c158,1,1,common_voice_en_39066298.mp3,twenties,
female,1d35648efbb846e5202d74ab30e082a49c167a5a3e58c0849209cd50aa384c06487cf4d91cc8849c4a8753827c1819e28fd7b2c22da62a7d204eb29ea8f7178b,1,1,common_voice_en_17442655.mp3,twenties,
female,cf5a3a79c90aea91581b4d1bd3b9ef2fc907865d9e083c6470979d5d7142fb44a53483480136bb3af214058ea7c52bcb8d9f99a71784ae9c51c286de59707ff9,1,1,common_voice_en_86581.mp3,seventies,
female,1bc0713a5dac324c872a49ea5ff963968ca1f3d41edfcce2f467ff6007bf4c0cec8229194f787d1e9fa186afc99e7e6d8096c1b77cd7643b40c0ffab15eafa93,1,1,common_voice_en_35473863.mp3,twenties,
female,4c8bb0e5cd388804e655d2537c8e60105ec565ff4b32d94d47cf51d166af0af05df64c3fa18fed0db08bd1a2c6260447572982e6ae0fdbca4d921f2213b21766,1,1,common_voice_en_20282120.mp3,twenties,
female,c6eef059e036207abf15d7a4ee16509b672c334a6483f4114dc4b6ee34fb248f4148494e577a803495a8a6bce087f156dc5da063f1b5dd1407b6bbe555abcb4b,1,1,common_voice_en_37797910.mp3,fifties,Canadian English
female,8c5fa793838e2b8f620a85219db464033b2017f9bcb79dd308ff75b31fc954bc56fd89fc734b6da91d6f36c46ef9b7d26319ecafc76dc15e8eea207c6d2de8f3,1,1,common_voice_en_40898950.mp3,thirties,
female,3a6bb23a81858f4b58494d86aebc3391d9c280329d568b96f4d2a22651b443ca27841308fe1a7d2d041e8fe1cb5bcb4351aa4ba64347b31289c648c685bc8147,1,1,common_voice_en_19939820.mp3,twenties,
female,32ef02f1cc0357ac180c2fb435ea47d2805726ef004b471a93f556caf5f722a7d10c6c5a388ca54c45b766656f1ed8c6b3509822fb5c0b400555c10461a37fe8,1,1,common_voice_en_39636016.mp3,teens,United States English
female,1845c9f4a8a29c12c0cab08b463d54064e3d76cb17b86a6f744e1da7545eea94688c89a65f431c0a2246eb7c7303ba4c9829b345c63d99ab79e27df6b98c0093,1,1,common_voice_en_19936931.mp3,twenties,
female,c1e79336f7e068e134bc3b4f2c4a17ae50131f2c8fb47c8477e6cc390cb46fafc2840440e69dd9a42810cfbbfab8bbd8df05bb6d096c5212df2b1962a76fa4ac,1,1,common_voice_en_40351175.mp3,fourties,
female,64ee253ab1624c432859905eb0d2ccf27e7430a2d496387784c476017eb4acec86495164603f1ddc94c7f8b82efb9ba8eaa18f2f13fa7fdc86e74b209d4f3eb1,1,1,common_voice_en_551456.mp3,fifties,United States English
female,5c3a1f104abc012bea75fe86171b623571553d2e24d4d5efd4cb1bc761927aabae3b0807249c5269f42630344d805afe374537b2e068dfb4cbd5b357e4ec480c,1,1,common_voice_en_18733382.mp3,twenties,England English
female,aa9aacd07ee36e51ca1583a381420c0410842ebded5035cc3d28f460d9cd0b96af60c1032806354d10cc709c1c5158a8701f48f4e155d97550210adf60a9c028,1,1,common_voice_en_40323312.mp3,teens,
female,cb826f6930a11b19f06a9e5a0098a767ccf81f2287e0b8ccf94599a0a4f78aa6a6ef1d705f7c4f7a4e4f626834a41eff3603e89ed2d781fc909f0eb3c19dc21e,1,1,common_voice_en_40353525.mp3,teens,United States English
female,4d8bcae339c34e693dd67fa42bd4bb60d89e1c818498e90dfd768236ec3eda94ffcd789e7d85cc8c638f28669ba283a0b7c726e40cbd724d968e9495e2e1a41b,1,1,common_voice_en_38289253.mp3,twenties,
female,e5b7a6a3d12ab750881dbac55534ae79627e02ed0c28a51c89017b277069e25ba17364fecc15f77d88430eabe4220fbcd26cb7db668f53567a81b36b81cb5538,1,1,common_voice_en_41815804.mp3,fourties,
female,d19965f3d4ae9e7f65848122ef62da8ea67dcbac508024f5a7ab3d8e614853f53adb6c1c3d6d132353169c891bd73bb40e3607e933917c20afc1e7d5c947d139,1,1,common_voice_en_36326712.mp3,twenties,
female,7b1f0456b0be38970c7eabf8aaa12368fdc690d84738c4a3d775bb35849ca50b89b1eef0258b7fce8b687d624edafbcc06ab7c5dbdc2062d32448a9f52deb571,1,1,common_voice_en_40504377.mp3,thirties,United States English
female,72c99fc06d92b8b2f28e64ee08a407cd07f4cba5b6a8fda3aec5067a6b56456cd3e29ae67d732990eb64bea97ee87026b2a861893eac9bc5c4bf607a7a7613bd,1,1,common_voice_en_20972098.mp3,fifties,
female,44b9fad5303dc08293d2f6da6ef0995d8faa1d5a59aca7f83838879c486a1cf4433961edce099f75bcb490efc1cdb4bf75648c899d30bf6896710e80630d2ed0,1,1,common_voice_en_37318416.mp3,thirties,
female,9bb08df34d401bcd80d4816696195bcd0b79704d28ce8a1ba2c400e195c84c70c141ecc538742f1500aa0439c65f3a311c3e66fdf3a654520da6dc66f1b1173f,1,1,common_voice_en_17354592.mp3,thirties,
female,a0c1e4a79638d98e33793c6ad3f475575e13681af210f43e51f01ca184bbec0ab651ed0906452859ec09bb581651951bef4c49c816deabaafc39daae5e9af15c,1,1,common_voice_en_25021926.mp3,twenties,
female,97846048144dc433bd5f8d9a9aaf44cc8c64af0f8a0663ab8634dc8cb1350d5aa1e384a53ed1dbe3d6b74cda86ef7c7ba31d36127c9435a59a2a48b5b12bc6b2,1,1,common_voice_en_23631965.mp3,teens,
female,ed63f29ca1ff6917d52f721bc1e72c15eb32186c1603c631810c7ea0fa0419e816e7c22a667fefeb5f2338013e5770f82917fdaa421466eb9c4c2c80b1803401,1,1,common_voice_en_37382615.mp3,twenties,
female,7c9e9a05de77bcb4ec71a96152b13d568e1c635b6f4e707b7f3d6a15c24ebf81d1c9e45b10d2584e6f85bb4cf24aec1ee22feaba569d7d469a5ee689d4c267ce,1,1,common_voice_en_22301632.mp3,thirties,Hong Kong English
female,c99a0723c91ffc89024c99342eef57188de39a83d0236e6b20a63565350d982f505373f446ec7264ee776606f9b53044d15e4006afe451880418ba1f2c9fb7a7,1,1,common_voice_en_19627215.mp3,twenties,"India and South Asia (India, Pakistan, Sri Lanka)"
female,18f06168a0a090b31c26aa5fce20126d42b442952155fc77da92a64aa2c39bd0225f3885f8594f9546a8ab675e2a430cdd11708d2d0a35f6b62d2aa14046b121,1,1,common_voice_en_31684476.mp3,fourties,
female,b0aaec59a6dc652bceb15bd16fa1fa06693e938865b3fc03270f5eb19dcc625629346ddaea7f86c28254fd154c24386769291f00c2f16d55b1c2439374dde927,1,1,common_voice_en_39868317.mp3,fifties,
female,c26baf20e28069ad03fc7e42884c4a03fe40c841f54496f40381b2e48547ae470df001b32fb5ba43f7b3e6dfefa89f09abb8df6cd92deb72a17717ecabb45daa,1,1,common_voice_en_19937101.mp3,fourties,
female,4555a6213d3347f89ddc381b38de49c15cabcb981e8bf0f916e9d680cae8be36150a55385351a393b69725a9dc43c2be8e48e79b8fa912118e5c0c154cec4e28,1,1,common_voice_en_39038330.mp3,twenties,
female,53223e6be19cd2c1fd3bda41ccab648e4bc5c2ce2e932aa8cc8ba2e75faddb0f7bf3c615b4060eefda023d49296bdc05406e281bcfc123b606125291dec5d5db,1,1,common_voice_en_39323926.mp3,fourties,
female,530839ab1da0739f8490cff5cd6f9a55e103020d3263d23e4f363eaa18477779776cc4e94a8a2c60b37458232d040f64922399b632e10d1f4c275baf8348a716,1,1,common_voice_en_17331555.mp3,fifties,Welsh English
female,19fb4e9bf41ea4316666b99dcd97ad76968dd69b547cc934349537654e60dccb1b19dd4549c48e33c765ce4a59ad16d523211e6c3e54df66ffb00b4573ccd566,1,1,common_voice_en_26841931.mp3,twenties,England English
female,f5752b58103bb6fc46fcd4bfc94adc7837baa2c72ff0a7807c6e47e3f44c8dcd84d764dd8adae7ef54cfb4564f4ef9ca0ce9be7e0caa9ffbeae079efd60bcccb,1,1,common_voice_en_38994791.mp3,twenties,
female,fd9def380f76b08b543a700365e47b767981ac33cb859550f8f8eb58c5d1414c88f0121d33e5871613b1201776b2a0d15cb4cc16c904c893efb631daa1aa4c05,1,1,common_voice_en_19736952.mp3,fourties,England English
female,6d0d64799e4b4d21c1b10c5616f1e604d8148d25a4e0e59d0c6c0bb6ea0de54214094c6ee32e00c73c9e5b1d2e2417b52c2ff48e5b838f1f0a8f119fd22a0849,1,1,common_voice_en_31638031.mp3,twenties,
female,f4338a558ec4bbe6081e51847c6b1632609a497e9edd4229f3d893811eecb2a3be145c1f54a54b6150a868d3cd78cc85b6eeebcdbb04866789a07b87939ef59a,1,1,common_voice_en_26233296.mp3,twenties,
female,b0003cde9aee9af9a6aaa76ee387aca6c3e6cd73d2c8f66a6dbcce1dfedcf7158ff04fc04093b8b1161d279eba21f2b67d18ec3d9ef0929939d5dc47c8e37928,1,1,common_voice_en_25179892.mp3,twenties,
female,f6adc4c20c35c1137ec69b52259b59cf323807c78e049bd6b979e240cf4c96caa248e59eaed5eee57fdcf39fda22ccbbecd08dfb45c4645319c4909a897ae81f,1,1,common_voice_en_21195578.mp3,twenties,
female,045714cafb60986f17baf367bfda81b8ce86947ac0449b78f70b901aa15334a95ad81cc198490cd6ca5babbdb2ba7651bf581c904665cccf6e99ee818ddd7a42,1,1,common_voice_en_38257788.mp3,fifties,
female,f5b48409056893c6014a27403d226b1db485d0ce7332c3414daca2a631e61ffb2c671da3ea7accce1623385796f66325dec2213b8d498e9022daac6d2198cbf8,1,1,common_voice_en_540956.mp3,twenties,England English
female,922cff9802847fa3897ff20ff8366e6302e3de0c161c5e0921f68d275c71a7b7e3b14073bc073fefcca7ceaf06983d9ba62049e0c223a2f632fbbbfea37b465c,1,1,common_voice_en_17350425.mp3,twenties,England English
female,07df65e4465dbe1499668503f5f4446042b86e0403ede1defe56196a7cd4ba6893af79881a15b481384338c24e5e9dc5f3ab0f1ab8e9c5416cc1ecd6f910c58b,1,1,common_voice_en_534327.mp3,fourties,United States English
female,fbe6d6f624385f317148063703195a618a9b2a630837d9abd63c54b5179578e8b7e8dbb0dc5b16af216006643f60c18c6893f261cc72834d8d6764201b55d41f,1,1,common_voice_en_19485661.mp3,fifties,Irish English
female,b07e437d73c3e4666cef3a2174e6520a11de209cc25552602f1ebd48960aa883548c50a9e967e765580e3d964dfd0f497f7168c0af490cacb5e73f8c84f605b7,1,1,common_voice_en_39882276.mp3,thirties,England English
female,61ad053def011efc041c943fa73c2905d3af3b50b1538e15b8baf77bb322982ae8883717977ec3fe718f842916c6717df485753a6aebf5dba5acae2bee503743,1,1,common_voice_en_22335218.mp3,twenties,
female,7add967cb2aed3c7aa9b4048db2b0f356c1f7b11d42532db8bb3b962da20082658acdb836515daf76142e7a011fdb84bb8bbd01c379f86169e33e0b71addd99f,1,1,common_voice_en_35363363.mp3,twenties,"India and South Asia (India, Pakistan, Sri Lanka)"
female,84dc6f293e2472d371f73720e32c65226d502de5a5b05a870e0699c4289340cd7eaf8ebe61def897f74e9369ef1c432631e8c40aa6789627f8b5bef52d02788a,1,1,common_voice_en_22111817.mp3,twenties,
female,a4aa2a827d8210784e651d2909357af905bff792444b370958aa98b2feccd5ed24948bb1f442671966c0b204660424eb57f3b89428e525e0ea6f20f64c25da5f,1,1,common_voice_en_32377446.mp3,teens,England English
female,c9d73e7f2b1d33e527867d2d9e494ab6c94dc3396c67fcf571df1f43e41f4f42d6b9d184bc8eb8a983a5755598f61c81e0e1d95165a2c95260e7470e2cb90e1e,1,1,common_voice_en_18396440.mp3,twenties,United States English
female,e521152af60defc9d812ce9c17e5ab38d9b9bb506d1d1a71521fe7fd24f654610cb90fa8a90fbb475a774204e9d70c8804b60326d87e5bba3b0385a68724579a,1,1,common_voice_en_37010729.mp3,twenties,
female,73367620a8a8186c63571411a1ab8a4cb43a1583110048edbbfd371b1b278c90bd8012d6fbe4f270f044874fb94423753666e650a1cda2d8db450fcd1e03ec67,1,1,common_voice_en_19985202.mp3,twenties,"India and South Asia (India, Pakistan, Sri Lanka)"
female,13585c6d9e1bc913ca87b5c82aa6016b509de6bdbeb65d700ee28e7f32113c79bfb1bd19c08a582bed89fd8922017f03bdafcfea9a10b02fc8e41d9f07863096,1,1,common_voice_en_20800498.mp3,thirties,Canadian English
female,347e2f12550993783f6dc8d9b61618c854dd2fec01675ed2e655d16367d8b67c7376dd1fb2f980cb9fa550cbafdd6a10c0f86c5301f558a48b0fcd0cf7a6ea18,1,1,common_voice_en_41146516.mp3,twenties,England English
female,030d0b51d96c93d1db9e4ba94dceaf341d98d51eb36820ca4d4463b61c52e12e215671a447d5a7596a338aed8d0aded5ac908ec86463059cd42d696cf374f47a,1,1,common_voice_en_22338655.mp3,twenties,Hong Kong English
female,04af6dbda80ed5efea74527c9014aa4b16c5e88c5b8fbf642cfb369c482679a7080b199c1771c75279fa797dacbb5b84bff44143276aaddd21a1484e5985e7c2,1,1,common_voice_en_21568053.mp3,thirties,
female,293991b0537b2155a2cb97378675e76a04e56c8ec9cabe282b02b85c8485da6c75be6a020c2ead647d4ea9bf961ecde0b198843087f505fb47aa714bbd840061,1,1,common_voice_en_25619619.mp3,twenties,
female,affdfb544d2cadbde19013b2b20839776ce3a686c707dbfac3ef05d6ae35cba3a30d1044539c0f4bbe9a1f8e54e3180c4099a0c12a561b48212adfafa021e91b,1,1,common_voice_en_19685105.mp3,fifties,England English
female,a499e2ce96f783b4b2da2c4b556f5b4f899e8ff0e2cd6ec4b4c22fdde28d9fb3663841b7f12cb55d45d0aef663c5567556389cde6ec78089257ad00e8e8f4b11,1,1,common_voice_en_17808586.mp3,teens,England English
female,0c6bf67821762116d753c9b48ebed8a2ccfa0a956d5dbf19feb0ac0bc2096154ca288ae7c5e324a3092db395cc24c64c6a4e4fb0e01429b7343cafc7ac1b2e13,1,1,common_voice_en_17813315.mp3,fourties,
female,04fd693b9ef2e4099096d3a65e451ec01a42edd6d2bb1422b06e9e87a4fff96cd5c630bef798c07e2f1c8e51383951000d490c7cbc07e92b82e6c75f6e9f4ab2,1,1,common_voice_en_39016908.mp3,twenties,
female,244c5b76cb6b6421936d1e3d7cc848c5a9603b7380bdf7d035143e2c7001c5f45b9dd301b30045db5e30cc96c141c15f53adcac9e522ab1aeab824ab21745633,1,1,common_voice_en_39567960.mp3,fifties,"West Indies and Bermuda (Bahamas, Bermuda, Jamaica, Trinidad)"
female,e35253ad038c54bdee324875260c5abbc4562e64ca032a22198e5546f05737d09cb86507b8bd7da2e1dc38501910ccc44440f1f349269454a000c20f6ea94b58,1,1,common_voice_en_31649071.mp3,twenties,
female,5939a6511ed81b062af2990c874bec28e679a3cb35994f3cb0d419c8f8ea29e8ce08e2f11e103f5ba59158c3ff56285d1933ce3d760c5013cf36a8e212ba1d65,1,1,common_voice_en_37451535.mp3,fourties,
female,8b614ec42121023158e07917502cf8ebb433e85ad85a726e3b290cb9f297dc1eaaac73dc1683f42df3405c0854cd411d0b00a7fcd1b3b217a7c8e58f90c7367e,1,1,common_voice_en_39015262.mp3,twenties,
female,6cd4c997415e175d1701c9a3adbae53edffcf54c1317c6f10470f37187cbc8e1f42980134b9f3f0af01bd2ab15a9ffaf31d8496d4427885a5bb5f381765f98cc,1,1,common_voice_en_106966.mp3,seventies,United States English
female,72facfea3af1a8003b2a2365c14fdd635a6b3d4d3ed1cc8aaf2d3c60ce06e7246acb854155a4f50e233d5657dc8739aaa662b650ef8c393a6ac47ea277a0c704,1,1,common_voice_en_39351955.mp3,fourties,
female,7d4bfc283d7870d26d00873384a625965665ecd7f1b5e7f3d2a85b6856df59c9bcff842851d5951f2c4f1e4f6285dd98c9b8c5682a89890e2ec417e2fc23221a,1,1,common_voice_en_31266588.mp3,twenties,
female,39fffaa43eecb8af8d5c91185c57d6cb0aaf755d6ac958cf19e0fce73f58995ad392fa7418f5f4b5810298a51c685a33a0c7d882fae433924f9e23d331784d39,1,1,common_voice_en_19524811.mp3,twenties,"Southern African (South Africa, Zimbabwe, Namibia)"
female,77db79a4c67d8193c3acdc552be3a0d1ad4d402f8d455799562601abd8058a8b285434d188579b3a0341a332014dad3d3c713874945571b2b5b6902fee8ed30f,1,1,common_voice_en_40308517.mp3,teens,United States English
female,1c4c939497e75bc65c01bf25af37042c48f21abd2baedbdd05dffd2765ae133e386321dfcffcc838de313a80df2519d25f7baa86e02edf26dacc92ccf286f9ee,1,1,common_voice_en_38575795.mp3,fourties,United States English
female,66a1d975730db26694e5c355287899cba5b944854e2d10495425e632c55c6f7e088085270bda58024121e8dbed4185bdcbe296aeb891c417456584fdabf12f29,1,1,common_voice_en_22181000.mp3,fifties,United States English
female,2f31f0c65d5c3cbf8edac325823a122cba9aeaff300a9e756503b3b29965eaa95e538ca765709aef749a4e2395853702e18357f453aeb215fc60f0765c3bb568,1,1,common_voice_en_24427130.mp3,twenties,
female,27a2c9c1a3a865660ff6ff1b2009aa32f8d111419473ccc626e455255e5281b62453b7d295ace6d0f378e9552697d9f94582d285a176b2af81957eb21465e2b7,1,1,common_voice_en_36435650.mp3,thirties,
female,16918c4bccad833d6544167d63c02230d7d98936fe029bb3f17bea79ee7af04cc2f2fc9a5eddb6b56b7f8e473ea389a1fc204f837d97da5e921a2e325c76f8c8,1,1,common_voice_en_17369339.mp3,twenties,"India and South Asia (India, Pakistan, Sri Lanka)"
female,9000ef434f6981f8459bdf5c0fefc98975d7e0c232b6843d1be6a6bc09361d09cf2e7b4abb4686b81f1f72511cbb6a40b591622165120a8911a20674bbc96490,1,1,common_voice_en_20631954.mp3,fourties,England English
female,79d70d8b5ad3a34b84ebfe442ab68d5bf3f6faf761786624fdc288a7eb4332059f4a1f4c7ac0c5cfb3d8722222e4d0971fefdca8e4f8cf7e442745913495d26f,1,1,common_voice_en_26351936.mp3,twenties,
female,8d1231e23ac23406d36fac2bc054731f42f8c58a5cd3ccff4235802e8fa59ca297b783306a76245ffc246436cfce4a9e618b5f3cd541447890e71f161571f06b,1,1,common_voice_en_21481329.mp3,twenties,
female,e364263670a0e524702626b5edaad3d3b0c066a596bdf0af302ca3a0740fb566224473c25d95487c1667f61ec3243d86a73e4ccad4cf03e6c14d6dd408292805,1,1,common_voice_en_31679243.mp3,teens,
female,c67529e40cb5091827962e1dd28991ae5e2b9b44d94585d441295780bab79ee89041b0354d3e8d5a4e8ed18714b20a72c4b09d84efcb2e13c7d2e74f04f1d53b,1,1,common_voice_en_25884084.mp3,twenties,
female,a9a7c709c47116270644e620fd700e24ff799a4a5c8bf623c0c81ef37fd046a61e2df7d46e75bc4584fa41efa82f2e61fd3c5f0fd746767e89b4615435e4fed3,1,1,common_voice_en_18067062.mp3,twenties,Australian English
female,0ef5e03846918a7381c381b32ab043d28f38df995eda124866ba2507347ce1d95dd3387bf1accf9916cfa88124b96cd4203bbf64a744fa988935face340c2426,1,1,common_voice_en_37704105.mp3,twenties,
female,7134e8e93a1c78d461f9948d9ae631314c738dcad55787fe54a15992a30c4e38859d562601bc0b6e95f341baaed56e32f6bd32a58dfc7df50d588f76336be4fb,1,1,common_voice_en_20848164.mp3,twenties,United States English
female,e5d9ab4330ef4f22235ef674269d51c0c06c7ddfbca9ef039eb4ad86a8be2b9088e4c8ed8890aa28a691211fc4b41726a248044c40a53b5dbf004d5dd370b239,1,1,common_voice_en_37976915.mp3,twenties,
female,5fd3077b3b9da19286d3f782cb89c753785d46d7adfeac181e12f0441f29cc31e0dcd6b8e2e0891c8e39000bf811a1b2ea8a806958eadd6f54f1ee85dfe51d4d,1,1,common_voice_en_31367786.mp3,thirties,
female,846fb53ffacdd4c076d8e2292690a087059289fed16a8984d892940a67be34d05ad0033c53ccef5120989f1b7546a3ae1dc2247297f3773d6e6839cdca2ebe02,1,1,common_voice_en_38564146.mp3,twenties,
female,72852fbe8a34ed7720a32bf6aaece2b112cf6f1489af7ad55b1594b31ff4f1f4667b5065f085bed6aaadcb7bd89f1038d5d310f9e58afa7e9a0b0e6a73a85c61,1,1,common_voice_en_31671570.mp3,teens,
female,0362a73c9aec0bd67a3b75284197554dcc4e56ea7d4c0a5844820cdf41383de8d1b58b5655a17ce874b807c6e863acdd8c885fe6470abeab7f4f87e4632e4dbd,1,1,common_voice_en_37185966.mp3,thirties,
female,ad431c81096953c2b132fa012ed997f615ff39901598f8f3ee5809e6ce899a7ff12e123eb0fbe7f56decd7b77c9c6abf365432230bd452b2f816979284bee43f,1,1,common_voice_en_22300294.mp3,thirties,
female,6f035e7a1636789ca66857d65aa4c9195ba7be03e9d1c8a88d5637f58654a10f734578c4725b01c9f2946811a69aab9595aea7eee3755665261288b4d7ea8f74,1,1,common_voice_en_31696187.mp3,,
female,d3ef14b102e957578b4d16675c4ba2fba2ace01591fa8a99615f436e6c724ec3b705ed67ee10809a768c2d587a56058dff8a9d2eb0f7614ed2416b195cb40189,1,1,common_voice_en_40150220.mp3,twenties,
female,6801a76114226a84a79f8bb92fd274a1d89f38098662ca8a11bef75f068530c0c06bca1009b98953fcb63a62428613e9f4683d7cff1b347cc08f568d9c362561,1,1,common_voice_en_41796472.mp3,twenties,
female,309c2ca981a02008659fa167c167d4965f48bdf9188968a42fe0b824acd4e24ef07ab5237a0994af894c7cb422f215d43649392c4573e4254d5f6844f0ede1cd,1,1,common_voice_en_40029685.mp3,twenties,
female,76e71a2a671200050ffa7671240ebedc1089ff3f7f388befd76aba9ac9834d68069afb3cb8c2c8120eeda520df6a9df4e8cede1d227d0d56663ea2a12fb864cf,1,1,common_voice_en_36305046.mp3,twenties,"Singaporean English,Thai English"
female,5dfc92ae74b62516fa49868ecb58b3253742779e312e22846506522cd5b10ba91a68fdbdf53c5e5645034bce0a9316ced3777c1765f4bf24bdf922a958cededf,1,1,common_voice_en_39218281.mp3,sixties,
female,8531d987d6c601d2183040de0bb0be49e4ad13e73114b648a677f09ba3cc6934aa732246043b0bfced053eeeb2ad60bdc99e37ea0c50c9cae40a20a963909fbb,1,1,common_voice_en_39909175.mp3,twenties,
female,5217816f07338b09e1bd425334af403ec5044fce0b5fe3e9c5d9da84561de90110ae4ecbcda3b546ae4a70f6484433d552bc61f6dc9023eb02951db2a9fa701f,1,1,common_voice_en_36460460.mp3,twenties,
female,e412db700a7bc56a67be17f4cdd277c5f1c6ef07d66a5aa4836dff10c7b720f5e2e4fd46e9db2714e216c339b480d12d8d6669ca3be8faa68cede1a17b55c814,1,1,common_voice_en_40232635.mp3,thirties,
female,6373d8905d7d7d7ebbb2eb77ca99e91b42c413f402affd0d6fc9a3d9a2cdb7ad025012760db171b0a99451a905b7b6e64bb6beac480a96ab189f0e003f314bdf,1,1,common_voice_en_26408640.mp3,twenties,
female,79a03df42b895180476ea85f8508d60862b57ad0f59b001c40bc2ecce9ad248a7735438bff48a7e95e320cb1d2ba8409b91ee035f6ed9568ddee49cbfc92e0af,1,1,common_voice_en_18372536.mp3,twenties,United States English
female,558b91bb6c0170be4050c15c807e785047a133b5a8f26cd5355fd1d0916c060a9e4de6d2f04b6e22441e7b52e1355c073f64b22274a044722cff58b92b296ab8,1,1,common_voice_en_37698584.mp3,thirties,
female,da64947d5a4aaf8bc4a62e9e40bb55d6eb1482fce998dde75996df1bde5f7c259d624aa099741ddeea5374a1e74d7cdbb08d0c1f58be009326f6f9078434c342,1,1,common_voice_en_19936967.mp3,thirties,
female,7431ab7a277b7d0a386863293a6c93700e500ab7226996fe25448f546c062100a119333fbe63e7850220c7155fb843ad33f1fd1e784087dec15c15f5b7c0c97c,1,1,common_voice_en_40062656.mp3,teens,"United States English,California"
female,d2cd19fd876151d7170c63c9b3776da1b4f11ae11baa15c245ef48478fda665c1a7f28917da8178d77a534d56f371cf04b5e7384f6a5a8866ceb50b5a6e303f1,1,1,common_voice_en_38123782.mp3,thirties,
female,bc2ad9f83fb6cd8a4940f4d2ea5209651ba6d7120e018ff7a1926ccc2bcdefd771fb9253e71eb307546a0e32c32fe0426b6298f3a9602ca91794549d4d267f18,1,1,common_voice_en_18002805.mp3,teens,
female,a7e9b693d8982932198f1bd3402c285630f66a3ee8a7e6ca72290aa089b1c5c4e762dbbfe356a11f202406baa5126ff3d771e769b9472258fadd07516f814904,1,1,common_voice_en_19704669.mp3,twenties,"India and South Asia (India, Pakistan, Sri Lanka)"
female,4e22a390fbd71fea29db6d229472facc3d396f5e22131228e0f2c064fb23bc0c26db1e18009522b69a0e8d51990a1911ab7766e3bac228a561b9f6c23084a27d,1,1,common_voice_en_22975991.mp3,fourties,United States English
female,b46859815a9af6bbbd2c9d16c6a4cb5d7e18e73f8d80067ed54fce53fbea3c9aed7ae9fce95651b6fe46ca487f8da2b0c20fb2130b81898379545c7d2789a103,1,1,common_voice_en_40373568.mp3,,
female,1c01c5c1d850990340e12c2df4f43331dbf06bdc4e637ada941b3ccf86a80cb086a3c894d1140c428bbfdf28a186927f714c3eb4a055377dafede31b154b071d,1,1,common_voice_en_40961660.mp3,teens,
female,b67fccbd0db435697691ff44525168a4e6f3b8c02c3d822c2f0d1098647ed1b75f048a8d3a2bcf04a08b91b21e6f97072ffcf63c3ee1f541bad01dec8dcaaf95,1,1,common_voice_en_20936410.mp3,teens,
female,03c2a44771a8de149a50780e6470a3bddcc5723f5f4b5449e56208ad98c41b7daf97a5a00767824ef31c164f595beab748904390631f0f4dcad0bc1493f8a962,1,1,common_voice_en_38946008.mp3,twenties,
female,159ef3f2adc71821e75b0ec73dbb4de8852819f1cc868e5e1b8cdd3b82ae4d134a7f71cd1d66885e85931b3298ca0a73f8c827453eeb405ecf9fa28f6fef95a1,1,1,common_voice_en_35832645.mp3,twenties,
female,c742e4fbba1eb5d5137d828866e38ad98771a34a3357bbfea04997b758955e23ad1ab11120927161c6af19afe38f770e00c14d2b80b7f4ca7614a8d4f8dd1d94,1,1,common_voice_en_25716466.mp3,teens,United States English
female,9362b8cf2b9b1d05c5c9cc6597258c82a1053fe37b0448c534e97b2f34538c6976ccdbccb16eb4f196a5731c8a68e2a39b4f61a7dda85d67db6204d78cb1558a,1,1,common_voice_en_38249545.mp3,thirties,
female,65f769c95bcd2229ea4ffb1992e7eeb0463a541330773d2e4932777e7a6d8a6ddd45d8844a5ea15d658149eef94c9696c29599928ec91ac7a170fa289b86eb46,1,1,common_voice_en_38553606.mp3,teens,
female,25dd63ca826bcfe65e4761ced0425f41d74f3a68fd8114eaf7569936ae909320aa9b7ee92f067e6e3e18517e478b66f74520e2dcf23e0a1a33fbefb60c7e4e80,1,1,common_voice_en_19596930.mp3,fifties,Filipino
female,7d7c76e7c86b305e34ffa566404ea51c74da1071b6f509e72531667526c8199031628a99e6d70b40190cefdc91fded90896e47e7a8c1e90fd0426b982dddeab1,1,1,common_voice_en_4561565.mp3,fifties,United States English
female,fe8b274f86bcf95cb60698687e610df01dcad0a7fd3bcee9b44acbf4b77ca9bd33a7004e45beaf260bab1949fcb83bd8fe0101b4988b998af1c1006f99b7e55d,1,1,common_voice_en_19954794.mp3,seventies,United States English
female,54a5c6ee1aaf662fc555eac119c47b75de4dd5c8d3b51ac6b079a51d38a3e78bb9d33e2c9243baa474258ac40c9941638cac619a469fb987d276ec032443b1e5,1,1,common_voice_en_18534646.mp3,thirties,
female,cc22cfc81b93f9703a4b2841f7a1d3d605bb721077d1fd9e117e64226df04b74bb5fe2e65c71d0b7dcfff43c88b85a402693fa722c7ea670ec55c6c77f30d9ea,1,1,common_voice_en_19735675.mp3,fifties,
female,4d87e53336b17276d873cab3b0a6718e4aeec83e4e739517e5ed4323ad90b099770ca2f31beded7d7d2220e2792fc67bbc2099396ff6a5fbc94e471b8a68451a,1,1,common_voice_en_17839501.mp3,twenties,United States English
female,59f9f9164dcf8d27aa6064e1549c2373462ed54a590bcea3e495da1cd4046d7f69e09d4fbfafa265cda34c3eef39b5477d38daef44b5b37e57f7705e863dbbd7,1,1,common_voice_en_41560913.mp3,,
female,ea1feb209dae9d12f16045a232fcd51c4a594fe4740e6684bf807db6a5416b274f6728c4dd0b71053534ee7df9be82d84dd1452b61392801e5160599f79720ed,1,1,common_voice_en_20981171.mp3,twenties,
female,ad0baf1a0168452f8035a71ff88667052e40692fb7b4908336d80032cd56a01971376e0c39687ba23cc3fc877dca8285f304429611df220664740f45b6516a9d,1,1,common_voice_en_26790804.mp3,twenties,
female,baff89e896ceae9365dc8557807443833d36582b23a08d596a7e000159d5ed845b333c282275044dd35bccd81c2739e5e6223918b0400a5510981c223e2102ef,1,1,common_voice_en_40888131.mp3,twenties,
female,e69313ac4419f34792d4e81b0f24a0c365d7a1a515b0ecc4898825e48e257988b5c90a22564b96a96dc9f266d24f0828f5f2f0d12502f29b5ca1e9174fb41593,1,1,common_voice_en_18195125.mp3,twenties,
female,8534c4285decf6a5f5c22ddd854452b1460eb6e07db69f54ba84fc6fc8458e80a154a7ec98ac09dc398aaa5ddab91464aeb20b6c8d123ced0d30e14d14777a4c,1,1,common_voice_en_39595599.mp3,fourties,
female,e02aae62250ec848c2f990aea13b28f5c89618b3b1820a6496fbfbb037a6ae8124e0edd363f051137b65be2ecc831c17357a797a55ca1c57e354600301033668,1,1,common_voice_en_19941683.mp3,twenties,"India and South Asia (India, Pakistan, Sri Lanka)"
female,09aa82e1d326297ee6426370a6f868bc9fb60bbce3e4f02f5e78385f4323318ab2a17da00b66d8a3b439f5dc16a2ea13909f9e17ba608cd1dad42353e05204d5,1,1,common_voice_en_265829.mp3,teens,England English
female,db13ef1321d465ecfcc9505357049312681fddcd566d454d1deafbda042a79848966b67e19f04a3b776ecb1494248487c2eb3cc36cf2d01b67696dcd8ee58103,1,1,common_voice_en_17258255.mp3,thirties,United States English
female,f611f3c928cabf8f7e056b5608084df6903b2437c5b99160144f66768e1e806c5c2ef6a3b432bb79e61ac64beae4562721c1b400ca787a6951d81eb6d184f3cf,1,1,common_voice_en_17268767.mp3,thirties,United States English
female,58e4f2f9d5a5aca01e62d5bb181cf27ccbc945935c949c24eb7f121f4e5e3f9aeda9f3503320df630bbd5883ab295dd6450323223422090fccd210431f0234c7,1,1,common_voice_en_40257271.mp3,teens,United States English
female,bb15aebb124a4747eb4dc5bc4ec75b2c6633d3d58ed8983b6e5dbf2ba085d53ebdd03cdaafa949ae6760275951ad9f6ed6307fe486fc3d0f8b18ceb685f00593,1,1,common_voice_en_36486273.mp3,fourties,
female,217a9d3b11a8c14b2a54995a0fbeef092fc0edf58096d20994d22d3cbd89d360d271071c1ed722e0dc7b6946c4887681945760771081433288fad746da1c77e7,1,1,common_voice_en_22140642.mp3,twenties,
female,8455c77b0b734cdd5fdb79b0b3a1c80d5da9da0de502ca7b1dacf55f954f671568ee87974ff9d20e525c56be788074ab4c90968c1f7d43711c52a2748f608ddd,1,1,common_voice_en_17507716.mp3,teens,
female,536be20606cbdab13dbb3c7c2a43461f9339ecfba4e6cace9f69559eff2af347da2ac9bdb8a78b295727bc3dc4a5e20cfb24cde0ee1991a7dbf0cd1ab0b8e486,1,1,common_voice_en_38420003.mp3,twenties,United States English
female,db32a4de29391884ec87f8b90275dc14e6d9a82afee351da5f26990ae2687eb52d8c3f7ef3b3a480091b77520b0225189aa091c0c7d26e75607c2c66a10154ab,1,1,common_voice_en_18977842.mp3,teens,United States English
female,c632c9c4dba8382ca340b5cc5412d4aa09bcb7210ff62b38a5c2d818d54843c2cc3526fb5f859873e0fc12be3d27784f94b0510780bf3e92dc19cdf1b5e9afba,1,1,common_voice_en_30951482.mp3,fourties,Catalan
female,15379d0d2f00768f5e4aee01cfd220583dee8d18a41c3e95f00517998c08100c856656e75d27454821ea6d2ef8b48d0c951d1381b5c481a1124745c506c58af0,1,1,common_voice_en_35541810.mp3,twenties,
female,42ce362acaf983f9c4e7f03fc07b7fda76a8e7f7b435c295077c912216842471384bd879ce8f2a3b990c8713cb8a314c2d1922b87a9def2846dfe6bced7aa1bb,1,1,common_voice_en_22305796.mp3,twenties,Hong Kong English
female,1815a224fcc1be8079d02227edad9e9d69a7dc632c120eb3210002a50667a08c0700ad65c08d82ad2d7fae0dbd7d7693172ea664b44a9c97eef89767507f4443,1,1,common_voice_en_39094062.mp3,twenties,
female,a7f1f1bc76d0282b53589c85c945b274c1d37cf882d2ae49321837d6e1d1f69d0fe710e73d519fc38cd9261d85bba640e6815e28cd8af1c0db0dea2542730d46,1,1,common_voice_en_18237617.mp3,thirties,United States English
female,e8042fbebb571dfdf797068a1d9392dc2325adcab53d0ad662ee8899f2f38efe061adcf16a26e6582f58ffd4218004a62a5e940f830f68c9ed5e754fb6c4d034,1,1,common_voice_en_39798163.mp3,twenties,
female,32b30744a7e4481de8aebb324209c82f138b43e3df959b39b4a83545150d5153bf98e1330f79b88cfb8b5ec8a7733882c0a7653b02181225ae3b1d3cba7f9e4f,1,1,common_voice_en_19451125.mp3,twenties,United States English
female,ae42fbe6c3b8aea91ff9de08c6a3bb33bc722b1a2c9263b869d1ccb8b0d8ce3cb4ebe701817707f9e0021090935885187c79d8abb25e518197f60bd7fd10beb3,1,1,common_voice_en_36544758.mp3,twenties,
female,a79ea2dd792b7e559a6e7ad249ad4cf2d973361e82ddfe257dc33f924393d6e5c679e36d43a6858fb3cfb2ce3e6fa0b58ea476585bb60d68e380337f6dd47f2e,1,1,common_voice_en_19769662.mp3,fourties,United States English
female,9f360057e393b5292db76821e256949938e2b88853c6dc67553f59348213b0587695f95d499b87bb1a68120ebe0eef7fc32b1f5336e3d301a6116e0eb51bc704,1,1,common_voice_en_17916879.mp3,thirties,
female,c188ca5faa54a3bb9bc364e52f17eb8e02f76162a0f665f5954c266b51a27a1aca108770ce5c9931fb3df59efa20716e056b7f2cbcb28144a472b45e12598c84,1,1,common_voice_en_38422490.mp3,thirties,
female,0d3aa1672889268b7cac092b29bea2b3ddba317cb1b0bf15561c0df2a0c1f024faad2082c5840e681dd1ce0db33ee1dfa07509e5400ab7caa733e456f5d49c3f,1,1,common_voice_en_17450465.mp3,thirties,
female,f307d85000a6730c54c82546d426a590fd3843eda89c63c8cfc8381517d313581dd427f212e274c7e7e31d10407ff53ba55d6e5d78b7c775a1bb1fff3d8ee73b,1,1,common_voice_en_38605966.mp3,teens,
female,6adc84bd2cae269f4ce51a6ba32b710c6ff32127c91d07a352055cc563628f35596f5c5c6a7b5c7a558e5a58ffc0fea3c664da19829df4d0b89881150c57a30e,1,1,common_voice_en_32123928.mp3,twenties,
female,125ac8222294e79a92d455dddcab5437dd2d632383593d323bdff543ea6c3396d3f2339ffc9e4342a5c892000e73b5cc405ffb1700a6c9eb9a6be81d9bc86475,1,1,common_voice_en_40934091.mp3,twenties,England English
female,b05193e293be8fd4e274486c5807611338d00b8aeb0dcc5cc9b17ba465463718dd496b6a750742b6ef19bcb2d131b5d8546e342a24be7cfe45cb9b1f89f33a3f,1,1,common_voice_en_42594358.mp3,thirties,United States English
female,c15ed1e908f83432322f0dc60309eb9fba4054a36517a5ce65636b06b6d769d93ccf2922640f5da74ac0b94558ff8854d945ab68fb0422e4ef345cf6183de9ab,1,1,common_voice_en_25076998.mp3,teens,
female,116970211a6c6a2abc89a2d0275cd0f4f87ab76b6048e3efeb859a5ba668d875d0427b5af206fc369704ac0c75a29f46943893dcefc9e2d8a9593475559bbb07,1,1,common_voice_en_19610056.mp3,thirties,United States English
female,4f67d1bdcbb2c62eabf4ce525b2141b84a4cfe92a0cb34d4781af9c540627002843daf3a2af790c3ce34a14279ee439b916b17ba1e1fee6c8a80db36e75eb6b9,1,1,common_voice_en_25659718.mp3,twenties,United States English
female,65afef4dbf8d88a36cacf2224ffc56d9ad32cd75aba817e89f19e469f3ec10c1fe9c7de3ee7382582fca794edac76e535a887a4ac3414261ebd0d3c989c4c3fe,1,1,common_voice_en_35016253.mp3,twenties,
female,4387994c29430fb6cef49077218fb12df94c057b029196af68cdff146b0a73b941ef8b8c42805e130c06c54e4d901ab42a1ff436ec3d7ca34c5b487923192b40,1,1,common_voice_en_22772592.mp3,sixties,United States English
female,31d7200fbb08f0ce61ec1cc7e0ff25a1c39ee2e461c6bae486e57ae72ccb138f1f7330b008a914da83dd3d81494059b7906512ce9e6f382679479924f010607b,1,1,common_voice_en_27658680.mp3,twenties,
female,a2d9dbea846f92cd0faa2372e14d65b8a9532de74957718217ab98b617e2a58b02415c86e7375b59f90e927ae58a78c6ada748e06ecfa617b1ae4ddb693cda6f,1,1,common_voice_en_19941072.mp3,fifties,Irish English
female,f1c0eb7ec020544c9e423de46ec550c5446be260dbac5a57d0164e59e97abba5118c3ea92b13570b6d5cd7447a2fc62c57bab1356b27197242676a7eb2a43251,1,1,common_voice_en_17396116.mp3,twenties,United States English
female,dc40c94b0f302d96d0754793e1b46cbd99f2599beca3474603085a2a908d1ec18b3e7d5357011fd9ad7f05394bb76b07e86f03666a4ce8507f2355e7f1e83e43,1,1,common_voice_en_42466107.mp3,teens,United States English
female,b4d0270c1c394954d3be16c0f1c2d4f1cf724efd3e9ea9a0e37d3124c882c94a5d79ae21630ea88d3157c68273b19c39d1b4cc820325b47909c526863b5f6a20,1,1,common_voice_en_39347735.mp3,twenties,Australian English
female,f518e3352413b568b5464fe86b9104b477d5306986115eeecc5170bc231a9bdee2e0c8109778dc9d8b77215af327cbae2307f40df43d93d49d611ec46fd7372e,1,1,common_voice_en_17788127.mp3,sixties,United States English
female,e77de41f69f1cf9c84fdd2ad771e912b63906fd34cafe1010677ae2cb11a9d179a846d19dca119a5862ce5e99b369325d28c9c68f09587ea216599fdda52911b,1,1,common_voice_en_41790339.mp3,teens,United States English
female,8aefada609c51c2deda98717dc26b78f2199160c7ef7526498c44e9c422435d60eb701b37f6b4e224d36b4455b81bd3ecdd55c32dcf3fc6919b02a2aac98207e,1,1,common_voice_en_18707945.mp3,fourties,United States English
female,6497d5d62cf369f30eac98dbf1c6d87760010e24e8beeaf9bf5d6fdc1e8b7a8775fb375db02c42b69ac1a866e8d6e598820ffe19ea4aba2590acf877173fa152,1,1,common_voice_en_41800653.mp3,twenties,
female,924f16a706614fec15b273d1c17377e1e7b10254b2384aeeedc691d41b5cbc5ff50645cf9bfb2a91c2532a719c6cc9ca2f8ede2b8b98f9a6881799191294bfc3,1,1,common_voice_en_20263456.mp3,twenties,England English
female,5ae2ccf9bfd95708afa6e45035e943d77aa39f59083d027a0e490295c0c772e031aead441cc4118db069710472c9182c6d05959e5938c80be4805b115414c69c,1,1,common_voice_en_17895168.mp3,twenties,United States English
female,7d228765e3e2656a2a0d1ba8a6282ffc3a4a735c1b7eea8ac5061f1ede5cfe6c77e6cea10d5295ac422413f11b08af44c20e073e41fc3edf2e5f9d101955eb62,1,1,common_voice_en_41789929.mp3,twenties,
male,00631b5a2c982ac2af6bdb56d10cb7678f5bb8fea777d334ef60a84bd2e348491810db6b966176006d47a3a5f5cd30b3ce9fe55ddc141a7018d56f477c81ce04,3,2,common_voice_en_17296445.mp3;common_voice_en_17296446.mp3,thirties,United States English
male,00a46a27afb6e089076fa667263a69f97d00e0ad927f4d2cb777da19e73cd6a926c7665ab8a7152b1fab97d3bc4ff6db989ef3b59a274b5f19a76f92760601b1,3,2,common_voice_en_19617110.mp3;common_voice_en_19617112.mp3,twenties,
male,00c3f0e7c691ef30257d1bfa9adc410535b7ba3f48e344faacdace5228b2333848044c47f317281954529eb0c6f7e739577146d35a2fac4d8acf96cbda6335b8,3,2,common_voice_en_18295849.mp3;common_voice_en_18295850.mp3,twenties,
male,00e77ea0f4da381325ffea4b940d26c2805f797a7bf9862812ac096859f91aa4f1b297008566927bd571ba2ee8fe60babaa556430cd44d83149df50056dee433,3,2,common_voice_en_31893853.mp3;common_voice_en_31893855.mp3,twenties,
male,0105f646ac0814476ace146bcadc99d9d6262b4660bbef5d014c3daa3cfff0a361c0b162e3e6f5d91c8ee31fc8ed630b7eeb73e9c441286503ca574b7e92a191,3,2,common_voice_en_16047344.mp3;common_voice_en_16047345.mp3,twenties,England English
male,010deae648550eee87a61070afe0abd7fed2d17d0e5f7fa1e6380855f5878e29a37733b9843d2d438006dba875095ae86dc170db2c25f23c8affbcc3fa8173f7,3,2,common_voice_en_36265982.mp3;common_voice_en_36265984.mp3,twenties,
male,019902e98154079aa3ccb8d9b6f992f72a3f5e06792849157c25c3130e67b8cc64f956ac4ac02cb0ce0c7d3b9120d23de9ad86800d00e158a0368d4e7d3f55b0,3,2,common_voice_en_610337.mp3;common_voice_en_610338.mp3,fifties,Irish English
male,01c39048c1066b4ad9b6e5e0eb3fe0ad57ae7a96a8159022d145aa298717793d618deacf7f79492debe6b9a17078312001d00010cd05d98210d1126c582dde39,3,2,common_voice_en_39675806.mp3;common_voice_en_39675808.mp3,twenties,"India and South Asia (India, Pakistan, Sri Lanka)"
male,01cb853e8f00765406929b8a40eaa9c5c4d72580fb1c41a5494cd0570a3443a6cef778837c4ac97b5ada5d6569f66bfec8366b302ae830b9f7f7c4e81835321c,3,2,common_voice_en_17267529.mp3;common_voice_en_17267530.mp3,seventies,United States English
male,01f7b28eee35a30225f4d4cb0fe151b7344c1f7e6726a951c713eb3ea09fb67173ccedd4847e1af15f2929b464f24610504093b740283fd84fa05adaa85065b2,3,2,common_voice_en_20937832.mp3;common_voice_en_20937833.mp3,twenties,
male,023d21a36e4a2c072e9836987828bf93d11df68b50f049099595b34e78903a6c14d05e6aa7f3849f0fc83ac114e43c613e0b14fb22770140f26459193a52b0b2,3,2,common_voice_en_18316459.mp3;common_voice_en_18316460.mp3,twenties,New Zealand English
male,02a3d7c585f8b634678b213d4c871ac74bb52521d8c96688be95d228e40353433b6a21956f36832f77cec2a94f0b04490c5439c83bab150324f21f717569e55e,3,2,common_voice_en_17353700.mp3;common_voice_en_17353713.mp3,thirties,United States English
male,02dbefa5693350b10ae0587c7632ea01ea847c704d84eb5165bf63995d3aac7ea8b7eb21fd277da0d670c3ec8ff58f057d8520f218939571993f7f18791d4774,3,2,common_voice_en_31654618.mp3;common_voice_en_31654621.mp3,twenties,
male,0332e7147236c83c51642ae8b1d7a1d30a273f42da26b05a2de2284de977734bda2b9d4942629364d41a133025aa740cb7c1f302a3f87a266d0714cebd260421,3,2,common_voice_en_18009689.mp3;common_voice_en_18009690.mp3,teens,United States English
male,03809707fd80a37ad1b4c753d4b10337fe0d460fe669b1d6c224f37ac345d8f51262dd704b7e1a14b96751f08bb3fad1e172e07ea9984d4683c517d23dc15716,3,2,common_voice_en_19489421.mp3;common_voice_en_19489423.mp3,thirties,
male,038374fa91c8f2fb8efae8dfd7b42b78286a7d0b7d4179d92723e0a7293b7c259f56535fd93ae99272f7636a472ec6733f72dfd1fa8af737df40bc6505cb842b,3,2,common_voice_en_20542865.mp3;common_voice_en_20542866.mp3,fifties,England English
male,03ca6f71d5302ea5ce5b62c6699afb1d316aa705ebe950ebf156be8194f692e864c44c2dea597a2e490633cb0d5309f3d8b5a6c07a68bfd370317d0f75b7e819,3,2,common_voice_en_17354534.mp3;common_voice_en_17354535.mp3,thirties,
male,03e38237b1cd40909589301a1d22714a4332ca17e43903174683a2c3e50a55fa272841d603b6e3a6a432f57c5c20ba1730fc124053ffdcac498add102b6db906,3,2,common_voice_en_19945490.mp3;common_voice_en_19945491.mp3,fourties,
male,03e69c4f3612aa69b6117da919a92ffbfc57487e5830c9b8e1ab4da09c1624f3a73b19f7ae7aab5dbf841d24de2387689bcbd719f10a4ac9267c250469115d33,3,2,common_voice_en_2731682.mp3;common_voice_en_2731683.mp3,teens,England English
male,03f57a6377087960d1ef29d1f5e80f501c578dacb30dee4a90dc421ec3950f1caa8edb6a28e73dc3914d641e58921794f3b67e7599282c308a5fb6618847fa32,3,2,common_voice_en_23739136.mp3;common_voice_en_23739137.mp3,teens,
male,04037441bc4be36421bc09ac26c1b09e170da20a4fdcd46230e5c7243d995d13ddb5829f22ef13ecddb033378e3b05e0323009031288480b4efa2c1b2cc71765,3,2,common_voice_en_18857333.mp3;common_voice_en_18857334.mp3,teens,
male,04419d588c6c1b978855f808f3faeb8826774478ea8a5cf88b6e365ec58481941f914451c0381d7741b47419d223a998a8fc9872ac88201e486950eba6ec2d37,3,2,common_voice_en_22951223.mp3;common_voice_en_22951224.mp3,fourties,Canadian English
male,04fd69bb49a24619891eec1fee4bafb84455b9de6101c86e28d9aba1261bd1e9d3ffdfd877c37fedeb5e6182bf365a2bd1d67c43bf4c761048c86f6d60914edb,3,2,common_voice_en_482789.mp3;common_voice_en_482790.mp3,twenties,United States English
male,05008b93902a3e80e5a2c443d07ed5226e09c0b44b8c34a346c29916ee134bf1008a53d9af4b9778e284a65036aad7c3d0995b279928798a924901000e633fa8,3,2,common_voice_en_2462108.mp3;common_voice_en_2462109.mp3,thirties,United States English
male,05345a62b97e0eff3f777caab37914887b4a671678973f1d22dc4c3e48073a2883d886b94aeaca41fd122208709e40494c93c232bcbdfe1b9fb13c71f33560d3,3,2,common_voice_en_18165110.mp3;common_voice_en_18165155.mp3,teens,
male,05826ee131e2479f15f00a94f8aaba2c8fc2c2ea5cb7fc13cc3c9e14cbe1582670858188ecf44238e3abf7b9838a3b12198a0af4a7a854bf50dbc83d0d8694ac,3,2,common_voice_en_495879.mp3;common_voice_en_495880.mp3,thirties,United States English
male,058b6a2cea9cd39533e230d1c9377d5849fb9959cb332cfbb646f7eeab1cbc27b7ab74299de3014fcdf9036d6f1576325d9b6774646675bf709b5790178f97bf,3,2,common_voice_en_17857146.mp3;common_voice_en_17857147.mp3,thirties,
male,06135a7b6cafeff41ca3d3517cb7b3c330f9e4ba27b6577e448259a027e07289b997eb96f8e21c0f4a9245057cdc91b0686c41890ba2c750aa33f1d5f5a2206b,3,2,common_voice_en_17948920.mp3;common_voice_en_17948925.mp3,fourties,"India and South Asia (India, Pakistan, Sri Lanka)"
male,0635d24f61d8e91818da6e16fcbd59a759c2151a6c83694ac9c16eaf25d415be70193b9c82b3b4ec37cf0990bb4b9ab37c82f8b2e5ca95fb8eaad616a54288d6,3,2,common_voice_en_31276661.mp3;common_voice_en_31276664.mp3,twenties,
male,0650d4bae76c6c53de1f62d71f19754c5c999d9c42a4325d50784bc6d99de7abc0b6fcc8d7dce2feb3e0b289ed340e564a7255e912cde12b185ef2532a6e38cb,3,2,common_voice_en_13899.mp3;common_voice_en_13900.mp3,twenties,United States English
male,0651a7bea8868a2f0d64d8723396eaef35f915c6e021a9d7d596003a29dde1830edaaadc2fa43a057a307ca6789f3b9231ab3ca35e5ade67ba252a1dea7b6689,3,2,common_voice_en_17508148.mp3;common_voice_en_17508150.mp3,twenties,
male,069602ca8039bfbf2293018a13bdf28baf2707da76c3a22d6bc1245a59e25bf9f5833cbd8c06bd623cb6efcae56bc7efb8679417d327b00cea4d2dc81c9c4822,3,2,common_voice_en_17329931.mp3;common_voice_en_17329932.mp3,thirties,United States English
male,06eaffe4a981a7be93d42a3cf761ad9d3b486ea54ce3008da28b59c99c54b9d9bd7865de3a570f46d857149fabbc64a90f7f666c0476a5221a9a03d84889c666,3,2,common_voice_en_19606474.mp3;common_voice_en_19606475.mp3,twenties,
male,076bd8d5a684c94b9c040a7376594b065fbe3bfc5a421618c5424df163d7d02bf4514818c8419ce17db7512865324027301ffdeedf3dc462be14d3b75261828e,3,2,common_voice_en_17429953.mp3;common_voice_en_17429956.mp3,fourties,
male,079a8357ee65dcd8dade970a140d35bfd8669cc291b88e7f1e863b5a6346d552b127a809371769396a4be86d3195646f7edee0b5483443133c0f4e50bb3c3009,3,2,common_voice_en_99414.mp3;common_voice_en_99415.mp3,teens,Canadian English
male,07e65f97acddc17d4f4b7cc8d40ebfbe5e2702edf1313103170e01d801c0ddefe8d084558200aeaa3b7dcfc698e93478a123c79114fbe8b457dc38135cac7006,3,2,common_voice_en_483208.mp3;common_voice_en_483209.mp3,thirties,United States English
male,07f153693d21bfad5199cdecc8c8e3d8578faf246196d884c90b0285f2a92b1fde777bc4d6d1ccd1b884f403cb999d568e4b1aa6f0c7e9cff167b5d1b8766cf7,3,2,common_voice_en_17680070.mp3;common_voice_en_17680071.mp3,fourties,United States English
male,082ca6f98c5498eb61990bd80eee7fddf37eab2c22985fda22e949a41cd28d1ca27fbbc4ea30954a2ebfe7074fb4caa528db80333f7826445c27d64ab1e84419,3,2,common_voice_en_368765.mp3;common_voice_en_368766.mp3,fourties,"India and South Asia (India, Pakistan, Sri Lanka)"
male,083e8ec5cf3f2d58ab09436a1208e789a1025b7c8827ac3c02a7ea71ac70e4ee68429cf85daaeae447a500ac3fdde36e8d7815022c4deb8aee0b58fb75276366,3,2,common_voice_en_78473.mp3;common_voice_en_78474.mp3,seventies,England English
male,0899979e8d43a9faf448ddb5f4fc9a38a0fb4c120eaf340324bae07741ccf9ddd0e8e6db7aa872bf806c85cbbc7f4503f1b76a067bdbac6a52c2bb567b6019af,3,2,common_voice_en_17850950.mp3;common_voice_en_17850951.mp3,twenties,
male,09625fbe03684d569490638f6b4d9f53227f19d42393a892927ccf51368115bf492e649a5e2ddc76fd52666c847909c6abdf2704ad4b72f6af86e537f7f6d760,3,2,common_voice_en_169427.mp3;common_voice_en_169428.mp3,thirties,"India and South Asia (India, Pakistan, Sri Lanka)"
male,09ecdab01e77c51555409c1b72763820b956656a3cdb3e8ea5acf66c6ef8f592b7e26b5b1a81e22052def846e380f4ac7c27355c63d01e8db2bcfe3d40624980,3,2,common_voice_en_18379991.mp3;common_voice_en_18379992.mp3,twenties,
male,0a7b3069e00252dcb04dd2869e3237d0970e890fc4fa6a78d7fbcfd3c23762c7c558db96ed8c8a78ff5fd856bc3a2cd3470f1096f07c0fbabd0f5ab36d8d5dbd,3,2,common_voice_en_1175988.mp3;common_voice_en_1175989.mp3,teens,
male,0b0be66321658747b6942ac54496bcf15f205ec5468184dbc0f65a4cb4b175d240d39625f77f45537b8108cebca77574e09be59da116602782a75d1fae832a2e,3,2,common_voice_en_38247207.mp3;common_voice_en_38247208.mp3,twenties,"United States English,England English,India and South Asia (India, Pakistan, Sri Lanka)"
male,0c9f08351d89b5bc06fe11c1636bcf569754850fc4eefe94fc97a0969f738af41432374b9d375f00580c5bce5901d98388aba08b7e19db4ab512faf657b02826,3,2,common_voice_en_17761046.mp3;common_voice_en_17761047.mp3,thirties,"Southern African (South Africa, Zimbabwe, Namibia)"
male,0dea640878c9733dc4ce4028b3fd5bb90aad66d172c0d8f737ffe5675b879643101eb9ad4d701be5fc7c6216b6b4a17653b97c468b6226e42c3f45da8dfee3be,3,2,common_voice_en_18856231.mp3;common_voice_en_18856232.mp3,thirties,
male,0e4b849e02cf3a92f37b40f678de5fba8c809de0ba6982701d974b617466f0ec3d5a783c0869fdaadf4a1f2948904492db3971c6c4329ffaf8942878bb5c3733,3,2,common_voice_en_19774280.mp3;common_voice_en_19774281.mp3,twenties,England English
male,0e558bb1a922cff6598462964d05c01b24f7995ca1c4268adb247e92fffbd19c95c6b73f6103fadec6f346e0e1e0ac2b4d721076ffbc84bd69b6fbfd3279de7f,3,2,common_voice_en_606946.mp3;common_voice_en_606947.mp3,fourties,
male,0f0822fb0cf420abb73d7125af1854e1fae59004111a59f084995578243a45ad48416fa57f22a25406b90a08baba921441e742a318aa1ccef8dfc3a2da8ee985,3,2,common_voice_en_31582593.mp3;common_voice_en_31582595.mp3,twenties,
male,0f1cf61f13f9d530df56a97c5383259c5f1cd0056087c31e4724810df4771083ab840177ac595472542928cea6c64216edb31b32dbca9001555929644f434274,3,2,common_voice_en_673729.mp3;common_voice_en_673730.mp3,thirties,United States English
male,0f71516b09705a899f26f244185d7d231800de5769c13e623b6f30500765959c63d18840d20c44ae4d45df11fdc649aff8fdd1d66873959b083bf8010c9e4056,3,2,common_voice_en_17357595.mp3;common_voice_en_17357605.mp3,fourties,United States English
male,0f8a86e326c1da999a56cc826d683401c243fb4713e7993ff2c56acdf9d552fcc821f301d54ee4529a67a0793c1f3a7247ecca51ed54a44849a9339d9faa1d6c,3,2,common_voice_en_17258663.mp3;common_voice_en_17258665.mp3,twenties,United States English
male,10001e90eb4d691294e3d7b238cba315086369099b2e73496ba95b00369905d705f04bb22a8fa5dc3ca18132d3f58313f048deb0b92e4aa8754e1a352867c773,3,2,common_voice_en_71769.mp3;common_voice_en_71770.mp3,twenties,
male,1051b10f62fde4137de9580c3752f9452b3fd9b1fabe6bbe0940d3399b1bff30f6bedf4647d98f1fc104302e6f0c2c8d458d07ea564a2d3ccd285c8e61b4e8af,3,2,common_voice_en_22211232.mp3;common_voice_en_22211233.mp3,teens,
male,1086a37c2bca26bac8b522ffaaf28a24b9a1986a94aad82dbde385885e192ddacff4b448730320250f1f70bd1a1c5c8711e9cd7f2bcb7c448b51aad15f74562c,3,2,common_voice_en_32222392.mp3;common_voice_en_32222394.mp3,twenties,
male,10dfa6934d0b9c089d74b418d9c4e0f00382577f96e59c0ec657ed5f5b7f399fb5f4d34a6e19e0416a8cb1665ce644db5c3be6f96790ecc99e0756825e97abd4,3,2,common_voice_en_19596803.mp3;common_voice_en_19596804.mp3,thirties,"India and South Asia (India, Pakistan, Sri Lanka)"
male,10ebb0ddd305f75fdedc965252115490eac0d48480cb0419761bf473c571a1ea97835de61ce6ffef72dbd83b0acdb0286534ed7fa9695bfc15b95bc3824a7a95,3,2,common_voice_en_25542151.mp3;common_voice_en_25542154.mp3,teens,
male,113a624bb6cfa905836e8513b812b077ca70e35bd381bbb0cba6d11c72c85e62629619ff0f536615dee2fcd086b4c1f172f560baec4d13103d3e7346404ee3c5,3,2,common_voice_en_24495072.mp3;common_voice_en_24495074.mp3,teens,United States English
male,1143ad52393db36781d303bd82bfb1b84d8cf3adeb401b71810c8a93148f502087a885751fde6daab3e3da55a567f96808be57d9aad97d8718228d7a11dbf8cd,3,2,common_voice_en_31661489.mp3;common_voice_en_31661490.mp3,twenties,
male,11572c008de12e1fe8d2e6ca8a157baeb091a40aa433bed76df3d1c66d125cadbf982c175faf52abc43ef9893397c7ffb518ef92bdf0d2d568aec81a48943007,3,2,common_voice_en_37926589.mp3;common_voice_en_37926591.mp3,thirties,
male,11c6d46aa22288700a93c58aad9d915d9b8271155aa9ea8a739cf134c193a34fda238657434e3fa5e386082130ef435e244701632e82614406959a2570a796f5,3,2,common_voice_en_163019.mp3;common_voice_en_163020.mp3,twenties,
male,11f1da9013a1c3caa7cb78c52f22296a4e5a4faf842e9e908dbe79ae892cc7d4cdf1261c78fea0c0965796c007387e459498c41bada127a189f1214581a8f135,3,2,common_voice_en_17283732.mp3;common_voice_en_17283733.mp3,thirties,
male,124dcdfc2ca11f26aa611b493cd2cebb6aa7beb6a4b9130d8da6b4a16741f6ce28c70e947f85e2899e15488057adc9d97803bfe26435efdbeb8e2bbef774d1c0,3,2,common_voice_en_21671780.mp3;common_voice_en_21671783.mp3,twenties,"India and South Asia (India, Pakistan, Sri Lanka)"
male,128e914497fcb831e560fb50e9f93ad55186a71c3a8cdb4a8c8da24d7b94cfa451c3080dde589d97355b8b7e3ec0c8427cb25bcedb82c278f266fe9cc5710b3d,3,2,common_voice_en_17268488.mp3;common_voice_en_17268489.mp3,twenties,United States English
male,1338231040df3d06b60ca9391d1de23d072af64b0237726dc547146d7d05b4821495f56f096431d1f20eaf5f5cc8712c3648a549bae41e75590fa98a6ee44ed8,3,2,common_voice_en_21397603.mp3;common_voice_en_21397605.mp3,twenties,United States English
male,1364f9556dd4f82f3344fba39287b4357c93e9df7791dd8e99f861eb2fd855d906894359b2811d26a8cfa707d7455e4ffd9465438d5dcde68b6c053087e1c23e,3,2,common_voice_en_618217.mp3;common_voice_en_618218.mp3,twenties,England English
male,1390a441b51ef1fc93b0964e741fb3b896ea21ad9266b3cff2ebebe13e60896d5e4805e881d82b0cbd3e2c10cf29963c5b00d91d3524b75015526311b1f513ac,3,2,common_voice_en_17255100.mp3;common_voice_en_17255101.mp3,fourties,United States English
male,13a38ce8f0aa4fbd732d9e9caba21bdb76e803493fa16c8ae10156fa281478f1f1e59bb15f0de713e520cd497ead3a160ea01b60ce4087896015ad0b4c28b7e7,3,2,common_voice_en_31650543.mp3;common_voice_en_31650544.mp3,twenties,
male,13b830feb8a132fa0d066e083d4e9e78ae2ef70150902b22b55576e7be4a07956919c003c8bc13352533c6062585a21c7452f77e4cd17829e8c07d9efa9992b2,3,2,common_voice_en_38602153.mp3;common_voice_en_38602176.mp3,twenties,"India and South Asia (India, Pakistan, Sri Lanka)"
male,13eae5875ac54e15688daff9ca6f5d4fe7b148e6389e5fdd885f5ef871b434745ea2db78741411b3b9f6604e13a6f0974c7384121e3377205f6bbeb4db1fb578,3,2,common_voice_en_32280983.mp3;common_voice_en_32280984.mp3,teens,"India and South Asia (India, Pakistan, Sri Lanka)"
male,1465c2db8e5b6fa17821054473e6d85fb7640569c98fa7a742d0db48d950494cdf9c15213fb97b70ac289d67183a88416b9ffe6e3ed49e583541871ccfbde986,3,2,common_voice_en_19936675.mp3;common_voice_en_19936681.mp3,twenties,
male,14bc302a435ec139f5b04a7f975a3d7a707fbdc883beed1d2d7f63dea052493f818af97c4425a427b1594f9a9aead3c3ab4ed6eb3e70996ee54602a0dddaed72,3,2,common_voice_en_18170945.mp3;common_voice_en_18170946.mp3,twenties,United States English
male,14ce1b651c9a665b5bfb5f0d7d49c86925b2b1c48f2e3e300a86861631741071eb16ee5bba323a32acd495cdfdc754aec057bd1e5825bbc3e228298e8b6c60ed,3,2,common_voice_en_13689.mp3;common_voice_en_13690.mp3,twenties,Scottish English
male,14f5c18717db3597c8297817156bcd3cd4c8959dedcfac9bafb4267c70bf997aecc1e611dfe80ca93cc062442693cf447f6167fb0fba8d8fc8e48c3b33da4ca5,3,2,common_voice_en_498127.mp3;common_voice_en_498133.mp3,twenties,United States English
male,153ea1610c265b081f49a3bddab979378a6599e862f16f389bc31dae9c0f87710956a718c7862dc35153c4ebe0162b63e0b144dd8aa63673fd5af822bcf20b58,3,2,common_voice_en_20347969.mp3;common_voice_en_20347970.mp3,teens,United States English
male,155bfa7676fb2c3508d39a92d46361b27701b1899bccedfa5cf9c4cc214b3460aec0853880bcc89a5aefd805d4e4dc34ef1a2da79497b1bf588939a2d77fbda9,3,2,common_voice_en_22975070.mp3;common_voice_en_22975072.mp3,twenties,Malaysian English
male,163342f5286fd781c7c1e419b1c217047a81780c3c36650177799fe9ea148096657b4b332a2a364cea3c98ec7ca914218dfb8783a4857da00c07274b9f3bd684,3,2,common_voice_en_18885251.mp3;common_voice_en_18885253.mp3,fifties,
male,167601ee0a9d1d36da989227194872546e8922001edf6620e4269c54f16520da7bc56ccd0074c8b34114a9f3b6c246e728efb4c364e1a043ef23a43b7b73c381,3,2,common_voice_en_17252284.mp3;common_voice_en_17252285.mp3,teens,England English
male,169c2b028ac13e4919188fb96e213512ee53b337c984dee3e22487a1999138319cefd1ab055800076ae5c291853e5cd428c8e17a95902c568e5b9dba08d2b378,3,2,common_voice_en_17454197.mp3;common_voice_en_17454201.mp3,twenties,"India and South Asia (India, Pakistan, Sri Lanka)"
male,16e19f76cbe7554eaa020deaa58de765ab3054421f988f0aaf038086c5d89c41b01bfd787dd02cceb26ae2bce3208c6510c01340cfbdebb53f7781203c8e151e,3,2,common_voice_en_649343.mp3;common_voice_en_649344.mp3,twenties,England English
male,16f89f63d6dbea0e738396e85d28eb6655de4e0f84d21d8300521d735548275f849a6699b41b23ad8c415b1729ca6c84344b89bd21f4ae4526422199e513de72,3,2,common_voice_en_31550668.mp3;common_voice_en_31550671.mp3,twenties,
male,1729e64068b79bbd061feb505a02cdb70dde4ea18f463fd57b3d25032eb5ac8f20e12f5d68c52754cd47f0919c96813ac40cb9f086862bbc75e2aee813b3cfb7,3,2,common_voice_en_25242060.mp3;common_voice_en_25242061.mp3,thirties,United States English
male,174893c36b223f5057449a10bfd8b01b6e22d41f31f7910089663841bd8e292cf219c5425421203a532023d5040e6ccf4bacafcbd605300f029d3f86c103199f,3,2,common_voice_en_19792167.mp3;common_voice_en_19792169.mp3,twenties,
male,17751a874f54586ef64fb2d5111d17636c4f9a67a8eb08aa42f8d836dc7b7284fa0d0b78346d3e28c9c259a38855fa91f5e844851bb7d035970ead8ef5f5011a,3,2,common_voice_en_13755434.mp3;common_voice_en_13755435.mp3,teens,United States English
male,17fb5f3d35d9dbc1e92f70426c8bfee176cbba9e4d4e44b1a4997bf9a1e3c822adc6a34d3f7c9b3b264c41e3f273b0d4c1d2c9c4b272c7cd42f65470da3d5505,3,2,common_voice_en_657948.mp3;common_voice_en_657949.mp3,twenties,United States English
male,1810635411474b172d78f5c320874ad042ab80f06339f7198f49ce045cd0d9caf2b91b72f2d152e934c8c9c946a68c12de76f6314921725eb777060614169bc6,3,2,common_voice_en_535701.mp3;common_voice_en_535702.mp3,twenties,United States English
male,181b6d72245ae63284085658ebb8d1d973bfa7ec1cd1cefb36e5665be1fd0f036ef9c6707f591bcea2fe83c6413081b2a661060635cc6a370b982c722c1f5b34,3,2,common_voice_en_17296514.mp3;common_voice_en_17296515.mp3,thirties,"Southern African (South Africa, Zimbabwe, Namibia)"
male,181ed4de75dc97d655caf9b5a91818eaeeb2c9c9d48ccf4f8d95cfebfd82a963d281b00b7bd621d1fc562e4c7ba459e1baa324ffeb69f4e0bdc09477842b3073,3,2,common_voice_en_19636954.mp3;common_voice_en_19636955.mp3,twenties,United States English
male,182a17e56f47df6aaa7c4291376caf4c57698ead0fad905b712b35e23dd87f0480f3a55a6c377013e35d62b9fd4476e9fec760fe1087bea69b0d3e9f6dda9299,3,2,common_voice_en_20893629.mp3;common_voice_en_20893630.mp3,twenties,United States English
male,18af2ec21768e9bbf50a55d156e29afd5d6fa19d7581bf5e2fe58cacde2ca2811065fd7168ae060a4697258176a5ae6b9cf3d03434f9155d40ec9ef528c692be,3,2,common_voice_en_18756631.mp3;common_voice_en_18756633.mp3,thirties,United States English
male,18ea45294f98a4b197e502865f674f03c7e59842aa3a740dbe3799b960285ab52d92f7bea8592635f2c10e27c9d3a807059da3912e8e513ca841cc9bc0d1c156,3,2,common_voice_en_100737.mp3;common_voice_en_100738.mp3,thirties,"West Indies and Bermuda (Bahamas, Bermuda, Jamaica, Trinidad)"
male,19149de6773e2e113c32363a2b457def915a4dc8eaff3d9812f96ea6c043fcbada79a8931e4637bf487f5bc65048d1805db918f6aae2a280f26e8cc1e1389e75,3,2,common_voice_en_19813863.mp3;common_voice_en_19813865.mp3,teens,
male,191a21c759c3630ed9ef0678e7f464d2075230ca5803e0bbf8d6c6a6289e816339dcf51c109b0ef08b2472f96c874e4a68e060d030c82bae17e38ba4fc96feaf,3,2,common_voice_en_178242.mp3;common_voice_en_178243.mp3,twenties,
male,193596da6442054058c99fb056936d57a2a5205d11e792efd8c3b86adeb2360d6e679d358ba38740955e464b1679af2bf19db5c7c5d7b49fb531af5c50c08271,3,2,common_voice_en_31571028.mp3;common_voice_en_31571031.mp3,twenties,
male,194b20162832e5e56d1ad9e18ded7d592018054fea6142ad8ac3ce416718f3bb60e737e54ab2b6f317ae96c291be03030b498ce96e38df5e4462f6ea1c7b2c14,3,2,common_voice_en_18046722.mp3;common_voice_en_18046761.mp3,fourties,
male,19a6deb41a2586cd36be816b07c21f5f9f305f89413bccd758ca797f94d13851b7a2d6c76db8fde97065fd82b48037384e00330e435cc2dbeb7610d8958e02af,3,2,common_voice_en_21034406.mp3;common_voice_en_21034409.mp3,twenties,
male,19b87f73f88be6743c0ac8fb49710d7450d2c084b35e937ea32c05a762ce0509665097ce30e7f19fe47711fc84aaa5780a1dd2a6e634e86792c6df55335520e2,3,2,common_voice_en_504872.mp3;common_voice_en_504873.mp3,fifties,England English
male,1adfcaa43f66a2750418ec2072c6d99a9b6be27de4285e32b10e5133bb4deec29b3d0015f2b7a273a7af6af552df7549dbcda44af45a01b59fb47776af11cd80,3,2,common_voice_en_18516706.mp3;common_voice_en_18516707.mp3,twenties,
male,1afbabc2cec4434915fcaf053dca65fb8d514c0f8caeec1ddee6e5f9c5e2da787fe7344cf33c44eed3e1b294653a0270eeccfed001cfb5d0fc7954984af922ae,3,2,common_voice_en_17816776.mp3;common_voice_en_17816777.mp3,teens,United States English
male,1b07d66e16232412e735486f580a09e6c26cd7fe0913655d3ca1c5e78b1b25dd529140f22f32ebfc079e9234b0bb7b332c2b6c2648a82537ed451d4b457aeb64,3,2,common_voice_en_31815787.mp3;common_voice_en_31815788.mp3,thirties,United States English
male,1b28af9d66a389a966f4ff0c2544da2c801110e8ef874311039422d1e47785f5299bfdff397a30b291247f12e63868437426a045b09bf2f2be4d5f6f0c4695d2,3,2,common_voice_en_294066.mp3;common_voice_en_294067.mp3,thirties,"India and South Asia (India, Pakistan, Sri Lanka)"
male,1b9c0bcd4c9e73af70ef278f39a81a5d936e76ad5ba600820f05172b5d2999524fa855ed81bd1457b41750574c51ed51186e44ff571d2fcb3a909829f0092267,3,2,common_voice_en_19670299.mp3;common_voice_en_19670300.mp3,sixties,
male,1c455d113c9096c235125f16201ac5e9fd697ed11733aa88caad65f599cccf98f30369cc89f985fcf16291a0a02d2a953daea4add76f5a135bd78ea9198aa6e3,3,2,common_voice_en_17248254.mp3;common_voice_en_17248255.mp3,twenties,England English
male,1c5dea1c92fb90e14dbb87f219579e01e9f41987698f6ce15511b041d1e17cc2811da926382a7b2e1fbe240adae93d32a04b60bb4815e956a8a2163de19eb2b5,3,2,common_voice_en_467875.mp3;common_voice_en_467876.mp3,twenties,United States English
male,1d1d2e853504aa64bbdf9260be91750f42b44f3b5b30af2c20ae01bcd7726f3b6a4f3123c35634e69e3d728cf8fe1e960a6b65c04e42a2860aff83429e5fb6da,3,2,common_voice_en_18214778.mp3;common_voice_en_18214779.mp3,fourties,England English
male,1d92949514e94c9f2b7edc426f3f33006a6c697f190d7bbf7d39afb89d90031d1aa276cd68a284d7d65aa980a8f011199c3f54b5159c1774754345ded0c7e6a6,3,2,common_voice_en_39808.mp3;common_voice_en_39809.mp3,fifties,England English
male,1e222efa638420669be43abb566417b4861d9a29571ebaf4f6dae2354621644222df9c5e22ad688e8468512f8011a7c18974e0ebb1cb0a0e59ab7c8c087b42ce,3,2,common_voice_en_17819664.mp3;common_voice_en_17819665.mp3,twenties,"India and South Asia (India, Pakistan, Sri Lanka)"
male,1e452ef01ffcbbf269a48fdedc19a8ad4617a1fe4ba16c4e0b9b9368a6d0aaa0f50d8cb13ecceb16bb5553d7ce44f1cd40edace9710e5b9984e7cd17488960f1,3,2,common_voice_en_24017644.mp3;common_voice_en_24017645.mp3,twenties,"India and South Asia (India, Pakistan, Sri Lanka)"
male,1e6ffbae6b3d1756a0902b5885a30b8586cb871dac3f67bca189baa9affa091b7c0617a170b53c82224c4a1d44dd190b6d0bbac63440f1f31b5981af7d64668f,3,2,common_voice_en_18340485.mp3;common_voice_en_18340487.mp3,twenties,"India and South Asia (India, Pakistan, Sri Lanka)"
male,1ec55d70d34287f6016839c7215d59fff8e59292a5716fe1d8a681aa3697f81aaa90ea8817d438a3aa54af2ebb4df1c8e958708ac4910368d648363879cc1869,3,2,common_voice_en_21103439.mp3;common_voice_en_21103443.mp3,twenties,United States English
male,1f037ca9f892fc558202b7a457d2f4f5306ac4a2e2ebbae903899cefa85ae47d9f2e6464e4878cb21eb84c300f73b23eec092d46fe74d39758c846f628c3f8d7,3,2,common_voice_en_39718813.mp3;common_voice_en_39718829.mp3,seventies,United States English
male,1fb790a98a617db1a9207e8b267e5889fad6eb77acc33798fcd7ae5b2be1c61db1d74a99eb54a9e1d28e1252c4a20041cde3bafe483ac2ddd10e6bfc802530a4,3,2,common_voice_en_29099087.mp3;common_voice_en_29099089.mp3,twenties,
male,20869a2ad73adf452aafc7a33df902909dd07b8cae96678af73bbe265dc596055cb8e2bd3585843cef8d3155f083ba6aeedfdf04cc17d97bb53b32a8299fc342,3,2,common_voice_en_31578411.mp3;common_voice_en_31578412.mp3,twenties,
male,20883930a47aaa4124a4887899aa6ab71b1906c3b7b6b00ec6d481d94248dc3a4d3bcdef91486413985ff1b343a8f6e171ce255675cc2dd97234398f37ee3ee9,3,2,common_voice_en_20202129.mp3;common_voice_en_20202134.mp3,twenties,
male,20fbc324e8af591eb89d6155e5e80bdc34ffbee3bc11afe4edbfdf2738dc9acf687638054501c2cd73fd4aa41cfb88d4703f5d6c3ad09a79689f9ad325ac4dbf,3,2,common_voice_en_2330.mp3;common_voice_en_2331.mp3,sixties,United States English
male,213d6d493c110fa1520924c57a84c89f23e6fbb5cf28ec138a0c2b786c8607fec7baf524482ba4f5a66c57bc23c8bbc68a67bff670d720570b113ecd89a338b0,3,2,common_voice_en_137521.mp3;common_voice_en_137524.mp3,twenties,United States English
male,21b50ddf9ff0764ea3eca9d219870b95ae12b60f5b9d2b89438b4f79744ff10f2478bae60f4f2078f1ff9e39a0f0dcf2432783c5bedb72d1efb62f966dfe5241,3,2,common_voice_en_17712750.mp3;common_voice_en_17712751.mp3,twenties,"India and South Asia (India, Pakistan, Sri Lanka)"
male,21d4190e6c1348b47892cb85aab09f34c1a0d19a37d253094a2e89ad535df754dd332200e3c9ee74c64def2082b654d9493db6dc84d9eac802f312c4ec5b2030,3,2,common_voice_en_496806.mp3;common_voice_en_496807.mp3,twenties,"India and South Asia (India, Pakistan, Sri Lanka)"
male,2229dc384d202a18701dcda31c56407b6544672cce47ff7e415405b2fbc751a1084d414ce1efe38c31ff5ed4d5968c0f5e05a2022ea4599f5741d177d5114e1d,3,2,common_voice_en_199112.mp3;common_voice_en_199113.mp3,,United States English
male,225adff8ebbdfa24c2b26ac0ba748b126a6037a7934c41a57385afad1c51cd36ce41d00c688a8065ed46ca1d2064282a4bfcefa9ce8ead6e53197ac3e7a7d6b5,3,2,common_voice_en_19589926.mp3;common_voice_en_19589929.mp3,twenties,United States English
male,2262bce3f21366999eaa4046951dbe3b6222df756b545fc3fda8c20e5a2a03d71728e676eee2122c8a347750fd486d5fa4620915f7ad2afb4fd7f08e4f808abd,3,2,common_voice_en_415167.mp3;common_voice_en_415168.mp3,fourties,United States English
male,2278f54cfaed310b0cb89a69cfa3b92836944b6a9ac19ac03978f2f1d0dd020da6fb684acce5cc19d4077bf27ea2566cd2907c55bac1db071aad842b90ca0f65,3,2,common_voice_en_23730289.mp3;common_voice_en_23730291.mp3,twenties,"India and South Asia (India, Pakistan, Sri Lanka)"
male,2292dba82fe46955d8b0ced9e5c95ce18e4e6a2646fadfb0d6ae6ef21ebaa69bc1f42a7de432f69c6d1c73ffe7630f3a1acf1f45b06ff46df82c64518a0f3e6f,3,2,common_voice_en_19499255.mp3;common_voice_en_19499257.mp3,twenties,United States English
male,22efcb1a9ad60b35c092e4783fedf670b2c9e0f193322188c3f0098ae4b6df0b58bada4726878ff861339b4e434ac17d49ab242c95935d1294ffcc95e3bf561b,3,2,common_voice_en_19823808.mp3;common_voice_en_19823810.mp3,thirties,
male,22ff59c4bc3c6b0eb668b9fa8d2f3b40750c689127c22fccb89c70aee0801a7085f840946c155d661ef936932c9a42a00fb3d89500e11707371a2a19fb4000c5,3,2,common_voice_en_16610059.mp3;common_voice_en_16610061.mp3,twenties,United States English
male,2378856a3dc1067be1bb45b63a9d757540c3725fa9b581453b254b6f198499901d7da08f3f81cde491011755c7f9eeb8f63f5e2d798ee83cac5ecda72b13ad04,3,2,common_voice_en_637031.mp3;common_voice_en_637032.mp3,fourties,United States English
male,246e6cebbfb0584ea304ca98d6a13f8ce2ed028fe1277db963b62790c73e726b537054249116281cb0f560e79281fea5e107112120cbd3e648e4e966f69cf2ba,3,2,common_voice_en_17691123.mp3;common_voice_en_17691124.mp3,teens,United States English
male,246ecffec35de00c71492b22bca7979c5de56d90c8a5c5a6877b5869d2896b492db3686461c1f22d0069b99e22bc585c4f251edc3da85603d4140ae7fc876378,3,2,common_voice_en_17298243.mp3;common_voice_en_17298244.mp3,teens,United States English
male,24db280bb9cffb364e57f83e2271c3d3d0aef49bd08f1f08f577f01732a993dbf07ad4c12a4512f653d2f909218793d967b68ce4eac061c8770c56b509678acd,3,2,common_voice_en_18222293.mp3;common_voice_en_18222294.mp3,twenties,United States English
male,24e2b9690c87a65fd2401ce4077f094b6e0ace46b2756759f36515684e98235a9d7854235f093247d0598fa721ad0f2dd53951132215c2e0908b6b5269542b78,3,2,common_voice_en_17285307.mp3;common_voice_en_17285308.mp3,twenties,
male,24ea993c89c6725932588e40ce74e2c05707f5b04b0127b884f125beabaf14e9b32fc4b0322868688645aa6458f83aaeebae2453ef79cebeefb9679f87991bfe,3,2,common_voice_en_22953319.mp3;common_voice_en_22953321.mp3,fourties,
male,24f4e4e56434caf99b62ef4486121e99f9cc4df6d53dd660364859500b3073888916767c7cea50fe4409281138cedb711f3bd37d182b5547cb9ce8de75d9d134,3,2,common_voice_en_17485890.mp3;common_voice_en_17485891.mp3,twenties,Irish English
male,24f68ef5c02b65d4e5cac5ce89bc75f0a726ae62c8cab5cb200081361ef9e595aeb922bf5d50dc772e70c227e31520213db3aacf7a388363ef7c1827ddf7e7af,3,2,common_voice_en_17668574.mp3;common_voice_en_17668576.mp3,fifties,United States English
male,25099635b63bbf4b662e5116d89145fc65640a5c9d7a70f33d9d260ff5ce49244d90f460f2ba922b39bc91a86c4f797d50e66603805e40ab2e6bf195bee2b350,3,2,common_voice_en_18996246.mp3;common_voice_en_18996249.mp3,teens,"India and South Asia (India, Pakistan, Sri Lanka)"
male,254b39ff8ad681b62bf7b3b9366b99cfa9444db916b69ac8a5cd8a06f11c8d5522c37827bf9216a270270458c046c806ecbfed3c3394694577e54bab7161e0e9,3,2,common_voice_en_17304420.mp3;common_voice_en_17304421.mp3,thirties,Singaporean English
male,255595e92459bc5d0f0f1f454682e2b7f61943d2b11604187b045294665d88f4b949d23f6edaa9e17a7e3ab3bc4f931dbd9d7e7b106f47f70ebddea90c0efd07,3,2,common_voice_en_39416320.mp3;common_voice_en_39416321.mp3,thirties,United States English
male,25a6e3c886b218c93081095bb6a6755c43d5c007eca4cdcd38e5512abbb1e44a492d0f2918e432285b4f116a78669ce8758c8dfb9d98be8021d1b2e61dd26641,3,2,common_voice_en_18266774.mp3;common_voice_en_18267155.mp3,teens,
male,25bb047dc3b126934b834143201df8d5c79b4e6b1a782ac47573f31a87964fb015ae3049b1b702b8d56b8ccaa80c257d040df4b3c70e01a71e064c00dae7240e,3,2,common_voice_en_19335211.mp3;common_voice_en_19335213.mp3,twenties,"India and South Asia (India, Pakistan, Sri Lanka)"
male,25f8753961c6de26d3348d048fc39dc62f88baaa1827b006b1a63ab0c1c295cecabe6afc291e92abdcd6140af59044871c80f38ba04db4143ddad20d684f0e50,3,2,common_voice_en_20265090.mp3;common_voice_en_20265091.mp3,thirties,United States English
male,25fdcdb28f13d4a31842aa3edb4da72e999080192e12df168123ac1012c88a96cc7db925618282f6d6c3e86d77ffcc4cb82b1ae7fa3e6791a0f6bc9277d15b63,3,2,common_voice_en_25333867.mp3;common_voice_en_25333868.mp3,teens,
male,2671d6ba3535ac4687c29ffd84b3e4dd8a04759626858b8fbdcad8751df4f14292ac1c8c5dd983d89bd0e34c9f9047ecbf54625725a4aaf0dffd1e6813805f62,3,2,common_voice_en_18615627.mp3;common_voice_en_18615628.mp3,twenties,
male,2692f98962ae3dbcdbb0d8991f11b380fd0bd07a66d4f84fa952d504bf54a5bd14f5eaba02bb7fc89f804218b1b01ec039ab2018ad5c3f23047bdc76190734f6,3,2,common_voice_en_27583677.mp3;common_voice_en_27583678.mp3,teens,
male,26a8bf7becdede3046e783d4c4a07033c9cdfa268504423f87cb2cf742304464c87de91473a751d77bd6e07a5eb02ff59b22d64e86282a96d4a5100025161e0e,3,2,common_voice_en_20022008.mp3;common_voice_en_20022009.mp3,twenties,United States English
male,26fe26a979c5d70ebc18831e3ca2d3e79afbac67350cb2809762066f76a90330759a536f1efe1f6eb492331e7536ebe9d918cfedcf994323c5ba0cfbcf13ad98,3,2,common_voice_en_18662154.mp3;common_voice_en_18662155.mp3,twenties,
male,2801e6b8d775d517e6a376896fc41ff2ef26319141d252ebfa24e05a8b87378e1a3c32ee0489d64c0a3c65b80c6e0ed0857ddb5b85d1b84ae881a56a35b5c9f3,3,2,common_voice_en_150972.mp3;common_voice_en_150973.mp3,twenties,
male,288e7e32c5b444502d25864208426b5cb8ac9a46ae952eccd8929d4fb4ba6064bbacfae137202f3dc4a35ca1d63de3586afbafdf1118f2390be7bd88abc92794,3,2,common_voice_en_20901519.mp3;common_voice_en_20901521.mp3,fourties,Irish English
male,2921e667589254d95fcf84b5a22117f09f608a3bb99624d97d994b495d953ddcd9bb6fde99f40bdce92fef908bf29eaca1f11d3eeef74ac883daf5723d8feeb6,3,2,common_voice_en_17576855.mp3;common_voice_en_17576857.mp3,fifties,
male,2944e6d76b5121e2a51d8e56becb57287e64cea5ffde0528e0e8ce20f99a6311eb869e6771217540a8cdeafb80e50f2df9a2d432a0bab44c65b8b7d10839853d,3,2,common_voice_en_604533.mp3;common_voice_en_604535.mp3,thirties,"Southern African (South Africa, Zimbabwe, Namibia)"
male,29a2a566427185a1e85ad2c0d1243e56b32b90c7d4f00b509de5e4f99534eaaedcd232986d9644374809b0d6436e261e5a1df7b327084f0e20f1f0b5b435517e,3,2,common_voice_en_17259121.mp3;common_voice_en_17259122.mp3,thirties,United States English
male,2a06842379e006d0182ee9776885c1ba5fcbcf6270ff5ce0e04a791cce02421a2056addb30fdba94be05dd9949a698e13a0fc2b8e4543923d48c582c8330585e,3,2,common_voice_en_21901588.mp3;common_voice_en_21901589.mp3,twenties,
male,2a70c217c80647fc3ec550d00fca87ad1eabd84c5eb3669e223bed83ce4f199fe9b4052249ef5762d504ca10d04730515f021d8623dc6a3977a770a897009ac8,3,2,common_voice_en_17762225.mp3;common_voice_en_17762227.mp3,fifties,
male,2ab350d9d54ece86f1cc3dd4baa04f1132773264934c9883c9f76ecd06905f256727244b319a3eb998ea6392dc4bbabfd253ba42f1068c4b40fdd3d571b5a407,3,2,common_voice_en_615767.mp3;common_voice_en_615770.mp3,fourties,England English
male,2b12ccc7c6e9cd0d9bfce44aae6a73cbb491826dc1d74391f0fe4961309390445003b457c892ccbeedd3d89e3878334af64db5e1ae49bc4a2007bf154e04ee4d,3,2,common_voice_en_17258564.mp3;common_voice_en_17258565.mp3,twenties,United States English
male,2b484ff5b43e11bfa8c124651f7cfe8a5ac679e9afd398332f25c19db5cb2d4fa0bf79f7080239c9b961e6aba8e2d906873f92b1b879dc8cee1163d86d409c78,3,2,common_voice_en_30506188.mp3;common_voice_en_30506189.mp3,fourties,
male,2b8a1b27ceef607735de639ad0b74303db179590b8046450d5025baf3520f3d7bb730e92669e976ae8a2f7534deed7a052f00a278463d2008f7a6c3e8a8e8c27,3,2,common_voice_en_17813344.mp3;common_voice_en_17813347.mp3,eighties,England English
male,2cba501f34296fbb5d78105b710c63cbd4a54980cc13bb5e53971fe78a68228fb78c32cbf99f1ed5d2ca35fbe771b6f32c47e65d9f845b430e7733ddada3c407,3,2,common_voice_en_20256939.mp3;common_voice_en_20256941.mp3,twenties,
male,2cd4d256366fb07ecc5dbd48e95457861635079544186fc4a5f3b8648b2e613bc8e2f65791d08e0ecbe5aa5a9cf8c5e6a8f6462e10d337bf0088652a556b0575,3,2,common_voice_en_20253629.mp3;common_voice_en_20253635.mp3,twenties,United States English
male,2cf2bf8215223d3a716d06ab35f0d238bd6d40e66fcd0fb93ba8f737dc3b664a2481f17e695f553c9763d4d8121adef74e953e93437eb6dedebb24b4d5b5bb66,3,2,common_voice_en_23738192.mp3;common_voice_en_23738193.mp3,twenties,
male,2d709cc6fd6ffbd90b5cfdcc0026990a920ed20a158fd74f389b99e6a94d30757d00b4d31cc2e52347fa7346880e0925dae2e3e0255a5445fde206603c7daa43,3,2,common_voice_en_17772042.mp3;common_voice_en_17772044.mp3,twenties,"India and South Asia (India, Pakistan, Sri Lanka)"
male,2d70e00a51be5e40695b0199bf5d5f30f00b6d55987384950f510efb8fb5fe2849a737bc951321ec22ec8a250a0f9553799dc6d7bf1a95035eec1d9778cae850,3,2,common_voice_en_17879256.mp3;common_voice_en_17879258.mp3,thirties,United States English
male,2d99edd67ef39faf1cccdb92eae7536861211f0f90fa38a9e7416c81a17ccd2d953e2ee4995c12038596461fcd92c3b17699e32e959682037a99a9166f5f4494,3,2,common_voice_en_38207512.mp3;common_voice_en_38207513.mp3,twenties,United States English
male,2d9f93e414b176a26e4e9b5ecf721ce374bdc1b1a49edf55538934a1ed5361f0178388c364d210ea541b7c92f980f95273193b76b5ae6c3d8515d8fb389ded8b,3,2,common_voice_en_18941486.mp3;common_voice_en_18941487.mp3,twenties,"India and South Asia (India, Pakistan, Sri Lanka)"
male,2e7803696bf0ed0054864edfd8bb47ee923fa5f0169f441c2e75194a3fec2b307f9b6ab40507b86edfd233dc73638adca2a6a3db87417f680ba8418ac15c0c9d,3,2,common_voice_en_27350548.mp3;common_voice_en_27350550.mp3,twenties,Singaporean English
male,2e9dd76b6e3c59e8321dbd0d7b05a3e1c2ee7b066b388cea4b75f8724ac28982a1b1623ac934fedee79c3078747cdaf234164c9fa01545be2d78cfd3f6f0d269,3,2,common_voice_en_17340418.mp3;common_voice_en_17340422.mp3,thirties,"India and South Asia (India, Pakistan, Sri Lanka)"
male,2ef78efea22a8af64c35b80b54099324a43f6ec9f19266842ffba3a8801e254b436d668625cfcc358c5cd147637cd495321ae3e8be39b653cf5505df67bacded,3,2,common_voice_en_18095217.mp3;common_voice_en_18095218.mp3,teens,Malaysian English
male,2fb94f08efe16900d53d845f4414fe92fef94d14539e85ddfa69ac980036e491c3ff371a7b6a19b64b47b4a96f4ad4e8888c33b5a1737e752635386921f29b41,3,2,common_voice_en_17286890.mp3;common_voice_en_17286891.mp3,thirties,United States English
male,2fe6db1bc75a8df7f2abd7a92012583925c8b555cac2ec574943c8970b8dd90182cef420594685dde5c483accadc6328a403c81828c88b620760c96c6bcdc36d,3,2,common_voice_en_31752832.mp3;common_voice_en_31752833.mp3,teens,
male,30574a62c84b5529e682d34ea646f6f1afd95df4dad28b9d752c3b9dc9247c002241005d4b333310e59c0cc9564a95ffa829d4a47e662932fe38a54ef3f7c4b6,3,2,common_voice_en_554342.mp3;common_voice_en_554344.mp3,twenties,"India and South Asia (India, Pakistan, Sri Lanka)"
male,309e3f46c6279612bca0cb3ac68bb3a8d1633bd449a70a6b9fb86c9f383b62cdf32d3e1e61c9a1b95db838799b56e9091ef48dad34cbf27a787a8884aa3266f6,3,2,common_voice_en_680854.mp3;common_voice_en_680855.mp3,teens,
male,30c52a75946a1686e987b923390ba437c07c01ba28d1223fb2d4f19d07e2dddd1422badc18443f304f5d46ba4a0da0276c4f7d50c4b51caab3a18f4cc27d0353,3,2,common_voice_en_83493.mp3;common_voice_en_83494.mp3,twenties,
male,310a1954872294f924cb507b35dfbc83a91e94f7e1d6d88710030bf844adc6459262a7f5042793ab11858f2f44c9c353e3978e9c2278004078cdb860eba5c6e8,3,2,common_voice_en_17261042.mp3;common_voice_en_17261043.mp3,thirties,United States English
male,31e1ac26c0d45aacdaee3aac6bf819c416cd147ae7c86ff7311f664e6d711325880601dedab41ed8b12977262893931709e691bb14525e73b050dce15157fbf7,3,2,common_voice_en_6377261.mp3;common_voice_en_6377262.mp3,fifties,
male,31e3abdfc3c73f6e11d077c5f7c60ab720606d0682edc8b197ac7bce0d2bd4dbad779e3bf3179c2155c1648c5c0be4fa759195f3cc0d54236c4319aaf0e5ff96,3,2,common_voice_en_34082125.mp3;common_voice_en_34082127.mp3,thirties,
male,31ecd42e23407e2e7acbfac338fcfd0d2645d533ffbf8153ab03761c869b7a30601ae3e3670af9c7c37922c3bd357bbaf37481310eaeec105acb60580d8f641f,3,2,common_voice_en_18091082.mp3;common_voice_en_18091083.mp3,fourties,United States English
male,31f236f97c3b5660534d82d40f55b2d942b2298a327a515b5a1c32ebd335fe4c386999575027e63d310bff662a83cd102243db1a7868390e67d6c635ccbb9d07,3,2,common_voice_en_568595.mp3;common_voice_en_568596.mp3,fourties,
male,31f35dcff22dc32fd26940a68d8af35fe586fd5176ca6bd10c6a2c03e1b4e827a9d3eab6cadf0c722f2767c852a848bd0d3b54a2ad332281a22771c86f31f90f,3,2,common_voice_en_9443.mp3;common_voice_en_9444.mp3,twenties,Canadian English
male,31fe3f218cb5af166717f588c75aa97da34740f38618b72a7acaf9a2ae35e81617dc924cd4477387dd8e32e3a54d22996a9d1084249d9d76325d333e97e4c3bd,3,2,common_voice_en_18898084.mp3;common_voice_en_18898085.mp3,teens,
male,320a902b5437620202f832545a1be3be83424e2668c523a8ae09ab298c78157a950d6c19bdcc1e863d775ffda991c57fb5d372d365acdbd874f107464f8723a8,3,2,common_voice_en_18661523.mp3;common_voice_en_18661525.mp3,twenties,United States English
male,3282d5684635c28bb28a52985c68cc9b3c2cbb7b19b58b7b9c8c2d36aaf2fb2640e02856d48fa36fbf4882b4d5e35fe97c86eb51eed21ba9448c068acffe57ea,3,2,common_voice_en_19590042.mp3;common_voice_en_19590043.mp3,twenties,
male,32a894454b95a13677425278384a54d8d759ba6336f11b67e718a45115e0733c5ebd8afd2d4f99810ce80a9215d940f021173c0f7c00733c946860bd5e97a113,3,2,common_voice_en_18383400.mp3;common_voice_en_18383407.mp3,thirties,
male,32fa0e56353f3a34183299cac9b837c24f3fa9468dbbb44a210394bca2e184c37906cc4367c0108def173291c318b8d58358c3f3dbd974da7522f1c54e91a81c,3,2,common_voice_en_27960710.mp3;common_voice_en_27960711.mp3,twenties,
male,33359e7fcd2a8f966111329180cc0b4c7c2ddf49e04b91ed9fd93ab95532e24a2ecfca5b9a92fe88c4bf8a64f01ae19c641c19d728441ce96c8c775084596ae7,3,2,common_voice_en_26481974.mp3;common_voice_en_26481977.mp3,teens,
male,339c9bed6cfb93f2cf0a6c85f479508c467102e656023a11f539eb7cf051ee409b12e6cf00e5b35da09d436d5e66b6eb772a0fe47d02de091add08b003235fda,3,2,common_voice_en_27346026.mp3;common_voice_en_27346027.mp3,twenties,
male,33ac770a63fd9d083a6dd35637d48a558dc180219ec5c30ccb18f699f2344bd22fd4262e92d761c03e88f8c08c7c0a8a1854f47f9b053a5e23c337ee53212c42,3,2,common_voice_en_38600291.mp3;common_voice_en_38600292.mp3,teens,United States English
male,33baf3ceda104b871513dac41baa36716158607e08d5838003971041544b84d820b9f0d43490366aca08d0566b80762d3ba7ef49583af5764b3f00adc6b6a73b,3,2,common_voice_en_17407347.mp3;common_voice_en_17407350.mp3,thirties,
male,350831c978e1b1b4d6262598f7625982dfc22c8c0c6ee8bba40b5d06e50daa92900ad6b3c06d9ed43164076813ec044c5494038488f333ed75be61df9d496bb9,3,2,common_voice_en_28633505.mp3;common_voice_en_28633506.mp3,thirties,
male,35116ab4c1bbe3835fd511dea17ca6173559b8778e22e15e4a7e16018c252f22ccd111a04cf98fe1fc21e5f7297ae4215a3e6f8be1a7ecf7715d5023b345094b,3,2,common_voice_en_19706779.mp3;common_voice_en_19706780.mp3,twenties,United States English
male,351a8ffaf9ed6f22987b0c455af4abd465d82366e83193f8759567b7ed12502ea335b30a507058ce137a4546a05320b608b86e4756751e7c24f3a31edf40e2ac,3,2,common_voice_en_31811126.mp3;common_voice_en_31811127.mp3,teens,
male,353851574eae4f8d1df3bd6b125766780254ce1e77d0f92a27c004e46df968ed4fa08e3de1a5e96d45d497ef0b08a2b8b9031fe875739dcbec409d3f49a5db35,3,2,common_voice_en_18886076.mp3;common_voice_en_18886077.mp3,sixties,
male,3596cb9285790f8a58a2d9c8c443a14669da025df3b0a298604789fe1e11195b2d434da4ce4a14843333aef50a5ba5876530673545ba3d4175b3a2a6b3de55b3,3,2,common_voice_en_19758819.mp3;common_voice_en_19758822.mp3,twenties,United States English
male,35987bb519ae576740d4f22e3531829b832af3cf311a25a3c0eb1e2c3a1a149faa05375937e0f390e29cc7e4431bc8ba910bbeca91997c80d0444e7c8810c912,3,2,common_voice_en_125403.mp3;common_voice_en_125404.mp3,thirties,England English
male,3601eacfd664b36263b89efe7ce7f51e9123fbe7f5e972e76fc5a14c99076ab224772832d358583763ff79fdb8bc493e498b0e36a5f35506fcb74a97a4d5d043,3,2,common_voice_en_27302134.mp3;common_voice_en_27302135.mp3,twenties,"India and South Asia (India, Pakistan, Sri Lanka)"
male,364c85c63b2e793fddc2b3d6adc8a9b09c75841605cc5468c57b2131ec9f26e2e1d5c67b9c4139b140c945541afc2106a04ae11a7cb99a9a5e8d44b2a2d1e969,3,2,common_voice_en_221271.mp3;common_voice_en_221272.mp3,twenties,
male,365dd12fecff1877795be4037719ce4ceba0f7c364729ff392dfbf36afa58665a343ddd2fe81a5af648b85ad4f4efaad50115ff295198f59d6eb8144888b0919,3,2,common_voice_en_27650873.mp3;common_voice_en_27650875.mp3,twenties,
male,369e09bbc672c861c5896b46a3148f0a775ff1e87466b5a6cba73bdf521f9250d845d5767db1bf65fab6fb79403b95f9cc240dbbcdf85f2c4577a37096c8eba0,3,2,common_voice_en_19679190.mp3;common_voice_en_19679191.mp3,twenties,
male,36df8fca59bbec8844b8fcef0d54b661e8cbd0dba62be7ae50ad0734f04c3381039667a7c8b2d98aa48e178a66882fc00629bc2154f7896a929a92f3d0e4063e,3,2,common_voice_en_19024312.mp3;common_voice_en_19024315.mp3,twenties,United States English
male,37647f01f048ae8a69ef42942bdaacd3c1ab71fbf82dae8e92b18eb5faed65e8d4c830cd490e24c3d8ac20f523deb809f77c83bf3cc4331053e8c4f5529c42f5,3,2,common_voice_en_1729824.mp3;common_voice_en_1729825.mp3,twenties,
male,37682f9a086b6d5a18c07ac96653b0a88197fd23949cb287168735da5b860a9f5937198ca00d71bb9ec27d634d6375bd2aff2f39d74941b0a00ac5176f1d5a89,3,2,common_voice_en_20976458.mp3;common_voice_en_20976460.mp3,twenties,"India and South Asia (India, Pakistan, Sri Lanka)"
male,37c4416eda0d9f8fe644f580478f5feaedaba3162e50558353c9708e86b7130d1a15ab0d299e3d9a5c33c49114efdc0d611c70061f9d5914b5c35742bdd4ce71,3,2,common_voice_en_19935830.mp3;common_voice_en_19935838.mp3,sixties,
male,3826e944c5f76d16ad059a62acaa95535a07a52a232b6eaadbb4ff3a4e3182ef2fe03f02cd1893f03ce9d30a5c381876660a59c5f183e7073d9c9850beb57bd3,3,2,common_voice_en_18733233.mp3;common_voice_en_18733234.mp3,twenties,
male,38660569a15053a850e8cefb1a926e744256e3a12eb421562d20117db4f730ae1797e01502b6467b75f0136a5c7985d98d69373eeb262d9b7938113c7a586115,3,2,common_voice_en_532205.mp3;common_voice_en_532206.mp3,twenties,United States English
male,38ac1e628a01057fc7c39d664335269b8c15bd92dc9d083b949daa62f3002c22700ba0a9c4af86257dc9644b773d3c071dd72c8cc4ebac3ab6960ae76d332702,3,2,common_voice_en_618080.mp3;common_voice_en_618081.mp3,fourties,
male,390dcd6140a05843660ba677cd8d4b603fd9be298ba77157f4952aa1c7cac34909aec3ccf760a8ccab579c2ba941aae091d98267d8c007eebefe2f7fd756b29e,3,2,common_voice_en_17886429.mp3;common_voice_en_17886431.mp3,thirties,United States English
male,392ffdea809ad99eb804f7cef2de91cc59c5d74d1618f7a6ab3f518c12fbf4d888e0411a384fe20521e6f46ae434235588ee23eb0553c61fd952be9987027b9a,3,2,common_voice_en_516319.mp3;common_voice_en_516320.mp3,sixties,Canadian English
male,397fee8606224e13164ee07197876f94eadd7e19cb127ee1e852631574cb557f585b6409a12ac98723709d56070e9a2c97094838ca3527aad7ef1f13317d4f5d,3,2,common_voice_en_40175289.mp3;common_voice_en_40175290.mp3,thirties,Thai English
male,39cc99af14381bb60641e5f7540e248b8b9bdf89e887758f7054bb2aa6aa2457b083b552785f9c0045791ef446b30930c9f7c03f4199ff48a5f3ba42cd2e8f9a,3,2,common_voice_en_17897783.mp3;common_voice_en_17897784.mp3,teens,"India and South Asia (India, Pakistan, Sri Lanka)"
male,3a49a5370cc7fec15a28e4dfb28322210b22632513debe8141a9a315a013008e2035afa7216d58bc54a4278453ab222197bfb440c3000d32d257211deb33d82a,3,2,common_voice_en_36990879.mp3;common_voice_en_37077375.mp3,twenties,
male,3a515a07ead0c8bfa2b0c182415047364f01de7ee9a73262402b19ebb9838def3e528028a04f661ea32fc2ffee4435cc5833cccf74966eb3201a3fc88b7053f4,3,2,common_voice_en_39883883.mp3;common_voice_en_39884010.mp3,thirties,United States English
male,3a63156a69b7efedb3d97972d4a5df865c2d8793ea0a54ba6143b850506387d68e20e953512e010fb01287a6dadc84f125c32b2f9980b6a5049551bb40bc8ce1,3,2,common_voice_en_621520.mp3;common_voice_en_621521.mp3,fourties,United States English
male,3a8ec6b0fa12f74596c598dbcaabaacada36f89c1b3fe7e1dfe13d58c38aa33e7cc35ff2d8c733ab8e4fc22125ad8273054c9b0e1f86fc06170c578eac6dc463,3,2,common_voice_en_39561800.mp3;common_voice_en_39561831.mp3,fifties,England English
male,3aea0ed35f128feb883d74f62f4b24237d63bb0c757518e4c16eebe42fc214bb018249fbf041db61b22629a2cb641a19ce82bca1469d4df9c01cfbc787eb0b39,3,2,common_voice_en_17640752.mp3;common_voice_en_17640753.mp3,twenties,New Zealand English
male,3af0e38c640bb2dbe501ecf8e0fb2dce98ad47feffd2c0a3b7d49f301731cabd018cb00ea09f4351257afb8266d71d343aee223f3f3a199a22da77c1ec251882,3,2,common_voice_en_657448.mp3;common_voice_en_657449.mp3,thirties,"India and South Asia (India, Pakistan, Sri Lanka)"
male,3b010ecdcde0fb62eab1c5d256cc0b8d7d7d57a35a8e4ab4246a6ffc35eb7dbaba3df2a8c215af246b1cdf3151b4f1d82d331b484b97a395aac00d8e7f4458e7,3,2,common_voice_en_19301098.mp3;common_voice_en_19301101.mp3,thirties,England English
male,3b7f5f3c0c01ca0d4767d6dc8fa1c65e96bea51f720a9d8f510d50b4cbec1a1275b137feaaeb0682bf123e0a539cb139ce5e895bcee1b49a7f4ccef9efe6dd95,3,2,common_voice_en_25793074.mp3;common_voice_en_25793076.mp3,thirties,United States English
male,3c385c6e0ec5f44edf089882a0f3db43d31fb791efc43ee6c89a201edb36f3b791382bb44c47568380335b17ad931bb9a2607829e03455da292a09b33c3da3a1,3,2,common_voice_en_17484764.mp3;common_voice_en_17484781.mp3,sixties,England English
male,3c3bf40ca6ee110386a27a6ba60f6f80c8bef17a7f5761a05fd15e0aafb1b6268e207dac91b7201047751d5d55b565c6d66d32a20af215eb591c236edda1b2d0,3,2,common_voice_en_20318079.mp3;common_voice_en_20318081.mp3,thirties,
male,3d0877143632393ad5dfe871aedf628430210190fa72a611aad35742097531e37b5a18fed4d8e4e0b7cc064f8898dad99d18d81994c518c419d63c8ea3e69ab3,3,2,common_voice_en_17563271.mp3;common_voice_en_17563272.mp3,teens,"India and South Asia (India, Pakistan, Sri Lanka)"
male,3d65c6fc6ccbc7d42e40f6f4afa16f0bef93bb60b9a6d68fc297c0e8170de930c3891f5d1b756b761b60cf1cc8658b1ecfae5cea046ecd66887898f41d4a17be,3,2,common_voice_en_600882.mp3;common_voice_en_600883.mp3,fourties,Canadian English
male,3d69433c42564dd882aae89a6f1e75c18c28c1b1366cfd61102ebce4c77e1dd8845570937790f5e3220b0143bcdfee69a9050bccbad4a7a94442308e6d07297d,3,2,common_voice_en_17321671.mp3;common_voice_en_17321678.mp3,twenties,
male,3d9cd848bff400ab7ca0d776c7aefdadd2c71c54af357da67fec93248c173659201388a7e71713fbf14f581ce002d76dba22daff742a423906c5aa0320522a3b,3,2,common_voice_en_18130970.mp3;common_voice_en_18130971.mp3,twenties,United States English
male,3dfd35c57085504ce6ea61d4ad6438cac6f2039ebe503269471687561f7363b84367fa533fea98a4c7484b8a67cdaf46f6f7590a7576eff4e68c256d8eb7698d,3,2,common_voice_en_19686518.mp3;common_voice_en_19686523.mp3,twenties,
male,3e0156e1f7ee3fe614eb63c848f2820964b284e0e0a19e4c253d9f27fddc45c96453d25368928c4f85c6231e2e1d7c5f65300373f9668a7c85a7ac3e4212660d,3,2,common_voice_en_25465002.mp3;common_voice_en_25465008.mp3,twenties,
male,3e3802c6fa0016684476cb16f955011b832935165d8807fd942c6960fd47aa4736468490ea322a32fa02d48a175d4b7846f1afc7caeeb2ed7d0084e99e732f0a,3,2,common_voice_en_21393199.mp3;common_voice_en_21393225.mp3,twenties,"India and South Asia (India, Pakistan, Sri Lanka)"
male,3f3636095b02b945a2aa44686e0d398be3d9198928a9ef6049b93384148d51843d05ae0391fb35e01fcc69ae33a33b8d456a5ed8bc52ff93475eff2c253d3075,3,2,common_voice_en_37020213.mp3;common_voice_en_37020214.mp3,twenties,
male,3f55eeaecd241e28b627b5200d414b59c3941eac16c2d6bbf6947ef0af25a24d4dbc9ec6f5f24bcab6c5c3270bebe6b395e0d1f6182e508e01b6be8541e3b262,3,2,common_voice_en_25337475.mp3;common_voice_en_25337476.mp3,fifties,
male,3f9889f52e8b4993b5f53b9e359b8123d08cae0920a128cf536934bb18aa012aca025339f3385cced7b4768a60f970283a1d018493fafdcf32718615a3f50995,3,2,common_voice_en_31723269.mp3;common_voice_en_31723270.mp3,twenties,
male,3fa7d7ae1ea99399c1862e587c3fe01141494dbd369d082d01d1b30e7ae2110b7a5210da112bfccbc86bf0f327f57dc8bd759ef043c1adbdcf77fde7cf962842,3,2,common_voice_en_19365432.mp3;common_voice_en_19365435.mp3,thirties,United States English
male,3fad362b0afe0922fadea96985ab4e0f6d827591428ac25c1db07a8ef33560ed82eb8ebc1ed9f45ebf9bda504fb38ffb93029071f6657eb6b7e7d0b9f03b0e1e,3,2,common_voice_en_284601.mp3;common_voice_en_284602.mp3,twenties,"India and South Asia (India, Pakistan, Sri Lanka)"
male,404d1d3997a988e3a24ca62b0f6e22c3eb24c50b394fea87ccc9e63dfbbbe9f85e723a768d5a32172f0ea59a53a4154fb3ae3d41b195e046d6d040264ad7092c,3,2,common_voice_en_665622.mp3;common_voice_en_665623.mp3,thirties,United States English
male,4053ef2bf1ffcd3fa32d7d9e10c68eb742ae0bbe5367cde38b3bbedfa1068f4d983b28c4f8635cc21053adc40257064075b489de89e1470f68b1edc219039b89,3,2,common_voice_en_510844.mp3;common_voice_en_510845.mp3,sixties,
male,40623e005a309e28d46c9b53fc283873cddca00edba219a9ca8345468678abf6457eb4ae8cd6e70d046475da020b5a0141eb2ef9ee42f46dfaf666298c4681d0,3,2,common_voice_en_37362738.mp3;common_voice_en_37362739.mp3,twenties,Malaysian English
male,40ad93aba40046e432aec473ad65bcca978a030d452ef0909c6a7b9ea49f08ee7fc210228dc6807e8660a8c2bc37f278a75a37f05c6e670ced87923cdd41c165,3,2,common_voice_en_18164004.mp3;common_voice_en_18164005.mp3,twenties,United States English
male,40b345a9b0539975664dd961dba90e20cef0d0bf9de4493ca272b935fdb764dcef8790d71d5d15b291b5e31327c2fa9a085b29b3dd06b873a68d88fbe8cab129,3,2,common_voice_en_22957296.mp3;common_voice_en_22957299.mp3,fifties,
male,40d00fac1647e5d05d7ad078adda2cbd598983b82199755d4b9b7078f32954d6e3ef7c7ac7d9650e66f1bea74a34c5da360dc654e2d3a8075216aa5860582661,3,2,common_voice_en_19817958.mp3;common_voice_en_19817959.mp3,thirties,United States English
male,4121340c1148b5d0a86422e1a77011241a4b800e7e35d1f3b62c486ca11471dee5494f5f60ea09ccf05ac9be88cdd98fe30a25cef48ac8696d02e67585113765,3,2,common_voice_en_18509190.mp3;common_voice_en_18509191.mp3,seventies,
male,414cd1e6ebe6f7df559e6e6efcf4ed63b57a6fce9db578a5e40f3e5364cae590868633b7e8e7d45e91889ab26eda5fc63b59dd2d23ba6ee45673e9647776f5f0,3,2,common_voice_en_18731538.mp3;common_voice_en_18731543.mp3,twenties,"India and South Asia (India, Pakistan, Sri Lanka)"
male,428a1ee3aaf5fe0b437573a35198a015fc44332091bd3b37f287cab7f92c59765a97b32bcafdce0b9bf3813042f9bdb3b841da7ffddbd41616b06db7b11b35e0,3,2,common_voice_en_20233163.mp3;common_voice_en_20233164.mp3,teens,England English
male,428dd6e8b9a87fcbd3b2fb33f6946cdce68e99909978f8267c0915047ad7d0bf08a0281953f71552efeee46b0af43ab4c5c80e7fb08c49cd6272ec2c77ee9334,3,2,common_voice_en_17816501.mp3;common_voice_en_17816502.mp3,teens,
male,432c4cfb7c4be816a98bcbec5d3779d8976fe9bad3087d13490e14f60873fc576c24555e6af7a0e077f759a918354bede033bcccdac4fe9a75973bbb96c0fa4b,3,2,common_voice_en_31560942.mp3;common_voice_en_31560948.mp3,twenties,
male,433bc87d71800a5feae4985a6835acc9964e7ed137736b873bd453a9d65434648ccf316ac7e48f42643a13ae8013cc985a761d032e7d84da1b0494f89ac7a6c6,3,2,common_voice_en_17561641.mp3;common_voice_en_17561643.mp3,twenties,Australian English
male,4372bfbfa7cbf2844f09a2cd0447567f04e74370c097d120bd3580b6155d09cde93f4e9404fa0101e42bd74ed3e26d2e06e118f2be9bcea84e13292f57d49b78,3,2,common_voice_en_677889.mp3;common_voice_en_677890.mp3,thirties,United States English
male,43c6431ec005a940caf764521b8889953a4d97c2094da5e954f724e78382e742925063d491c3785122f50d5344d5dc0a1a4129c08fbaa9ff1b247fe97904e98a,3,2,common_voice_en_18861483.mp3;common_voice_en_18861485.mp3,twenties,United States English
male,4401383591470f98d614719a30b5a664c560ff56e14b4c5dc02341f515f22231360ba7074a46940244e099b2cb4604f1639e3d44e084d63faf2c9591d857ff45,3,2,common_voice_en_19991323.mp3;common_voice_en_19991325.mp3,fourties,
male,440711ff21152032b371c0748af7dd063a4ab11e1475bab30bb80334353658eab2de5d82030ec9680a1c832f49d24d893103f70ddd230e230c8a3cb2750eb49e,3,2,common_voice_en_23646000.mp3;common_voice_en_23646001.mp3,twenties,
male,440f722b58bead1f732df682ab28de10ef803a3a5702f6f59ab9538e2704fd95dbf233e3212e2cca36e9bc5ae3ad2e25696edf44079e3b47558df24b7edb6b40,3,2,common_voice_en_31643990.mp3;common_voice_en_31643994.mp3,teens,
male,4423759c103ed917e71e43e20ff6790e0525e1947129e386517bd153df82b387fd1d96f18f9bc2ae49ff8936a498e88b9fa31f91c45b751313e7a89e52054d98,3,2,common_voice_en_546119.mp3;common_voice_en_546120.mp3,twenties,United States English
male,4452d78568c07c1bc082ebb8648c8f0244aab67e002ba293052726ba7592472adf30b74bd9f749e2a7395ebc00c233a879296dfa13cc0a675643e547bc7cab95,3,2,common_voice_en_28967813.mp3;common_voice_en_28967821.mp3,twenties,
male,446e7f2b579ab8f243ba3732026a5b4480d72e68821ed7502c24a26a44d236553c51c9c8c03145b89aedce58afa2dfb5b9a7cd551eeffed6674afe0ee291a40f,3,2,common_voice_en_23679643.mp3;common_voice_en_23679644.mp3,twenties,United States English
male,449ad6f6ab1eccea6113f9308f8d956ae6cdbbc733a50834f27c656657897fa4f12e5d6f4b7eee905c6d2c816d98bbbec9f815f2f6a7cc95b10508209ed6fc73,3,2,common_voice_en_20323283.mp3;common_voice_en_20323284.mp3,twenties,United States English
male,44ad5b3563685aed14955f7b7864a5cbadb7aff73420372e40bc2e9c94acfeb2f517919e451e7a90b0c63208d12aa7b385919401d3b96785a61f7e578d3fd009,3,2,common_voice_en_19246932.mp3;common_voice_en_19246933.mp3,twenties,
male,44fbf0c9a922f52be9aab24b1a4153d2c6e1a752e408e54364e04414a7169672eb270259e538751c9f7b72bff06f62c7c01ff6cb2eccc4f1a49e1448384c15c9,3,2,common_voice_en_17890010.mp3;common_voice_en_17890011.mp3,twenties,"India and South Asia (India, Pakistan, Sri Lanka)"
male,45438126565d1a4a80c3996042ecbc7bf8010660a2a95f9adc8c59b83f40b0bf58727020efb6e1cb49968e8fc70f3c2753f92a64f0f8db7677f7ff55d823fba5,3,2,common_voice_en_117200.mp3;common_voice_en_117201.mp3,twenties,United States English
male,457b36496256b727b964533c03f67434a9601ee4896a34fc39333c249c5b31740e397fe93a2f613f6f207f4f46e1873a32cdc1c092fd765d68e8bbfdf891da52,3,2,common_voice_en_365550.mp3;common_voice_en_365551.mp3,twenties,"India and South Asia (India, Pakistan, Sri Lanka)"
male,45b2987368108fb9d09fc0d7aab836fec05d46b96ee5b71a37cbda95ffad53e202adde9c078dc7e81a9e1b9b950d837a788075aeaa200bbd2c762bbb286f1196,3,2,common_voice_en_17938490.mp3;common_voice_en_17938606.mp3,twenties,United States English
male,4620481f974017e4d43717ae887a0f9eae03992fdabedd055fd67821c640dcbfb99e2ab679943046c08130de416b567b48a7fff1ad3b97bfba7f00bb4c51b93b,3,2,common_voice_en_19502746.mp3;common_voice_en_19502747.mp3,twenties,
male,46539473f7a580c29c75924f3911b13f08023f3a3aa0d1edca4facbe69de72adb5fcd1298a068cb1d40199a93822b7feb3c1553eb4e3a9bee84e5b5b6d010edb,3,2,common_voice_en_19640821.mp3;common_voice_en_19640823.mp3,seventies,United States English
male,4693f221af797abde5f3b6cf10b9d2d0b0ce91701c617cac9f9cb8cd30c3dc89cc7102aa0b29564d7284a30c768e14e2c0e6237a2a3011971933eaa0185d027b,3,2,common_voice_en_20257399.mp3;common_voice_en_20257401.mp3,twenties,
male,475c0c83b9f77c793954f033081e00e483fe9f6037940af28f1d7906cce8854d29862c2cb8e3d6d4da4bb63744f5df257360821977c2145cafedb8866fc85e7b,3,2,common_voice_en_38278563.mp3;common_voice_en_38278565.mp3,thirties,"United States English,Appalachian English"
male,47ae54d034a5cb87bcb9478901471e72e9005e7da1715d0606e9e2437d9b0dd3ed33a5e10017d4f305a1301efa3df2916708af139225615ead9d1a268916ea96,3,2,common_voice_en_17866559.mp3;common_voice_en_17866561.mp3,thirties,Hong Kong English
male,483f826bd795d4eba4007782ddf154f7f3a324ebc3174d0440f39129e9a6df63e2fa51d78b89c2d232311654a6aadbfd08f605be24322526b1aa3dfdfa396305,3,2,common_voice_en_619910.mp3;common_voice_en_619911.mp3,twenties,Canadian English
male,48c2f55434bf27bddd486c656863beb5ba9e8a7a3d550c1a5c571a47d03b16e7520ecfc2ce6e6731f7e87975b5c4495f587c6a0c1d5a5e693d3fbca09a05e70b,3,2,common_voice_en_502622.mp3;common_voice_en_502623.mp3,twenties,United States English
male,48dbb0d9d723a4193c209adde5cfb02998a141f63a7675f8e63b59e24bd71f8c609946ceeffa2cbd6bd01e343641d44534165c5321cb39cfcd6501a67491d546,3,2,common_voice_en_17638866.mp3;common_voice_en_17638869.mp3,thirties,United States English
male,492830e415c8c04bd700627700161193be32ba7ed7979a9e4d8b095fed925c6bae5a9b2816fe6f07ef26a49e7826603cfb8d54efefd8be08fc9491331564c1ef,3,2,common_voice_en_611362.mp3;common_voice_en_611363.mp3,thirties,
male,49406a9c26ee8499fe7749b95c17a6ceb809e3f9e1f17cc14f7608cc221760c67dc92190f0831e11c3f71d375f0cb617ab48258d15c007637cf19daef2a7c4d0,3,2,common_voice_en_31661955.mp3;common_voice_en_31661956.mp3,twenties,
male,49bdea21816624a9323eeb6bc73af57edd45070374156bb1d0ef2f7d0d06b5ac8b94fef38e5e3b2ed036a77ed4e15fff9be8effe3ab54b47c789b100eca165d2,3,2,common_voice_en_39746109.mp3;common_voice_en_39746110.mp3,thirties,Irish English
male,4a4e4dd49f424c3b2fc20f2b4550aa4ee08ad36df7cb0c042730ed08f75d90a50df73a1602ec87450cc43a3570206c85054bb43822054b9cb5a84cf931f29133,3,2,common_voice_en_30478302.mp3;common_voice_en_30478304.mp3,twenties,
male,4a6a83e5512eccc95a0057448334cb335954ab18091556d47d3a51a6f9aaa52086eef25cd75b540a9a01b665a9b4e496a56d4b2bdb289d2088677dfd7ea02891,3,2,common_voice_en_19264083.mp3;common_voice_en_19264084.mp3,thirties,
male,4a73cac69cde7713017aacf9ebb2325e3b3da29852173e323ba582c3a4171b7817555712a6d56aab58df5454eb84ff6ed1a8686ff01a8586afa8249e41119c92,3,2,common_voice_en_27117177.mp3;common_voice_en_27117178.mp3,twenties,
male,4afb41b8571a1cbdf05af7cf408d83cff64aa589e63eb42db29fc292f334fd8e1eb4a2716aefc1a998ceeb1ce23b50b399d7d316b331b7ab3b671438180b5917,3,2,common_voice_en_17375562.mp3;common_voice_en_17376137.mp3,sixties,Australian English
male,4b0e09de020fe1c9a8362da8c932621c855a39dfe61ec47d7a686ae5fafa9ec953e1f077091e59f8e64d3a2a712f681ee4d7aad0106abaf94722377035b198cc,3,2,common_voice_en_18357036.mp3;common_voice_en_18357037.mp3,fourties,England English
male,4b1b9a92c1b47bc7309fe4c8e47e5e72afaa62283c52507e3b137f0f9238fc6bb1ad6584b9ff312d38d437b22f6fb89c1361b31a90ad72d0d5a86884857351f4,3,2,common_voice_en_15735837.mp3;common_voice_en_15735838.mp3,teens,United States English
male,4ba01919623799fb6fc05ba0fa6b2e8f8adab8052d3d54f4cc9d832e631f1bffeac65d72ca39e6347c97ab5b3aa816c35554d8303939728ab767fc2e780c1774,3,2,common_voice_en_31641526.mp3;common_voice_en_31641528.mp3,twenties,
male,4bb37dc4cbd0586c6983a904b9ca7289126280afc27dfbfde5e1a4f56322f012351f1c1d3fb679867ef51c085954280cb606f5115bb1782f9ca754a471302b8e,3,2,common_voice_en_17775332.mp3;common_voice_en_17781070.mp3,thirties,
male,4c2ada27b03caffd19e7a3f899939bc7bd19abdc9b4ca4eab3567515868bfdf6eb86e3a4e1bab434a7a0143ae0b140a79f23daa74de2e204ef413337e132d7ac,3,2,common_voice_en_18276812.mp3;common_voice_en_18276839.mp3,thirties,England English
male,4c64e07493756cc2f159a1d5c3c9f15219937ce0337134cd1073b2ddb441ce8fc375a60b1030b2aef4d466e3acd5648119dd592429a106bd94b4391f5c9da95c,3,2,common_voice_en_29808822.mp3;common_voice_en_29808825.mp3,thirties,
male,4cde69c000dad561b1a471d30eb7d84588bf810ed2a09f5421074ca84c44557a66c4f19c8b40899993404464c04f1777fde4929f97c4fb8e713aeb352fd69116,3,2,common_voice_en_31563874.mp3;common_voice_en_31563876.mp3,twenties,
male,4cf574862ab0b06a0106631d968f3df3a557ecf6adccbbd37ff9d8275fe2b69a9d92a11b42119db598d0387230f4d020b9b941bab48c18e5662bcd3935c44a9a,3,2,common_voice_en_21883549.mp3;common_voice_en_21883550.mp3,fourties,Malaysian English
male,4d1c402f82e5f03834948c76904225b1522d253111587da7532fb246912be5e18068b5721ede5feb16c075636603b847326f1b30be8d0e3aec58fcb4b654145b,3,2,common_voice_en_23388480.mp3;common_voice_en_23388481.mp3,twenties,"India and South Asia (India, Pakistan, Sri Lanka)"
male,4d514f7839d0e6f82f74b5a306b38a75c129c48146c00c8cc9292b3a24280926e34fa723b9716de2fea652f0eaf56196f53d48f3b85ecbe8f31780b9f5e3d75c,3,2,common_voice_en_19745335.mp3;common_voice_en_19745336.mp3,twenties,
male,4d71168f6d407af89ee5c58b9a3ef174f351863247c7a1f482775cbb13e71ff394d128bfc6744131c3963742e77e61ad35bb7907dc48750d2bf869ec4e1aa194,3,2,common_voice_en_10428.mp3;common_voice_en_10429.mp3,fifties,Canadian English
male,4db725055aed151fa2febd37f9b06ca93827038831ae2a178c23d9efa30e9fa13cb4216b7baa2b7d26e14942444a4b9c0a94fa185b1e8ff5ac477b4da6ab59d2,3,2,common_voice_en_18147098.mp3;common_voice_en_18147106.mp3,thirties,United States English
male,4dc00be70c01692a53f9e99c304c21e74a79bb6a8d9ad4e04f701201ece1de827d5cbf579dfb4bfc308fe7c7b1916019f884f2a7635f71bcb94688d3d812ee85,3,2,common_voice_en_46082.mp3;common_voice_en_46083.mp3,fifties,United States English
male,4e3b42914a8dcb3bad41a149d16f3eaef735af73c67d27d91d35493129d8df0072a62119131d70a3272f1a1948232c1ef7bdd4316cebf51a8d1464bcf8d6f087,3,2,common_voice_en_3493877.mp3;common_voice_en_3493878.mp3,fourties,
male,4e41931b91f8915b939d37cdf14cc5a16bc31ac7eeba1006724334e50087645a9c881aa31fe5b37c60e7c4a579ff9612bc1de215870cb57ffe98666cc51397a9,3,2,common_voice_en_19856736.mp3;common_voice_en_19856737.mp3,fourties,
male,4e65d2c299283b0dc06d170a0b27b8a6739b25adc5dc2f2f157b98a2492edfe6cb3090285fa08e5111f38a6a59471a1e12493800f90b3da67c16d3d8f2c1e5b5,3,2,common_voice_en_31678246.mp3;common_voice_en_31678247.mp3,twenties,Not bad
male,4e87a619281959d0dddedddb70f2978aae0f4bca02697081d1caf8b7fcc029306f0ae53a8c59505de815d27dc8686809bf2493fc372cd19c1edd34622e8e09bf,3,2,common_voice_en_17823848.mp3;common_voice_en_17823849.mp3,teens,United States English
male,4e8861d439763e8a5e6b1e1caa2ddddc42157f7edae0e10746072ee226b6f51b0777fce26ba8ad807ef60fd5fdf2dc539392f6f40f52ff7f4045e47f8b1bd761,3,2,common_voice_en_17284402.mp3;common_voice_en_17284403.mp3,twenties,
male,4ef9346ba6e8819a4c961ec21cba96e6e7aa94bc0d7d80a545f097d839655450bb95b97ed6e3e51bca5ae658f5b8f2e7166801cd3da3574c7ea05984abf54c03,3,2,common_voice_en_17391831.mp3;common_voice_en_17391832.mp3,twenties,"India and South Asia (India, Pakistan, Sri Lanka)"
male,4f351420d1e4e1734f121b18fcc5f46b16424fcae076815108445a857b66e4e208cc711cf75cfe821c79fe8bb798d00f154bb3fea88ece6bf4b9bc947b777f63,3,2,common_voice_en_27554178.mp3;common_voice_en_27554179.mp3,twenties,
male,505522ff9625b2124d3e3dd87572f63fdb483b27a415021d2fd1775d7e10fcd59302dfd174993daaca538cf72e6d119b9fd8c72355ac6837e83e6433b93f4912,3,2,common_voice_en_570615.mp3;common_voice_en_570616.mp3,twenties,United States English
male,50733120bb46f4d0b8a04fce2868bd98ce72d6a592080e612ebf52f2d3747925f3082bf33fad0494fceaa2ed9ceea7d2286c368a6c1d29ad3832aae8a984ccde,3,2,common_voice_en_20872478.mp3;common_voice_en_20872479.mp3,thirties,United States English
male,51348a4c8211f8e3b0e31b95a9c5aded11cb79498f415d85f3eef052d3a19107f9bfdf46624be097573b755ecf2c960600eeab0f019314e0793362b07e1568d8,3,2,common_voice_en_39705885.mp3;common_voice_en_39705886.mp3,twenties,United States English
male,51cac37dc7776dc6ed89e1aeabf181ff838536a1aef80bb1e1f2f012df2d7a03111d62d7ca11f404a79747dd078f54bf00a2bb900ad94646c80421ee5c7ca46b,3,2,common_voice_en_490604.mp3;common_voice_en_490605.mp3,teens,United States English
male,51d854802751e1bd65ff4761373074ff1a73988692424fd66a399a65bdfe8233880836ee9ec566db44b27d1dd7d4ac959ae7c0d48a508c2aea559ca7f6e141d5,3,2,common_voice_en_17290798.mp3;common_voice_en_17290799.mp3,twenties,United States English
male,51f687c2fe8638f8442922dfab815d14c63bace0c4f94b3efb2b3ba3c139b06b539079d35222c8ca6248683a52b2c39648daf67434d29ae0d1f91293e975ce4d,3,2,common_voice_en_29440889.mp3;common_voice_en_29440892.mp3,twenties,
male,51fb60199b6f02c39aba731946c440f26cc33110311f5fe2c61092ebee31a99ec4941eff368fecc6de1bd1509857076dd7ab84c645f51241eb18134b58bf3231,3,2,common_voice_en_22381691.mp3;common_voice_en_22381692.mp3,thirties,"India and South Asia (India, Pakistan, Sri Lanka)"
male,5241bc35fbbf9be8d2f3596ac0ec9fafa3a72333b46d7459a687857b06508dc0154e0b6484d23655cc7cf8c6a038de90c5f4f4902ed69a5009815eb88a14a027,3,2,common_voice_en_33443860.mp3;common_voice_en_33443861.mp3,teens,
male,52487c381c8f686d42b00c31e18ec6e2ff9849942ff7ae066f45619e2905d4b2e98c59d23a294a3ab3696d0c619e4bcb630464490a740714b54854115c44ce0f,3,2,common_voice_en_19795448.mp3;common_voice_en_19795451.mp3,thirties,Canadian English
male,524cc7b8990bdbc7c7b1b1dad1b046e7f73ace0cce37e5f07a76ed7bdfbc7babd33930a6122ad2dcc2cbb0181a96f421e3743961b9b6637d2a9d7d33af66415d,3,2,common_voice_en_214019.mp3;common_voice_en_214020.mp3,fourties,United States English
male,52dd4bec5643f70b1bf0bab2a855337f6731074f2132ec0bc1ed808b1bac635fb9fa32b2393c9f714f18ff035195385a2fe608a1f9578dbb1267c6a7fe4542a0,3,2,common_voice_en_532869.mp3;common_voice_en_532870.mp3,twenties,"India and South Asia (India, Pakistan, Sri Lanka)"
male,52e15d3d8769bcad2a6661365b90c60aa74b66d2b1f310a969634f0d75414c903aef366fab445838d9dbb0447e2646ef4f86011d0324658058d985f984a9e4d9,3,2,common_voice_en_20535538.mp3;common_voice_en_20535540.mp3,fifties,United States English
male,52fbc999739539a5392ad5034d8e86d10e76725b95429f5b047ffb3e2497165634d364c130ea56b1701ff24438d569c624ce998d9ca23753fa9e90b5b2f9ddf2,3,2,common_voice_en_24985908.mp3;common_voice_en_24985909.mp3,twenties,United States English
male,52fd86141262aeb1226edf91affa478203ea88c0cbd311a9b9a69edfa4f8b3968c9a43a527b7035c160c24dd56ed63522af8921a0226d78bf754ba32271e401e,3,2,common_voice_en_18324020.mp3;common_voice_en_18324021.mp3,fourties,
male,53073f7e72919ad84465c47a8bbc15c6d116015b97672b53417b5ca5e0b5514dc8095ef709cd66773d56e6c19563bdb65c5a53fe0c4e0d9652e08a215320cdf5,3,2,common_voice_en_20621258.mp3;common_voice_en_20621260.mp3,thirties,
male,53a8a024d7488c9b17d343c14894feb423da3df2f86a394c5072399861b0defb04dfc41ba8b2c8d9f177309300f2594c8d4f175ea685c6635c4bb233c0681297,3,2,common_voice_en_618241.mp3;common_voice_en_618242.mp3,twenties,United States English
male,5459b3d7f041ab5b8c413f1c27e34a8234d9592c0a0c18f292113dc32697a37aced944566e60e3d6698fdcbec6500db1d364d76b40ad0d0447ee43242c50ab22,3,2,common_voice_en_404833.mp3;common_voice_en_404834.mp3,thirties,United States English
male,54d313c040ce7e5321f8d522057998a1b00f11755c77f28e7f16daf6eed07a5d5020e5bec44fbe2e1de910d03c8a37eb774e908579f290cd148b62245729787b,3,2,common_voice_en_20304624.mp3;common_voice_en_20304626.mp3,twenties,
male,551acb53ebe3aa1f78c324610dd26689ac0f3bd1891c6bd99b486a9201f8421fd7f5cd32a8947e1b135b543a1c5649ebddc39c2a4828fe7726d2ecd4e87874ef,3,2,common_voice_en_19953874.mp3;common_voice_en_19953875.mp3,twenties,
male,552a7aa22cb5dc0a67af5b8ca7a0faeeccb76ec5a7d139c7ec06dc19dd66c70150039da6eb6624961929f102a6f1661e752aecb6a686e456069ec61ae16975c0,3,2,common_voice_en_17780603.mp3;common_voice_en_17780605.mp3,twenties,"India and South Asia (India, Pakistan, Sri Lanka)"
male,553124914047b9d72ebde221d4cdcb1be1d7b363ead825fb89e90d25e903f0ffbf538006cbdd5b48663649062458372718843c934365aba1158ffe0cec12e193,3,2,common_voice_en_25356228.mp3;common_voice_en_25356234.mp3,twenties,"India and South Asia (India, Pakistan, Sri Lanka)"
male,5531af59b322f3789e39451b9c1997775739208d61eca0e0e1d6cc58abf97b3d1c1ba2ce664a0a9ac6e361900683a339a9c1399198cf72a94184961603a0ae09,3,2,common_voice_en_17270637.mp3;common_voice_en_17270638.mp3,twenties,United States English
male,554830cbf14521782eb661f03b7463ff86f432e8e69e991c679a2116c3aa4e446de71b598ceb26735a8b25d712fadff301b70de76460d351b0652e50c5338739,3,2,common_voice_en_21580019.mp3;common_voice_en_21580022.mp3,twenties,
male,55c1474750a2bd215275e93d02d81957d62d1d8f8f1c17f7d591281385654e63e5a84520d185c3cf7447e2150e04f6cd52caebb3c712c9a32071c5973ec55b59,3,2,common_voice_en_26075404.mp3;common_voice_en_26075405.mp3,thirties,United States English
male,564d15221cc7a751c0fb308e44de1c4ba69c454fa2b71f617c9d92344c331c05a2a5b34e6837f100b42675fc66bece0b4eea6bb75e3a90a53c9c855b17842dd7,3,2,common_voice_en_17731484.mp3;common_voice_en_17731485.mp3,twenties,
male,56baa0b108123945fced84a50ed5ced0f70ba1181c2fbba392a83e22098ae82395437e5627a904a29958cb6e5db6b3680d964a74768879e8eded971dc299aef7,3,2,common_voice_en_81316.mp3;common_voice_en_81317.mp3,fourties,United States English
male,56f6eeabef52e031aa4adae1f00c7e382f07787fae596f630e5c60c3c89af8d564bf96e8316d92188f61c17a496b5597335d61b69cc88a7bf53054982aac97a2,3,2,common_voice_en_18034850.mp3;common_voice_en_18034854.mp3,twenties,
male,57332cd0d19a57dcd5fd5e3101b48bcef26f05a9f75cc9f30a58e1438599f0a89c62c3150be39c5130ab08e83a62c52744deebb9d7bb39e861bf142fd21ae7ae,3,2,common_voice_en_25698457.mp3;common_voice_en_25698459.mp3,twenties,United States English
male,579eb5da5ab6aff63af50aba6000a4d64bf7813b743e8512ee9ae0124dc215e4db54726e10c7ffbbdc3cd331b27c6d75b857cd1d45f9edc9c7c6e902060134b4,3,2,common_voice_en_17891403.mp3;common_voice_en_17891405.mp3,twenties,
male,57ba9f709d16e8acf25e453260202e2f318bbeffa571b3c613cb75b5874be921b8fa1947d9290f4dce02b756cfb43a7239d6bc7e88145e7da0e864b055d166ab,3,2,common_voice_en_18920841.mp3;common_voice_en_18920846.mp3,thirties,
male,57d51e8b7290afd80a97b0f8522314229455cf453cf6070979b6c14b35c05ca31ffaec253fed3b283949fceded17de81e7e787d0271b32c72dedfaa2e4ce4626,3,2,common_voice_en_531948.mp3;common_voice_en_531963.mp3,thirties,United States English
male,585a4210cdcfb51e335713287c899f12e3be6b1f24913a2609d1ab51b2184f5d8f53ac8095efc210355bd6c26de6a2d1698356ffe4d85182653d04856efd703f,3,2,common_voice_en_559682.mp3;common_voice_en_559683.mp3,thirties,
male,5882e5ee3583bcc9821825b6a350087463f042ee7c926df1302a4e23d00260480d164368f01cacd4a3ce5729ea3c54ea8119f075b0c8680d76a7f165a5d326ac,3,2,common_voice_en_36354691.mp3;common_voice_en_36354767.mp3,twenties,
male,588c66e74cc889eb639b9776a71651add8453543899b895031bea2d56a5be9f35c81e60ef6cc601849ad26bd7f417514ce59897b98c34e1e15100411ea5a7a28,3,2,common_voice_en_38865676.mp3;common_voice_en_38865679.mp3,fourties,United States English
male,58b4d1156968d4d85b12143c0fe32c8a8bf746c0e9e1fa4a58286487ac7c6e2733aa4d643b3e51923589ffa577a2f35bcd965ed117700b40a7937d9daab3a958,3,2,common_voice_en_31536508.mp3;common_voice_en_31536925.mp3,teens,
male,5975dfa041dcc7424593a3e28b359cb6d4c18c7393ee8e8c421c59b01ec193f6465518c4818a7a6c79f6e34e45fd439ca149c9d261ad44c9f96a8bda0efd01af,3,2,common_voice_en_17694553.mp3;common_voice_en_17694554.mp3,twenties,
male,5a393ffaf8fc2f3277360ece5981e6f4a61f1f8210cbe74e538b71c278164c60504c1224c514814be20432212f1f9e13206dfc186540843ad3e41550a9f072a3,3,2,common_voice_en_128225.mp3;common_voice_en_128226.mp3,twenties,
male,5a45ffe5e3bd97c8538897c9a72acc3113c722100dccc0858ee6568d8020013ccf5b8e3c7224f757137c9e03f52b7c5caa007bc6f000d7cb56a91a76eccb01be,3,2,common_voice_en_4578441.mp3;common_voice_en_4578442.mp3,fourties,United States English
male,5a60cd340084c955f760526e12653659dee32daec11038c3ec1fc6a95a840df589b5ff38d9d4aa103534479c3eecd158cd7a46283323280c6106bc97e141b1c1,3,2,common_voice_en_17298899.mp3;common_voice_en_17298915.mp3,teens,United States English
male,5ab52a6b11615c384b91608321ef6196936aa27a211a0dca48a70e871fbc4670f4a98b70b00ded5be774be26d6609e1c61ca4bbeef20326a5f0b6fe349935b73,3,2,common_voice_en_19673463.mp3;common_voice_en_19673464.mp3,teens,
male,5ae0da4460a933d0e6ed3b3d439ee45da9c30056cf8615fcc42bfacde4f8175e9d8d1a6e2ef0bb7569dc5c287b5324661e900452de0cfb7648e7a5d7e42d08d9,3,2,common_voice_en_20528715.mp3;common_voice_en_20528716.mp3,twenties,"India and South Asia (India, Pakistan, Sri Lanka)"
male,5b1eb8a939853ed0b73d6de16582dd076ac28584782eb4349c3c109893cd18305c57f2ff5101484e2f3bd480d92559c84e47e1d4ec11e95cd93f03d6ce51e013,3,2,common_voice_en_17671080.mp3;common_voice_en_17671089.mp3,sixties,Australian English
male,5b37864bd3542ab003954fcff730e98b4b75dcdb57f812a0ab91f1ded65c23ae12f3be1df235e324047f74b1c46565e898a23334d4520149c3b5d95e5ad859e3,3,2,common_voice_en_19557568.mp3;common_voice_en_19557570.mp3,twenties,
male,5b504a40a69fec768a3a0dc92bdbce8f77e08fb7511c36076c2c7cfcd59f056c0dc617ff506247d31938f44145d1de0f534ced65bc8fe9f34c97368b33730a6b,3,2,common_voice_en_653336.mp3;common_voice_en_653337.mp3,twenties,United States English
male,5b574d21118efe334d6a2564faac508ccb8e29aeabc0ab7b86ea930e5862957394792529946e1002b858b2cc816a2d816889185c13ea37786db2f225237550a2,3,2,common_voice_en_20150127.mp3;common_voice_en_20150129.mp3,thirties,
male,5b688fa46b4cd6ae45e488f4fc2ff634d79198b18e074e8a9962cee06404a51f9f860e5485cc88a2dbbfa7451bb58bc7dd006a50a783e1c48b84e900f996d2b8,3,2,common_voice_en_17256251.mp3;common_voice_en_17256252.mp3,twenties,"India and South Asia (India, Pakistan, Sri Lanka)"
male,5c0cb5e32dffe16b4c0b1be7b37c4e546f557039fefac876ec6634627044b6f89ae1513947a840eba9042b24f872ce84b286833e6ff014d817e140bac18de2ae,3,2,common_voice_en_18661652.mp3;common_voice_en_18661653.mp3,twenties,
male,5c259ce232e385d98e2efe0a9cde0e6eddf7144ed77afe9c8f691c898b916dba1bdcb3d75de950328ab0b239395e77d82ea1812352ad8f5369c3212ccc0d9f3e,3,2,common_voice_en_208113.mp3;common_voice_en_208114.mp3,twenties,
male,5c5232fb366056f86ec5829393dcc3f1534267588686961c8af5a721cb09d6823fa443d86568b48362e3ff27b6b64b610c4de149c954c1cbc4f2e30f631c4f6e,3,2,common_voice_en_17412938.mp3;common_voice_en_17412949.mp3,teens,"India and South Asia (India, Pakistan, Sri Lanka)"
male,5ca22ea5d6de7306358d79b85109c4e55d8243d6e7ff3e5fb3da79ba7928084ca5492f2ff5ab2ede2c3e7436312cda46bfa02ed12a99febe1425d2694fbe8be7,3,2,common_voice_en_21620165.mp3;common_voice_en_21620166.mp3,twenties,
male,5ca7cdad37d14164ee8dbc4ed02241b582d895786f79d1f1f91e47f383b057381c35d90f04e85783e7c82425d34213cc02d23edd48da6daa7ea90749bc169ccc,3,2,common_voice_en_292121.mp3;common_voice_en_292122.mp3,fourties,United States English
male,5d21be2c97f8382dc29df69ebc0d225a6093b1b6434375c351ac7a16473f719c42912843a979f453209beb29e09dcabc85e38441662b48f56d57682cf8bf0c54,3,2,common_voice_en_23753858.mp3;common_voice_en_23753860.mp3,twenties,"India and South Asia (India, Pakistan, Sri Lanka)"
male,5d353ec62605577a9dfd2813401a6a08024d450c1fdf176f60863ad2518652660184422168514d2fc083233a42c2798f051bc78a2aaef345e41c233982100763,3,2,common_voice_en_674849.mp3;common_voice_en_674850.mp3,thirties,England English
male,5d3ba80b29fda1e2d897130f2328d49c11faad851b613775981c844a7502e31bb73ad56e22a8e637cd31227ea71e258a0082c98ae220d0491e16ac097b42b3c5,3,2,common_voice_en_18391576.mp3;common_voice_en_18391591.mp3,twenties,
male,5d5a89d7006dc7c8dd64b9ad4c85b616e3a4f1f9bbbe0511ebe8ac1e823c0e175dbe229b20440fd225f27231d1c577574468b52cc55e91315cf8b295eb5b8c17,3,2,common_voice_en_22712520.mp3;common_voice_en_22712522.mp3,fourties,
male,5dc2ed50df3f64d678844635d15809e2f1cc5e1c33210d64d2e5dd8dfa94e99920464198cdbff825c39d806be36de49f222e7690b46550506bde4a9d8840e45a,3,2,common_voice_en_36939174.mp3;common_voice_en_36939175.mp3,thirties,Australian English
male,5e37259d8ede7d64b87de06b20ea2b9b0cdc1483b28aef89d9714539c495ca10db02b0952eb4cc7cd936a9299f62b4026d6be8718fc82220354c231c480f1d39,3,2,common_voice_en_18841986.mp3;common_voice_en_18841987.mp3,twenties,
male,5e61a703d3e61fd4b444c744eb85f63ff78d2c9a688cf7f8516de33926763702d23bb7bd247278c556765edaf91cf8eb822992f87c933d0a541b528e1fafc36d,3,2,common_voice_en_38348269.mp3;common_voice_en_38348380.mp3,twenties,
male,5e6e088562d662cac50c66ecee090b93cef822f4c92a74741a622923bae90aac67a5635d8bb68b884be03656e9f3a4d20df79b474c75d9900df9ad2abb6ad3a6,3,2,common_voice_en_18592568.mp3;common_voice_en_18592570.mp3,fourties,United States English
male,5e85c3e74578455ebaca5c68cc9ac629c64ad897639b87265b79a9142d374c889130208169fbbe6daaf8a3a09d3a7f888cd40142b9f49fdcb0fe80ca114a5ffb,3,2,common_voice_en_591529.mp3;common_voice_en_591530.mp3,twenties,United States English
male,5f0f4cb278f97ece0ac549957e1813194934203c16249f60a8326f91baf20fdab707ed9ec5ecad35e26dfd515c9d77a668010d623c64ea7e1b34b8e7e735f825,3,2,common_voice_en_18250600.mp3;common_voice_en_18250601.mp3,teens,"India and South Asia (India, Pakistan, Sri Lanka)"
male,5f2b5e7619e9a53fb80e5071ed2db1e0283fb7596b34baae3ba2363b2e02614abd66a1d6d6b4b0b8dd895ce40527a659ecacf6f4356ebadee1fc7c260900b24c,3,2,common_voice_en_56141.mp3;common_voice_en_56142.mp3,twenties,United States English
male,5f7e383e706048a138b6eef0e3723685efa61f07f868c65fce83581e8738e954dbfefc1fe0b418c2967b1fe9dc9f8e19829971dddafe9ea875e3678863476ee9,3,2,common_voice_en_171386.mp3;common_voice_en_171387.mp3,twenties,Australian English
male,5fc11c56f9e0fef03c074eaf9510e0134c9e1a26ec964bf3c9dc0da765d32dbe558095df8ac9819d47b89cf13bc92de94204bc99e27b7549d6b97a66e2294f6b,3,2,common_voice_en_20212355.mp3;common_voice_en_20212357.mp3,twenties,England English
male,5ffdbe8eff1301286d856c171a0157d632c2b0e9a1431df170a01ecb6d888bd8f0803b0e72ee8e6989a11cde38c007cd1a7108360111a64fbcd6dd15405e8716,3,2,common_voice_en_31653086.mp3;common_voice_en_31653091.mp3,twenties,
male,60548248905bb6886e564eb4c4c78572531dfa28dfc46654efd6cda6ccb10b7bc6b6e7a3e3b4d766dd61f74dc1e65e5cc5f719ce7b4c302a603e8862a394748f,3,2,common_voice_en_30585685.mp3;common_voice_en_30585699.mp3,twenties,
male,60d9ea4cb244009b6c7f75453a8cb9901f13798f9fbd63ed896d25570ad0e69395a2e361176919ae46d94271c9ef2a04c06fa8fd3adb6a282baf0070b8ba7052,3,2,common_voice_en_19620068.mp3;common_voice_en_19620071.mp3,thirties,Filipino
male,60f3e82ac7d5dae37524d8802ff42f0170e42c25ec2e1072875351fa414054ef07758ab0aec704307c0ee58f7ea5ad9b6dd46c80f703091545d1db463d3b3092,3,2,common_voice_en_1369439.mp3;common_voice_en_1369440.mp3,teens,England English
male,610d47d0bc11a377b60c2549827eb7628435124bbe73d889dacf70fc47fedc8b42a01f753c06696fa20d6c6cb2473f7c6a752dd1958bf02fd108acd1035b33b0,3,2,common_voice_en_33933084.mp3;common_voice_en_33933085.mp3,thirties,
male,61aaf9c3938be0abe91c2a4080b94c3794e9960e72726524dce04af61593218f0ae9506f3aa9cfbf697d361384109ab66983dbbcdb0f4e4269ed2b3b60d892c1,3,2,common_voice_en_21623548.mp3;common_voice_en_21623549.mp3,fifties,
male,61b1b31d04b44fcd47575dc1294bfb3c13f2ff49c2b3d5c3664338e131badfbb5cbad71b8439ea79d711a5ddeb6e754cae42af3dbf7ea05ba0a2b60ef6b15acc,3,2,common_voice_en_39746477.mp3;common_voice_en_39746478.mp3,fourties,Egyptian English
male,61b696b9a5a8621543fe50c5fc7d1cdde67119c05edcb8a7cc23584d46f379a4fcf61627e600050ba7c2acb0e96e14e19a4c48ad54f83851a45f0622b808efd7,3,2,common_voice_en_17906456.mp3;common_voice_en_17906457.mp3,twenties,"India and South Asia (India, Pakistan, Sri Lanka)"
male,61c425d96d7134e658de8ad4c63b87c20cc4ae6486d4a406d8efe580d4d6c68bb17312d865c4e6e7ef3abbaa2c4f91091ca10395d8f4ef97faef16437ec800a3,3,2,common_voice_en_36383319.mp3;common_voice_en_36383320.mp3,fourties,United States English
male,61c467468defd898d406b31712c8fe83a8d2fe668f60a95723cf4f5285e2d7d79917e7aecbe19dba6db65f2461fb6959ea576cf34c35d3b6d07b8fe818946b57,3,2,common_voice_en_17629364.mp3;common_voice_en_17629368.mp3,twenties,"India and South Asia (India, Pakistan, Sri Lanka)"
male,622a5c21f817e2986ad498fad480d8f878779abbd5690af051ac17ce967bdbb7d932448b4170cd794d4da35db9f6e19f5e03ce42eb85ae1b7fa68deca156d8b2,3,2,common_voice_en_17147508.mp3;common_voice_en_17147509.mp3,thirties,United States English
male,6265dd8ed374ef36640f5589f99d180c5bd3a4465b5c82d7614b3753e851dbe908de9e95f6a88503c050dca4b782def8e9dfc6a1108e713951b436d3a5ba5937,3,2,common_voice_en_24535749.mp3;common_voice_en_24535751.mp3,twenties,
male,62963d2b37a4c1d2983c2c94c1d90aa291f53815da9ba422e5972c0f3d33e17123661cffefef92732b5238b556eb2aa8d23ba494011c6554081dbb23b7b2fa8f,3,2,common_voice_en_21406981.mp3;common_voice_en_21406982.mp3,teens,
male,62b94ee8dfa760637d57984bd0ade8a19c3e5d8226fe76a8b4604dbc6f0cc40dba4191e9f034039d17fa72f545e2a289f4261873d47907478e939e7b1ae1e37a,3,2,common_voice_en_20688704.mp3;common_voice_en_20688706.mp3,twenties,United States English
male,635eca2a47ffbe0f32f549058f043a1374e761261ab93ca0b80c2b06e933a9297849f4bf2799c6ef2f038b01851db29854d80229b741ca67c70be195f3bd7d0e,3,2,common_voice_en_522979.mp3;common_voice_en_522980.mp3,twenties,United States English
male,63df554d93e1be35c9d0d3d6c9ef05a3ccf086b4d0d640eb2b5bc61279c23e097baa7ab9a391d434dcdb97242aa3d8771333456861e7cdfce2d819e39b1e8b85,3,2,common_voice_en_19140483.mp3;common_voice_en_19140485.mp3,twenties,United States English
male,644446288cf26ca240c6dd90a2af2ab6b0871caacf0ce1844a9b35f81b05dc808fe35619834b8d3f23c020b2e18f789b70b94827ab49e4e5cf97c23161aed431,3,2,common_voice_en_18860624.mp3;common_voice_en_18860635.mp3,thirties,United States English
male,645297fe1bb2ead5e67539b8204077ff253399dc6c58205af70c7e8cf50fa3391082576f723ba256aa1d71bf9252069efb97579575317a0c0a6f7abe46ccd75f,3,2,common_voice_en_18944277.mp3;common_voice_en_18944280.mp3,teens,United States English
male,64c70b6f618b3a84393c135c1cd1366fec710cea6cf36ba12bc3cdb8de0c33c06cc737c493087e948bb457ae1999697c57f214261aadbf277797eb7fc6674137,3,2,common_voice_en_243868.mp3;common_voice_en_243879.mp3,thirties,England English
male,64fb60674b9574a63f5802847f85c2ef0dcdbb19ceeb3f57189983b6b59cb45fa74b4353714b95307575c85eecc9ca1e7428b4445a2508fe5c08515ab96c1e9e,3,2,common_voice_en_523073.mp3;common_voice_en_523074.mp3,twenties,
male,64fc1546bf30d6e524be2fe451e0cc9dcdd5a60b1b32f80c53f3732358db91e12d6a48e8618072fa7a6e3ec6105251003cc031ad642e89a247e35fb3862f607d,3,2,common_voice_en_32144882.mp3;common_voice_en_32144885.mp3,twenties,United States English
male,6561e740b0671e63de8ad0ae6a351eb182ef39ba2570e110550db946c7e1ba7196f40ab931d6f4fe94f7d8b2a1ac8e1484ac784f136c1afa70f64612c68bae7f,3,2,common_voice_en_24146.mp3;common_voice_en_24147.mp3,thirties,
male,65c7cd68a20622a15d35bb9afb7dd3a0336c1bb80976d9a26da38f91e685bfeab10f4c91ddc0e5f3f1a4254940c5de5bc8cbe93e79001fa890e61a02eafc0211,3,2,common_voice_en_24683272.mp3;common_voice_en_24683274.mp3,fourties,United States English
male,65f3fddde7d2fdff7ed262616b9640510ff96991946fec83924531d925e8d211b13b4bfdf389b8c8ed30fe078a4973bf73d9f265ce186638a846591d86841a19,3,2,common_voice_en_33120820.mp3;common_voice_en_33120823.mp3,teens,Hong Kong English
male,6641c598ee0df97a7c14bf9432cb591c5ca9fa11c1fef4d01686e7edf0d8bd6d0679bccf11e0768f82568c47458d9bcb43886a911e16b6ef1c83db092abad29f,3,2,common_voice_en_35496065.mp3;common_voice_en_35496069.mp3,twenties,"India and South Asia (India, Pakistan, Sri Lanka)"
male,666473f4acdbebdda14632e352a74b6cec8488c92d0a2611bc8554c30d09c11aa2601b9228e66050b7abd9c365364d72539f77d73dea251a958370cf925f1f3c,3,2,common_voice_en_477926.mp3;common_voice_en_477927.mp3,thirties,United States English
male,672d9b95fc5439ff14182a69ff4b1faaaf5e9d19a516f2bbe4372558084f80e0adf8b196633456567f635d5775ec167fedea13302fc1b32297b196ebdf3639b8,3,2,common_voice_en_567120.mp3;common_voice_en_567121.mp3,fifties,United States English
male,67a9f153c3c4c2b294591499e59663656a0df1af6cb43546acb1539b69fececcae6a8c58e96122b82d06a17bbf55502518562c92d1a3589e79c241214810b0f8,3,2,common_voice_en_17537346.mp3;common_voice_en_17537347.mp3,twenties,
male,67d331a22900c6cea9ebf85735d58b8fec8835f9fbf31013afe756561bce06ef9ec5b25a814d617c23c56c268f46426d8b5dfdb99a721512b41c0bd4f754bd10,3,2,common_voice_en_558304.mp3;common_voice_en_558305.mp3,fourties,England English
male,6806d9159081db4a577cceeceaeb54507ea61d698723da0f3940588eb36b862a1133dfa498a3c2310c0681aa0b617f1934f5eed8dc04ce9e500466f5d336384c,3,2,common_voice_en_26641171.mp3;common_voice_en_26641173.mp3,twenties,
male,6858465f3b2cb93a7af5318b42ac90efe0466b720ab3b7c8d1f371e9abe662131dbeb567d20706f7a6dd04cceb624439643adefda21b285a2c47a00d24211ce2,3,2,common_voice_en_546216.mp3;common_voice_en_546219.mp3,twenties,"India and South Asia (India, Pakistan, Sri Lanka)"
male,68b8316d2599e315e7dd4fb7c4fbd089d1148c779673b81005eb3eb01f1380777b4f444b2f61556b6cf64a5443ffe1344db8afb26031f7dac027142895e28db9,3,2,common_voice_en_17897852.mp3;common_voice_en_17897857.mp3,fourties,"India and South Asia (India, Pakistan, Sri Lanka)"
male,68d4a0cc7d7db9c93fbfc1f522fcab9d7f29041df5d882714e68a27cbe17d9357a9f5d21bf4b8b91b5336af919fc5fa28b27b07a51483193ebddf57837ecd92a,3,2,common_voice_en_31590363.mp3;common_voice_en_31590368.mp3,twenties,England English
male,69531b26b0e4316c92a730741d2a7c99f37eb6bcec257e5740d780da4d8d3820cfe536ad91bdb77105ebc51d03ca133d994e2d7d117466a6f9f2f25a68b4a3ac,3,2,common_voice_en_550684.mp3;common_voice_en_550685.mp3,fifties,
male,695a1f70d8debf136298977e0d5a56bbd06c3b1c7e946e2150827bfdb86472d9ed49f04659b9cd2bec372c11719fd9755e43c1824b97b1ad2e608a033156d8ab,3,2,common_voice_en_17258106.mp3;common_voice_en_17258107.mp3,twenties,"India and South Asia (India, Pakistan, Sri Lanka)"
male,695eb52694820d1f8e20cb9391bde92e1c9b1a9f1e2d892ec396e2df3afec149836f274168f8eef2e10d5c3a282e6201c571ed399ede261d7542855c997d1187,3,2,common_voice_en_20065476.mp3;common_voice_en_20065478.mp3,twenties,
male,69d8640a234487e73977800142424fb10222f07ac38c1a06517cff03581fa12ab794dd84784a9e813fb8c6d995d0551a60bfe0a63b1e9a2748bd5084b8877313,3,2,common_voice_en_18551454.mp3;common_voice_en_18551456.mp3,twenties,
male,6a24535dc2a70093be06101c3189f4ae13dc8988c53412ff1f1bc0cd10149bd5728cddf6f86e05d5527dc5e09ff97b997c3a955c2840f567a55e11190031785e,3,2,common_voice_en_17324784.mp3;common_voice_en_17324785.mp3,teens,United States English
male,6a255374b505a6fbedd46d14fa09143aab582a867d82270eb46a930c6d7bfcd363cb0caa2ecb35cd8e217a7ff6a2409f9b293a269ed9945dc97be208491c3194,3,2,common_voice_en_22073011.mp3;common_voice_en_22073014.mp3,twenties,
male,6aaa06beee53b47d271ebc0428be3daa591cc58ee8ab6f31169c866e29a433443aac773883564635d14f48774aac287e356f0c16ae5ac3099cc11ddbad20c60c,3,2,common_voice_en_20060878.mp3;common_voice_en_20060880.mp3,thirties,United States English
male,6b123dcbdb2477676348bf7faeb0d66af2b7a396d419df023810a558031efd4510d0c04e4ca41839eecc509f4fed060d7df837fc26f1fb6868dd848ba6f1a7eb,3,2,common_voice_en_585696.mp3;common_voice_en_585697.mp3,thirties,England English
male,6c01cab98e1f68a4e858394776cd3a1fdf989f680e901833b9ed8ac2789755a78740b45aede37d481b097e889cca73b797eb46a1fd3a49b6618e9143ca216545,3,2,common_voice_en_603065.mp3;common_voice_en_603066.mp3,thirties,
male,6c5f4517cd3f37a0f2944394f6bac2fbd6bde213caa4129c27201f432984dae8d4c4dda18f4f2699d7cd6193582a6cbca97e4d7ee1514bd8b300d1953ba5c4ce,3,2,common_voice_en_15734836.mp3;common_voice_en_15734837.mp3,thirties,United States English
male,6d052312286b468ce233852227d9e3ce48540bfaf087c995248cafa31d14edce6a86f9ab3e2b0c5317bfb89add9e2b997fa995c1f41581b1f2ad096ef9a5af93,3,2,common_voice_en_39587510.mp3;common_voice_en_39587512.mp3,thirties,United States English
male,6d0912647702c0dddc591deb95ea6b8c01c4f1386b532f8dfeca06cfadcd73ee710d3b4e6a4303f37cf3ce3555bc4b2f42825a9beee1bacfe829fc92e22bf12b,3,2,common_voice_en_115868.mp3;common_voice_en_115872.mp3,twenties,
male,6da7db3ab1076da2ddcf72d4ba83fdbabeeffc94321e641736e300df2e23b09497784896537447158e0ebdcb09d17329e66cd1c8f24da85c760b53953997ed7b,3,2,common_voice_en_25281070.mp3;common_voice_en_25281071.mp3,fifties,
male,6dabf85f1caf46473b291bd167cc73c226461293701e843b40d2b583e8026ae4d0f8e271a1fa1aba5a5ff10bd703593ae844c4a4052e38c48d5ae691868ceff9,3,2,common_voice_en_17296153.mp3;common_voice_en_17296154.mp3,twenties,New Zealand English
male,6dc1314fb7000eec2b1c92930b2dd9594692c63dfe6ea9cb5b77c5fb7781554ae4df003660ad2722c48f59d986574b9fcf7a6fbfb1536f288a53ae3c1b025edb,3,2,common_voice_en_481982.mp3;common_voice_en_481983.mp3,twenties,"India and South Asia (India, Pakistan, Sri Lanka)"
male,6dfca572b204eae566b33326761158327f9bf34fee979e598cd411a59d33f6f46c63807a949e11a6a7ccaa10af302a80a1760bdde99b2f9d743d617841a6b67f,3,2,common_voice_en_19026342.mp3;common_voice_en_19026344.mp3,fourties,United States English
male,6e06ba34f7ef3f2ac28b552c67ff5832d9327285de5643cde78f73d07257513f8599c30800b4077be026a811ba6b02cd981e50c0e99ec18a0f1a9fe5fade35a3,3,2,common_voice_en_648611.mp3;common_voice_en_648612.mp3,fourties,United States English
male,6f1128e7745546298d0df76c6b3c741e6a02f66773e323842d6a4fab303ca94d222308c8b61b4f456001acaf826f52b8a0e119d430163fc18b5c5c04f32a0393,3,2,common_voice_en_654271.mp3;common_voice_en_654272.mp3,fourties,Canadian English
male,6f75dacc5ace979e725722f4d272c9aea7f02125c37760c55e457f0c671b4efb8c0b55289bc41c2a3deaa0f1fbaa4ada1777dd952b93576495cfed27fc356622,3,2,common_voice_en_19711121.mp3;common_voice_en_19711124.mp3,,United States English
male,6f9543de96b39d865ff2337ac6d3a12b0baa176b9fff0543f7633e26b95f4333fc5bfc6a00a57b203c19dba00dc5cf2e1ea8cccf9918e392d36fcd58dacd18ba,3,2,common_voice_en_19654880.mp3;common_voice_en_19654883.mp3,teens,
male,70810f4d94e5bd6cbb224daea9053074cfd87f61facac4d774bec86d76fdcedd88d6a18926b28292517ab83272478d2bc40c840b98864586a6a2d77c01fa129a,3,2,common_voice_en_31684233.mp3;common_voice_en_31684251.mp3,twenties,
male,708bd10d9ba677ad127d46e1915759e4a10d59027dae1bf9eeba41c1d9495ba04a760a8e091b735dceb6315ff2823405971a1e1c1b1ae0484dc82c436c1c22da,3,2,common_voice_en_19848182.mp3;common_voice_en_19848183.mp3,twenties,"India and South Asia (India, Pakistan, Sri Lanka)"
male,70aabdce89726f52a813b89209642c620e33a2f95b3659ef9ae0242a1e375567cfb0ef4ce9f592fea592fd5f4c08503308e26f2a571d53c773a8fffd1076c238,3,2,common_voice_en_17666606.mp3;common_voice_en_17666609.mp3,thirties,"India and South Asia (India, Pakistan, Sri Lanka)"
male,70df2c1dccaa908da2a86cdb5b8cea92b0d84fb3969767179a8b5f002199f9e7b782bc0cddd4a0c23797876a92b3bfe9fc003c9a10b32f1f36a04191291154e8,3,2,common_voice_en_18672513.mp3;common_voice_en_18672517.mp3,fifties,
male,7103c5de647af16590267fd9c818c9ca6f74a0d7195ce58136cfcd8ffcaef850cd8bf423e00ef344ff9432e1d8aa8339c84b4595e3406775c560fc522ea2d755,3,2,common_voice_en_18183542.mp3;common_voice_en_18183544.mp3,thirties,Scottish English
male,7109b00141709d76bfcaded14d1f5aab26fb0e798315756be10f1d5b7274eca176896f606acf82399cf1409d21150ac1a951b2f5056b6855b63a23eeed3ea5d8,3,2,common_voice_en_32333073.mp3;common_voice_en_32333074.mp3,teens,United States English
male,71b69e6dd025082aeac80350c35e6b6f1ac7830c693564477dc95eedaf4a593bfc998209d7126f990d68c242cfae70459ca428442ddec12462e37253e92ed8c9,3,2,common_voice_en_608163.mp3;common_voice_en_608164.mp3,twenties,England English
male,71e20fa243477c629caef5dcd1f063ff3b9d012979861be752868f25f6cddef0707a0740e345a4e2bd8093b0c4728ec4d1485f66d296aed47b1155a53e46896b,3,2,common_voice_en_162853.mp3;common_voice_en_162861.mp3,thirties,United States English
male,71ef03cde1e8ff415abddd07c4ef72571ca59d0b07435eca63406c87117f5fa372e542689851b255c7023d13bb0450b8c00247a6d7e69c9376060dd3251c031b,3,2,common_voice_en_19088.mp3;common_voice_en_19089.mp3,thirties,"India and South Asia (India, Pakistan, Sri Lanka)"
male,7243be8f7db548c179867563109985ca2b431793cf41197c268b205a6a9b59af1cf4eb930a3eb212ed3932ec9925c37d84074f722c9a3a8ebcc86b527f0efd4c,3,2,common_voice_en_18112620.mp3;common_voice_en_18112621.mp3,sixties,
male,728d6b3047186223d52c9758767983640168f6d9b3cc36b50c344960d5461f090ec7845dad0fe67d12dd242b513b9a2a39eec5495c4e674e6cce308052cae8a7,3,2,common_voice_en_20411636.mp3;common_voice_en_20411637.mp3,thirties,
male,72a0dbf935139507bc83950b4cd1aa9b7ef75ac33a7c37d8788f79eaa0515737393889086f93dec03196bcc52534337673253c7b3f6e9a3d835d097b4ad30a4b,3,2,common_voice_en_22151376.mp3;common_voice_en_22151381.mp3,teens,
male,73355da38a14e750058488fa25d4583ebb69c0688b3dcc0c25e28ce3d549426605ed7dcd6f1d84ba835b6b0c50306d174e7a1983d35f81197ed7722d60c075ff,3,2,common_voice_en_16048328.mp3;common_voice_en_16048329.mp3,twenties,
male,7380d3b2fb3c743d0016704073755fafafeeb02ee104195c86178bdd23be66d5472ac63286cc5e8f84d808ed4994f61751a318bbacb08a22967ee4c596b422ba,3,2,common_voice_en_33017665.mp3;common_voice_en_33017666.mp3,twenties,
male,738bc8390179cf74b0abfff582aa0e17d67484d6a14bc82e8f0b6cd2904a333d52497dec336f9698e0435c40474656164ef2745415c577bc7f7a7a93af060193,3,2,common_voice_en_128001.mp3;common_voice_en_128002.mp3,twenties,"India and South Asia (India, Pakistan, Sri Lanka)"
male,73a58a1858b974ec93dede5cf097520afb9c69e3408297096c82bfedb6d3fa5a14ae60c8d70e21b60b6fff5600f825bd7d5b09712bb33c7a8fa74aa1cd5aa3f0,3,2,common_voice_en_18087425.mp3;common_voice_en_18087450.mp3,eighties,England English
male,73c7d9eb4a971d51be45dfca0ea4f0ba29c62b633f27c8cfd72d2cad59b9f4fe387f33f54d8ee43c196460eb2e21a2a9ed9b8b10f384bd26ea7eb48fc8070c00,3,2,common_voice_en_17796148.mp3;common_voice_en_17796149.mp3,thirties,United States English
male,7402559c59748f3e072d2b2a33420776a09e0516aeba6a16df7c96b47f9fdbb4b2bdc1ef8fd55e25f48f5e98773e585e8ea10b1c3d64a8309b01dd3a9941d216,3,2,common_voice_en_39592995.mp3;common_voice_en_39592996.mp3,twenties,"France English,Germany English"
male,74028bac1a049f1e4d516d2fd7135f2a6b3330093ee8e1eaad4064a1624750a45581f49bcf01ed493a411b85f8fc3d99a95df5692b8fb902ad86c356744ab319,3,2,common_voice_en_32501175.mp3;common_voice_en_32501176.mp3,twenties,
male,74194c758872d44aea62178b79c0a039c2c5d1abeb88f56e543219c6cff070c161e4b74e309db3c64d07e84f6c626434ff3200bc01dff5f7f98b16bbe32600b3,3,2,common_voice_en_17871942.mp3;common_voice_en_17871943.mp3,fifties,"West Indies and Bermuda (Bahamas, Bermuda, Jamaica, Trinidad)"
male,74391c09f4f95ab80e5648f6acdae24c2c8ab15909d1a58f497d6406ed9423a17b9c140517660d07d7eeb0889d1186e239fad5cc5a363c804c5e99e392589e74,3,2,common_voice_en_24956633.mp3;common_voice_en_24956636.mp3,thirties,
male,743fc6ce4b255a4860e253d7dd867ff0a5e1b33e21103068a82090964d7321eb4368bd200ff55ba8aa7c68371a2f257e5db09c9dfce4a85d21c62940b506c9c7,3,2,common_voice_en_197102.mp3;common_voice_en_197103.mp3,thirties,United States English
male,7462302a0bddef361a8ec5c90dae91590d6f525d3663e6695c483f510ecf5de54a917ba73a622abb93784d00d1ebbee19f2a6b1a8981f7e43f3064e9b4ac8a55,3,2,common_voice_en_18171750.mp3;common_voice_en_18171753.mp3,twenties,
male,74fe4ca0ca29d4618ad318bb0169bf6482453d7a1b052e62333b3d867aa200d316de62c9e123273ac4db9443978330ad8a55ecad1f02c0883681819f6ec2e56c,3,2,common_voice_en_626493.mp3;common_voice_en_626494.mp3,thirties,United States English
male,754bef5797aa2150409369d79f357bf8a6064124506db984f32862241a2d93afe301859c5358ca36f5ac3908a591967c8f845cd1286441364fcb6ece65591e2b,3,2,common_voice_en_17399882.mp3;common_voice_en_17399884.mp3,fourties,United States English
male,756e80b71f4a72615b637311d960fe8597ec0bb93352fe0a2e5cdc96f7cbc0eeb4322578ba199dcd6a63b0cb4ff2a77771df8bb99ff1e3e422626b5f84b182b3,3,2,common_voice_en_20000498.mp3;common_voice_en_20000502.mp3,thirties,
male,75b6dc8512c09b6039b39cd179f2783457e06d3e699d6855dae42929d6c2eeccdac5219b5272b3004781d555a86cbac6bcdd6459753a01026e5a0a721d3a37a8,3,2,common_voice_en_23809133.mp3;common_voice_en_23809134.mp3,twenties,
male,75bba26043b7fe1e97247d35ebd74164d224e9e2182952839944e0a350e1493926d85aea079771506d90c6643ac084491369460605f460d8d71339f03520b0fd,3,2,common_voice_en_630957.mp3;common_voice_en_630958.mp3,sixties,Australian English
male,76736c565a7cbbbc764bfcee9df2cca66611d21b4b375cf0a545c9a4fa3679506c04bd54dbdf1796e1cd394336a4e9657c70c82820a2a35b7c371bf53109c0dc,3,2,common_voice_en_15991928.mp3;common_voice_en_15991936.mp3,teens,Australian English
male,767e2c6a7fc78131d57da83d936f099ff17f1aeddd0232a0a8bbf6c94f364065c40a0b2bd93c463c54cdd3e64242c911e79639137c8a26a769b19517efc5bb48,3,2,common_voice_en_37613268.mp3;common_voice_en_37613270.mp3,fifties,
male,7683295c1f0efb74e2d3e8cb366ee0da0c78738cc64794441174f2e587726b1fe86439815b08afec3d3f024c0f1c5b7c57e8de05b905fe3f208d736bfcc81596,3,2,common_voice_en_17799795.mp3;common_voice_en_17799796.mp3,twenties,"India and South Asia (India, Pakistan, Sri Lanka)"
male,769e1b2ac94c301644f9e3f27b32a40b5093102df670526e3375ed1dc705aceb0e6a67aa562a7a8a51b71cd77109ab9fb3fb255eb0152acf70eee977d4a09393,3,2,common_voice_en_19821248.mp3;common_voice_en_19821250.mp3,thirties,
male,76cc764a181ef558fc71e6d00be531fd5f6d8c6256c43730b29549439ae389a87ac580a3ffc1a59c52541024d6c3c4f6b07a612a5ddbdf8ee601912f86c0083a,3,2,common_voice_en_22953445.mp3;common_voice_en_22953446.mp3,twenties,United States English
male,776a6b71d95d611ee6b87148116fc575e20a6786a0e9af3b65820a7b29ebd861de0926ac5110d7964132aafe2ee1236ffb7a91ea9b923cbcb06ffe15d4c9b6e3,3,2,common_voice_en_32311200.mp3;common_voice_en_32311201.mp3,twenties,United States English
male,778954cb9e267773a6b3a7a1e645fd107d2e103fa32723c7b900844c7027ba4408de2c7999ab7e7b93da9fae09e8b73221d3ced2ca2fd7c9bb4fcfe31f7aec7c,3,2,common_voice_en_17258046.mp3;common_voice_en_17258047.mp3,fourties,United States English
male,77bfffb0004203e17c5cac418ea3041c5d84a717b1bef702256013315427927b40ab45c4a688f52b7573cf5542ddeddc007e0389a7ff4ff49da7c76a40b5b5b2,3,2,common_voice_en_645516.mp3;common_voice_en_645517.mp3,fifties,"India and South Asia (India, Pakistan, Sri Lanka)"
male,7831733c2501bda71044d83d9e7d170ac892824e9d7c425bb6bf1e403f02057ba2e12e381da9d16f042772bb6e866ff6754808c20be8bec3f886a5f40bce4999,3,2,common_voice_en_18689.mp3;common_voice_en_18690.mp3,twenties,
male,78a87949272190f340f0be2d19e7a44ef9a28a2cee8d52c68ae37510f3dfb3cddfcc6c3089397694c15a5624c62f48f14f848ee26fb3a9d8ec7a5c403ad44490,3,2,common_voice_en_17262963.mp3;common_voice_en_17262964.mp3,thirties,England English
male,78e00e5bafc7669b9d2dbcca11efe79b825f2d5a676b1429ee806e01532b66be09b456d2f2a5666833f6e7d6a665ce19db138fcda7db92865c41fcfb250edf8e,3,2,common_voice_en_21162297.mp3;common_voice_en_21162298.mp3,teens,Australian English
male,78fd26100b9e244ce9cc8d69253ccfd4f6eae46e44ac289a51c147306078d529d63e660043338cfb74eb401e56ab8f7f41eefc5340e9515b82abf71a057ca361,3,2,common_voice_en_564506.mp3;common_voice_en_564508.mp3,fourties,
male,790eafd60624befc9de6eed7acb3d32326a695731dc20c14caa39f9c8423993a8b7fb9f841c751128550c26cb4e429c69e80e6a27e7f8bc32da412ec7134073f,3,2,common_voice_en_170057.mp3;common_voice_en_170058.mp3,fourties,England English
male,79110d0544425da33313bc3039c494cf0373cdc98a2335cb51e33db63cb8d3452b6ade1934de513bdf364e32b1581586a6f4917740dd0541a960cb11c37a0aa5,3,2,common_voice_en_31628694.mp3;common_voice_en_31628695.mp3,teens,
male,795da5623e3753fe47dbd342f41da5ac67292686672707363503432478de4d3dc595c687f7f08ff21bf4ce877f72a4a4478e696158931db6f7590b56fc9746ce,3,2,common_voice_en_22796494.mp3;common_voice_en_22796497.mp3,thirties,Scottish English
male,796a8f4b0d309b17fd277a3736e6adfeedfd2dc5b178da69bb7dbfbab4344571f3b31da074486aad6fcb407b1550dbda06188f8c397bf1f05db8a3764521880a,3,2,common_voice_en_410690.mp3;common_voice_en_410691.mp3,twenties,"India and South Asia (India, Pakistan, Sri Lanka)"
male,7984d26d744bb4aa3ca115678147dc69a0f49873d394fcd6aff5333056858a8c1541d7db9f9568c5ef583185ae5a3e10badd85e0c30038cdf55c372b3a1f1b4f,3,2,common_voice_en_657915.mp3;common_voice_en_657916.mp3,teens,England English
male,7a0e5123e1fd10edcf165fa58726a1d5d4f30f8e127b81768cf8f006e1ecc0502dc7d29fe46ddb4b7fbe8fbd62ef89f4c0112498b285ea09bb2315e6f20afd4d,3,2,common_voice_en_22042213.mp3;common_voice_en_22042214.mp3,twenties,
male,7a1e374cd7eef326eeaa59da92eb015e5ca0298a11a9e285502e0ce51d2956ef831e62d367b9017321b8736b197becc4599a5158f3211976220ebb4e7376a0d2,3,2,common_voice_en_19674920.mp3;common_voice_en_19674922.mp3,twenties,
male,7a238717b25fd975510700ca17cf9974ae7c2f7dc74ef76b48e4a451a54e473c81a093365a3cf402364de1e67de3923c0395ca382a59981c4de85ece05f4ba0b,3,2,common_voice_en_21305920.mp3;common_voice_en_21305922.mp3,twenties,United States English
male,7a5466f732bbf60cebbbaa61d04b4be01082288f73136b41980ee786d73c93258b4827aa84ebb22d3e1717c90e8148ea87893151690e42fd33bc59b84890c085,3,2,common_voice_en_30496188.mp3;common_voice_en_30496189.mp3,twenties,Hong Kong English
male,7a7ea0a37899252628b8eb3c709322df81a5dc3698eceaaa3bb67b61183c3a1ba6d5d1cfc6fcaa4be940028de8082a30f447e4ddf6128e345d577c550a71f3da,3,2,common_voice_en_17279654.mp3;common_voice_en_17279655.mp3,twenties,United States English
male,7a8d73a82bee95b8ece8024612841302deb374d017e9c0f0228cb492d56134dcfb4a599a6b1142f5e1ee0cbeec0521caea49290d6a411cace2a2067414fb4fba,3,2,common_voice_en_17712700.mp3;common_voice_en_17712701.mp3,thirties,
male,7a958023306602922e9afc94a8c81a9fa7b0a742f6cd4bf9fbc54e464186af52ef18b26f7aaaf757350fecc4dfc85a532576de4a2542d1bf73f7afa88946cc18,3,2,common_voice_en_14965573.mp3;common_voice_en_14965589.mp3,fourties,
male,7ac17aee427414fa04bb0df54728708ef89fb7712b25d66730a76f4e72d020e103d79f68836895f77808c248f72b15dd4f59cfb94d9fdad6e1fea76f8e1abc10,3,2,common_voice_en_523808.mp3;common_voice_en_523811.mp3,teens,United States English
male,7ad11a9d8939377907e6ca4fe7a787a1df8b76a3ab433f27ec87f2253dc0ec193373367204c84fde1b95c9dbb91d30a5d5cfd9c800916fa3ad01dd4dc9919839,3,2,common_voice_en_281523.mp3;common_voice_en_281524.mp3,thirties,
male,7ae45cfe78bbeceffe326c39262650a1301e7acce914992626c37851d89c33028b93205893fe648fb6031cc7ffe79cb09a36666775c79272d810cfa8b655197e,3,2,common_voice_en_17258088.mp3;common_voice_en_17258089.mp3,twenties,"India and South Asia (India, Pakistan, Sri Lanka)"
male,7b1d6913f392da23dc931f3f2b64f60e324d1c666cc8c8e6be8fb9ed499a2c709af925c86067471c7854a0db05c066f5cb22396aa4fbcdcf6f9220a182761608,3,2,common_voice_en_301053.mp3;common_voice_en_301054.mp3,fourties,Irish English
male,7b440a67dac0f1e8e50d7e004102fc4f77cd54b7ef21e2f43ea754dadc2dcd9faaeb5521c039baf6de2cd8f8c9214c41499697fb2251f93752abb06a7b948cf2,3,2,common_voice_en_657921.mp3;common_voice_en_657925.mp3,teens,
male,7b94bebb9d92ac909de85ae77752a8dbc6fd01a051ce44eeb5bc0c70a679a34567e7b1366e8810a44de66b79651c7211fed919ce40f8534bffd08433b0ced6ef,3,2,common_voice_en_38804145.mp3;common_voice_en_38804152.mp3,twenties,"United States English,England English"
male,7ba40cb849e8248cbafdfebb1dd61cf89f3cb377df761d4e49e682aea23ac9bb2697e2870b20e9aad66dac7b9d104f1de89519e6a01a2b97f72fff4957c98ba8,3,2,common_voice_en_98652.mp3;common_voice_en_98653.mp3,twenties,England English
male,7be1ea41327c3500e496ba64c20314a253b95618e9febad0a21df602c1d6f044e7b058f6ca091e79436cb5202f3eb77e6919b1c902823973c08ba44c2e55018b,3,2,common_voice_en_19584428.mp3;common_voice_en_19584430.mp3,twenties,"India and South Asia (India, Pakistan, Sri Lanka)"
male,7c1b645d1d568371bdf1b4fdc376491a7715185d8b7b1ab49209f6e6619eb63d83eb725d0743fdcd925bbe59d78f439a31ff7904e1aeafc104e5e70402e78409,3,2,common_voice_en_18177044.mp3;common_voice_en_18177045.mp3,thirties,
male,7c2e1379a7311df0c1441df92266693c85080ef5ef0ed326073c3bdc5a3f2ac3ebc089811bea08937341a1580a0b76ce3d4be6c51b4711d452ac9dd77f39396a,3,2,common_voice_en_37864407.mp3;common_voice_en_37864408.mp3,thirties,United States English
male,7c516c5ed2dfe942d5a106f080d2f9bf76c2fa98ad280b4052cbd056087c12e868c898c642e9f9900963a810c06f5a74fb479ec2af8b74cc77196f272884a867,3,2,common_voice_en_20120911.mp3;common_voice_en_20120913.mp3,twenties,"Southern African (South Africa, Zimbabwe, Namibia)"
male,7cd05a63ae03217076676a5e40f5a49f0c8a396e5c60818c820640a9bf624fdd6fb5f240ee510aa350934efa128b1c6aa6f93adad6fe0f0c497804ccc1f969a5,3,2,common_voice_en_31328734.mp3;common_voice_en_31328735.mp3,teens,
male,7cda18e9c585a1ba9f249fc473a6af4f7457ec4744923c18a5e7ba05621e8f97c45d995c875616198803d9c1f40e2c78000613f91f2aa05c401100a79d9a710d,3,2,common_voice_en_32650353.mp3;common_voice_en_32650354.mp3,fourties,United States English
male,7ce1cc622e272110069dd5a5adb724e9c606847144ca7bd6f4e0633591924209914d4e1b0ddd80bd0af52f5c4775634f318bd3efd16964568b0f8126039e2b06,3,2,common_voice_en_37264213.mp3;common_voice_en_37264214.mp3,teens,
male,7d04b07b9efbd5182de2aae8076ad6ef505a6afa2325716081b844f2dc9f75bcfaa769bb15346e2441d949ea7194c0b43cb09473759d7fb9f4b75e6b314c1188,3,2,common_voice_en_19492642.mp3;common_voice_en_19492643.mp3,fifties,United States English
male,7d2e4f090b069e943dfc5d3b88f9239fde572d8824c56c13bc52f11fabf53d300ade42be677ee8e7c7fc471d1490d6e3872023637ec7dab86fd2f82b12106fbc,3,2,common_voice_en_36680138.mp3;common_voice_en_36680140.mp3,teens,
male,7d783d5c9d4adbe34adf687d6202dad9a5d25dce74711c86320f3e1abae14cc38f9fbf03ea601edffc6a625e4d0ed26cca3b5842ae91eda21b7a30619b070947,3,2,common_voice_en_37436422.mp3;common_voice_en_37436423.mp3,twenties,"Brazilian,Latino"
male,7d7f9a13d82aea4738d1b49767457d9498d492b41e1baa306b660b90c59389d6626af349c2d4249ef47ee72db04cacd750fc3225466b92c892da4f9215f22d5f,3,2,common_voice_en_691924.mp3;common_voice_en_691925.mp3,thirties,Welsh English
male,7dbcb0b1df5f79dc2b15e96b40e561aa59b16de7cded744f4405e139203dcdc4947f55cf9ecfb114c610d03c24246cf1fd071d3ae59d837d7a326901a8c9d3ff,3,2,common_voice_en_181426.mp3;common_voice_en_181427.mp3,twenties,
male,7e2917ca43264010f79f45c6d3b5792fca169a1b97aa5dbea4b7e444f593f07fe5274ced4cf6997747f81ee4b11ebf1c79bc87a7f719dcccfe9938983ad327e4,3,2,common_voice_en_17296883.mp3;common_voice_en_17296884.mp3,twenties,
male,7e2e7ce848143f7c8a7451c32bfeb09a34065e027671ab30be6bc9b72967b7e6d9f4547b9076af692aa19f033284a453924e39dfafc648fbceeba4542ade921d,3,2,common_voice_en_17267040.mp3;common_voice_en_17267041.mp3,twenties,
male,7e36be2204fe367a3798e1b2ff988779890591e5c997b1f6025ec8ee1fef3eb19e81b74bb8657874f5a990d5062d6c849621ce363c4a9c2c5a63c0966be6140c,3,2,common_voice_en_26205590.mp3;common_voice_en_26205592.mp3,thirties,
male,7e453ba817715b4c4dab15ed59301214cb140555f5609d6ba33860883a785415b48ba7985fa36acb41bb760c59a35fd1240a2fc1ed96949639d19501e6369672,3,2,common_voice_en_29810092.mp3;common_voice_en_29810094.mp3,twenties,
male,7e7b718cb630b63a3e02fb031f87151d19365385a5ffd3a6c102f64c10a7ff82aceb338c8c542ebcf6b1b33baccf905cc15875d960fa9831dccd7562eebf107f,3,2,common_voice_en_19541204.mp3;common_voice_en_19541205.mp3,twenties,"India and South Asia (India, Pakistan, Sri Lanka)"
male,7e861d497fee48b6c64b33e953e3d191cb7a4caecae6b4dffa5daa03ccb21ffeb7909471af7deb9be9cd078f32b6f63b787ba626eb9258a275fbd636257e7ed7,3,2,common_voice_en_17305005.mp3;common_voice_en_17305006.mp3,twenties,
male,7efabce5b5d575557008d65670777824fbd69b6f1a99e63d860084877a713bfc6a39cc904dc922426fb4aad2cc4d38804d3f493e1b85e38fc4f264fdcd65f4f9,3,2,common_voice_en_17283723.mp3;common_voice_en_17283724.mp3,thirties,Canadian English
male,7f59b0438c3727d7dab789cc49ae96da93c6b09a39642a67c61713558ec2088796d4166c81785f7216b014c9ad6047e6b05ee4b4fa5d9c5ae2c652e3afae28e0,3,2,common_voice_en_539981.mp3;common_voice_en_539982.mp3,twenties,England English
male,7f936fd812197489fb224b2752b0ec4fb5f18653171f7995b4640374d797ac6f80421b5be1edf57fc6335a394d46f905001eaea8ebd9b0f106ecd3033e6f2985,3,2,common_voice_en_20248251.mp3;common_voice_en_20248253.mp3,thirties,
male,7fc66cf4d33feeb03b6bdbddcb303e75930beb59265093670e0f60cc6182f0d80a4da5310f1725845b5df9f8564a36a5181c312adf31fe966747fa316892440d,3,2,common_voice_en_552168.mp3;common_voice_en_552169.mp3,twenties,
male,7ff4426d9b29a7e2cd38bab71a2ea9d78150c59a94718443ae2428e1a1ad76b83573eca97cb1aad87410a84e29377e768d9b399fdc9d454ee3e5ac1f3ddb3925,3,2,common_voice_en_97895.mp3;common_voice_en_97896.mp3,thirties,
male,80688ae29499d34fcdb557f072539e968983a733a989f672387d15ec964ef0553eb24af9bcc621c26e91833d851d24c14f7d6746277718a0680bc9e95e741fbf,3,2,common_voice_en_90089.mp3;common_voice_en_90090.mp3,twenties,"India and South Asia (India, Pakistan, Sri Lanka)"
male,806f09cf7e56540b89b6c6a22288cdbe332c756d97c267ea8ef59d6f684cc6ef04a99047017ac0bd5b4c80c075a395adfe56b512565e6120f71541a1ebcb3826,3,2,common_voice_en_19757970.mp3;common_voice_en_19757972.mp3,teens,"India and South Asia (India, Pakistan, Sri Lanka)"
male,807840ae979c014017adcdf10bbbbcc86b34ffec19c441cc54462a3f4bb0a2d0788bbeef089883e30e9737f163d77582077ce34cc58da1222baa2c54d4168a06,3,2,common_voice_en_17569299.mp3;common_voice_en_17569300.mp3,thirties,"Southern African (South Africa, Zimbabwe, Namibia)"
male,809c6ecfce960e185de24eb678d0e89925e351c13344c219374e4deef9d0bea43fe9a74bb97a300686d8e12b436807c4a700a54a9a9542735f9adc430cf28d0e,3,2,common_voice_en_682453.mp3;common_voice_en_682454.mp3,fifties,United States English
male,8119b4a67d239d11f84bb45ef896a69a94f37563e98213031f717cb39501992a4a0cdd4906437752db12deb18a9b11269ffe48f2e4486094486dd0a9ee89231b,3,2,common_voice_en_17394915.mp3;common_voice_en_17394917.mp3,twenties,
male,814a9f453e47e3f3111ff57ca28147e59c4db9aaff89f9c09c263e391d77f34f0b8278d59d81eefac0d5e5dc39dba25069d5091a38352d01fdfe8befbc59c91c,3,2,common_voice_en_23709194.mp3;common_voice_en_23709195.mp3,fourties,Irish English
male,81de4beda172258aac9636713f8dcb441393e131d9acc70e4dd563df2c7e499edcd6fb29bae0a7fc2b7750fa9feb5057314cfad843f3fdca082bd8c55a6b7a25,3,2,common_voice_en_581049.mp3;common_voice_en_581050.mp3,twenties,United States English
male,8248b203261b865356b9209aa95e203e13c9a89f175c9e0136fccfa5699c7443723e75ed629d70066053ada02e04c22dbe1290cf7730096e2c773f606927d09e,3,2,common_voice_en_18025538.mp3;common_voice_en_18025539.mp3,teens,"India and South Asia (India, Pakistan, Sri Lanka)"
male,8327600e433a3dbfb0137f106ba7bb4a8a5c341307ce88cfdffcc270b0f81e93db3d1bc0d833183edc8e59b0b45845044e311d1872f01c1a89716a116629af04,3,2,common_voice_en_19652607.mp3;common_voice_en_19652608.mp3,teens,
male,841045c58f7952bd4ec9a2117af29582b6a44f2ce56b8a53da92a1128061f0ff7115a969d33f8d489e9a2070ff4af47c5e1d7b8604efcf679955c9f254092f2f,3,2,common_voice_en_20253689.mp3;common_voice_en_20253691.mp3,fourties,Australian English
male,8487bd651f6efbf49128447fc7606197733b54bdbbcf7d026c7a05dd9bca9e3a1684211f5a7a69566973cef39e89e40588b7e500b5d85f0a8595c6525870f755,3,2,common_voice_en_19688608.mp3;common_voice_en_19688609.mp3,fifties,
male,85211e5fcc052c601247b101fd88cbcb03c5f66e5918dd6c4cd005d59f9741fbee1b1905ffe49cf1095e9224e1546ff2399a2581f36c6b5025eff3009197201b,3,2,common_voice_en_133942.mp3;common_voice_en_133943.mp3,fourties,
