dataset,row_index,source_id,speaker_id,source_label,unified_style,target_e2v,predicted,score,direct_evaluable,direct_match,labels_json,scores_json
CREMA-D,0,1001_DFA_ANG_XX.wav,1001,anger,anger,angry,angry,1.0000,1,1,"[""angry"", ""disgusted"", ""fearful"", ""happy"", ""neutral"", ""other"", ""sad"", ""surprised"", ""<unk>""]","[1.0, 0.0, 0.0, 0.0, 0.0, 0.0, 0.0, 0.0, 0.0]"
CREMA-D,82,1002_DFA_ANG_XX.wav,1002,anger,anger,angry,angry,1.0000,1,1,"[""angry"", ""disgusted"", ""fearful"", ""happy"", ""neutral"", ""other"", ""sad"", ""surprised"", ""<unk>""]","[1.0, 0.0, 0.0, 0.0, 0.0, 0.0, 0.0, 0.0, 0.0]"
CREMA-D,163,1003_DFA_ANG_XX.wav,1003,anger,anger,angry,angry,1.0000,1,1,"[""angry"", ""disgusted"", ""fearful"", ""happy"", ""neutral"", ""other"", ""sad"", ""surprised"", ""<unk>""]","[1.0, 0.0, 0.0, 0.0, 0.0, 0.0, 0.0, 0.0, 0.0]"
CREMA-D,245,1004_DFA_ANG_XX.wav,1004,anger,anger,angry,angry,1.0000,1,1,"[""angry"", ""disgusted"", ""fearful"", ""happy"", ""neutral"", ""other"", ""sad"", ""surprised"", ""<unk>""]","[1.0, 0.0, 0.0, 0.0, 0.0, 0.0, 0.0, 0.0, 0.0]"
CREMA-D,327,1005_DFA_ANG_XX.wav,1005,anger,anger,angry,angry,0.9994,1,1,"[""angry"", ""disgusted"", ""fearful"", ""happy"", ""neutral"", ""other"", ""sad"", ""surprised"", ""<unk>""]","[0.999389, 6e-06, 2.9e-05, 0.000265, 1e-06, 0.0, 1e-06, 0.000309, 0.0]"
CREMA-D,409,1006_DFA_ANG_XX.wav,1006,anger,anger,angry,angry,1.0000,1,1,"[""angry"", ""disgusted"", ""fearful"", ""happy"", ""neutral"", ""other"", ""sad"", ""surprised"", ""<unk>""]","[1.0, 0.0, 0.0, 0.0, 0.0, 0.0, 0.0, 0.0, 0.0]"
CREMA-D,491,1007_DFA_ANG_XX.wav,1007,anger,anger,angry,angry,1.0000,1,1,"[""angry"", ""disgusted"", ""fearful"", ""happy"", ""neutral"", ""other"", ""sad"", ""surprised"", ""<unk>""]","[1.0, 0.0, 0.0, 0.0, 0.0, 0.0, 0.0, 0.0, 0.0]"
CREMA-D,573,1008_DFA_ANG_XX.wav,1008,anger,anger,angry,angry,1.0000,1,1,"[""angry"", ""disgusted"", ""fearful"", ""happy"", ""neutral"", ""other"", ""sad"", ""surprised"", ""<unk>""]","[1.0, 0.0, 0.0, 0.0, 0.0, 0.0, 0.0, 0.0, 0.0]"
CREMA-D,649,1009_DFA_ANG_XX.wav,1009,anger,anger,angry,angry,1.0000,1,1,"[""angry"", ""disgusted"", ""fearful"", ""happy"", ""neutral"", ""other"", ""sad"", ""surprised"", ""<unk>""]","[1.0, 0.0, 0.0, 0.0, 0.0, 0.0, 0.0, 0.0, 0.0]"
CREMA-D,725,1010_DFA_ANG_XX.wav,1010,anger,anger,angry,angry,1.0000,1,1,"[""angry"", ""disgusted"", ""fearful"", ""happy"", ""neutral"", ""other"", ""sad"", ""surprised"", ""<unk>""]","[1.0, 0.0, 0.0, 0.0, 0.0, 0.0, 0.0, 0.0, 0.0]"
CREMA-D,807,1011_DFA_ANG_XX.wav,1011,anger,anger,angry,angry,1.0000,1,1,"[""angry"", ""disgusted"", ""fearful"", ""happy"", ""neutral"", ""other"", ""sad"", ""surprised"", ""<unk>""]","[1.0, 0.0, 0.0, 0.0, 0.0, 0.0, 0.0, 0.0, 0.0]"
CREMA-D,889,1012_DFA_ANG_XX.wav,1012,anger,anger,angry,angry,1.0000,1,1,"[""angry"", ""disgusted"", ""fearful"", ""happy"", ""neutral"", ""other"", ""sad"", ""surprised"", ""<unk>""]","[1.0, 0.0, 0.0, 0.0, 0.0, 0.0, 0.0, 0.0, 0.0]"
CREMA-D,971,1013_DFA_ANG_XX.wav,1013,anger,anger,angry,angry,1.0000,1,1,"[""angry"", ""disgusted"", ""fearful"", ""happy"", ""neutral"", ""other"", ""sad"", ""surprised"", ""<unk>""]","[1.0, 0.0, 0.0, 0.0, 0.0, 0.0, 0.0, 0.0, 0.0]"
CREMA-D,1053,1014_DFA_ANG_XX.wav,1014,anger,anger,angry,angry,1.0000,1,1,"[""angry"", ""disgusted"", ""fearful"", ""happy"", ""neutral"", ""other"", ""sad"", ""surprised"", ""<unk>""]","[1.0, 0.0, 0.0, 0.0, 0.0, 0.0, 0.0, 0.0, 0.0]"
CREMA-D,1135,1015_DFA_ANG_XX.wav,1015,anger,anger,angry,angry,1.0000,1,1,"[""angry"", ""disgusted"", ""fearful"", ""happy"", ""neutral"", ""other"", ""sad"", ""surprised"", ""<unk>""]","[1.0, 0.0, 0.0, 0.0, 0.0, 0.0, 0.0, 0.0, 0.0]"
CREMA-D,1217,1016_DFA_ANG_XX.wav,1016,anger,anger,angry,angry,1.0000,1,1,"[""angry"", ""disgusted"", ""fearful"", ""happy"", ""neutral"", ""other"", ""sad"", ""surprised"", ""<unk>""]","[1.0, 0.0, 0.0, 0.0, 0.0, 0.0, 0.0, 0.0, 0.0]"
CREMA-D,1299,1017_DFA_ANG_XX.wav,1017,anger,anger,angry,angry,1.0000,1,1,"[""angry"", ""disgusted"", ""fearful"", ""happy"", ""neutral"", ""other"", ""sad"", ""surprised"", ""<unk>""]","[1.0, 0.0, 0.0, 0.0, 0.0, 0.0, 0.0, 0.0, 0.0]"
CREMA-D,1381,1018_DFA_ANG_XX.wav,1018,anger,anger,angry,angry,1.0000,1,1,"[""angry"", ""disgusted"", ""fearful"", ""happy"", ""neutral"", ""other"", ""sad"", ""surprised"", ""<unk>""]","[1.0, 0.0, 0.0, 0.0, 0.0, 0.0, 0.0, 0.0, 0.0]"
CREMA-D,1463,1019_DFA_ANG_XX.wav,1019,anger,anger,angry,angry,1.0000,1,1,"[""angry"", ""disgusted"", ""fearful"", ""happy"", ""neutral"", ""other"", ""sad"", ""surprised"", ""<unk>""]","[1.0, 0.0, 0.0, 0.0, 0.0, 0.0, 0.0, 0.0, 0.0]"
CREMA-D,1539,1020_DFA_ANG_XX.wav,1020,anger,anger,angry,angry,1.0000,1,1,"[""angry"", ""disgusted"", ""fearful"", ""happy"", ""neutral"", ""other"", ""sad"", ""surprised"", ""<unk>""]","[1.0, 0.0, 0.0, 0.0, 0.0, 0.0, 0.0, 0.0, 0.0]"
CREMA-D,1621,1021_DFA_ANG_XX.wav,1021,anger,anger,angry,angry,0.9998,1,1,"[""angry"", ""disgusted"", ""fearful"", ""happy"", ""neutral"", ""other"", ""sad"", ""surprised"", ""<unk>""]","[0.999759, 0.000218, 0.0, 0.0, 2.2e-05, 0.0, 0.0, 0.0, 0.0]"
CREMA-D,1703,1022_DFA_ANG_XX.wav,1022,anger,anger,angry,angry,1.0000,1,1,"[""angry"", ""disgusted"", ""fearful"", ""happy"", ""neutral"", ""other"", ""sad"", ""surprised"", ""<unk>""]","[1.0, 0.0, 0.0, 0.0, 0.0, 0.0, 0.0, 0.0, 0.0]"
CREMA-D,1785,1023_DFA_ANG_XX.wav,1023,anger,anger,angry,angry,1.0000,1,1,"[""angry"", ""disgusted"", ""fearful"", ""happy"", ""neutral"", ""other"", ""sad"", ""surprised"", ""<unk>""]","[1.0, 0.0, 0.0, 0.0, 0.0, 0.0, 0.0, 0.0, 0.0]"
CREMA-D,1867,1024_DFA_ANG_XX.wav,1024,anger,anger,angry,angry,1.0000,1,1,"[""angry"", ""disgusted"", ""fearful"", ""happy"", ""neutral"", ""other"", ""sad"", ""surprised"", ""<unk>""]","[1.0, 0.0, 0.0, 0.0, 0.0, 0.0, 0.0, 0.0, 0.0]"
CREMA-D,1949,1025_DFA_ANG_XX.wav,1025,anger,anger,angry,angry,1.0000,1,1,"[""angry"", ""disgusted"", ""fearful"", ""happy"", ""neutral"", ""other"", ""sad"", ""surprised"", ""<unk>""]","[1.0, 0.0, 0.0, 0.0, 0.0, 0.0, 0.0, 0.0, 0.0]"
CREMA-D,2031,1026_DFA_ANG_XX.wav,1026,anger,anger,angry,angry,1.0000,1,1,"[""angry"", ""disgusted"", ""fearful"", ""happy"", ""neutral"", ""other"", ""sad"", ""surprised"", ""<unk>""]","[1.0, 0.0, 0.0, 0.0, 0.0, 0.0, 0.0, 0.0, 0.0]"
CREMA-D,2113,1027_DFA_ANG_XX.wav,1027,anger,anger,angry,angry,1.0000,1,1,"[""angry"", ""disgusted"", ""fearful"", ""happy"", ""neutral"", ""other"", ""sad"", ""surprised"", ""<unk>""]","[1.0, 0.0, 0.0, 0.0, 0.0, 0.0, 0.0, 0.0, 0.0]"
CREMA-D,2195,1028_DFA_ANG_XX.wav,1028,anger,anger,angry,angry,1.0000,1,1,"[""angry"", ""disgusted"", ""fearful"", ""happy"", ""neutral"", ""other"", ""sad"", ""surprised"", ""<unk>""]","[1.0, 0.0, 0.0, 0.0, 0.0, 0.0, 0.0, 0.0, 0.0]"
CREMA-D,2277,1029_DFA_ANG_XX.wav,1029,anger,anger,angry,angry,1.0000,1,1,"[""angry"", ""disgusted"", ""fearful"", ""happy"", ""neutral"", ""other"", ""sad"", ""surprised"", ""<unk>""]","[1.0, 0.0, 0.0, 0.0, 0.0, 0.0, 0.0, 0.0, 0.0]"
CREMA-D,2359,1030_DFA_ANG_XX.wav,1030,anger,anger,angry,angry,1.0000,1,1,"[""angry"", ""disgusted"", ""fearful"", ""happy"", ""neutral"", ""other"", ""sad"", ""surprised"", ""<unk>""]","[1.0, 0.0, 0.0, 0.0, 0.0, 0.0, 0.0, 0.0, 0.0]"
CREMA-D,2441,1031_DFA_ANG_XX.wav,1031,anger,anger,angry,angry,1.0000,1,1,"[""angry"", ""disgusted"", ""fearful"", ""happy"", ""neutral"", ""other"", ""sad"", ""surprised"", ""<unk>""]","[1.0, 0.0, 0.0, 0.0, 0.0, 0.0, 0.0, 0.0, 0.0]"
CREMA-D,2523,1032_DFA_ANG_XX.wav,1032,anger,anger,angry,disgusted,0.9990,1,0,"[""angry"", ""disgusted"", ""fearful"", ""happy"", ""neutral"", ""other"", ""sad"", ""surprised"", ""<unk>""]","[0.000927, 0.998996, 8e-06, 2.8e-05, 1.2e-05, 1.1e-05, 5e-06, 1.3e-05, 0.0]"
CREMA-D,2605,1033_DFA_ANG_XX.wav,1033,anger,anger,angry,angry,1.0000,1,1,"[""angry"", ""disgusted"", ""fearful"", ""happy"", ""neutral"", ""other"", ""sad"", ""surprised"", ""<unk>""]","[1.0, 0.0, 0.0, 0.0, 0.0, 0.0, 0.0, 0.0, 0.0]"
CREMA-D,2687,1034_DFA_ANG_XX.wav,1034,anger,anger,angry,angry,0.9160,1,1,"[""angry"", ""disgusted"", ""fearful"", ""happy"", ""neutral"", ""other"", ""sad"", ""surprised"", ""<unk>""]","[0.916016, 0.083974, 1e-06, 3e-06, 1e-06, 0.0, 3e-06, 3e-06, 0.0]"
CREMA-D,2769,1035_DFA_ANG_XX.wav,1035,anger,anger,angry,disgusted,0.9646,1,0,"[""angry"", ""disgusted"", ""fearful"", ""happy"", ""neutral"", ""other"", ""sad"", ""surprised"", ""<unk>""]","[0.035267, 0.964602, 2.2e-05, 3.7e-05, 1e-06, 5e-06, 6e-06, 5.9e-05, 0.0]"
CREMA-D,2851,1036_DFA_ANG_XX.wav,1036,anger,anger,angry,disgusted,0.7735,1,0,"[""angry"", ""disgusted"", ""fearful"", ""happy"", ""neutral"", ""other"", ""sad"", ""surprised"", ""<unk>""]","[0.226054, 0.77348, 6.4e-05, 6.4e-05, 1e-06, 4.5e-05, 0.000236, 5.6e-05, 0.0]"
CREMA-D,2933,1037_DFA_ANG_XX.wav,1037,anger,anger,angry,angry,1.0000,1,1,"[""angry"", ""disgusted"", ""fearful"", ""happy"", ""neutral"", ""other"", ""sad"", ""surprised"", ""<unk>""]","[1.0, 0.0, 0.0, 0.0, 0.0, 0.0, 0.0, 0.0, 0.0]"
CREMA-D,3015,1038_DFA_ANG_XX.wav,1038,anger,anger,angry,angry,1.0000,1,1,"[""angry"", ""disgusted"", ""fearful"", ""happy"", ""neutral"", ""other"", ""sad"", ""surprised"", ""<unk>""]","[1.0, 0.0, 0.0, 0.0, 0.0, 0.0, 0.0, 0.0, 0.0]"
CREMA-D,3097,1039_DFA_ANG_XX.wav,1039,anger,anger,angry,angry,1.0000,1,1,"[""angry"", ""disgusted"", ""fearful"", ""happy"", ""neutral"", ""other"", ""sad"", ""surprised"", ""<unk>""]","[1.0, 0.0, 0.0, 0.0, 0.0, 0.0, 0.0, 0.0, 0.0]"
CREMA-D,3179,1040_DFA_ANG_XX.wav,1040,anger,anger,angry,neutral,0.9213,1,0,"[""angry"", ""disgusted"", ""fearful"", ""happy"", ""neutral"", ""other"", ""sad"", ""surprised"", ""<unk>""]","[0.077925, 0.00069, 1.9e-05, 8e-06, 0.921301, 1e-06, 2.4e-05, 3.1e-05, 0.0]"
CREMA-D,3261,1041_DFA_ANG_XX.wav,1041,anger,anger,angry,angry,1.0000,1,1,"[""angry"", ""disgusted"", ""fearful"", ""happy"", ""neutral"", ""other"", ""sad"", ""surprised"", ""<unk>""]","[1.0, 0.0, 0.0, 0.0, 0.0, 0.0, 0.0, 0.0, 0.0]"
CREMA-D,3343,1042_DFA_ANG_XX.wav,1042,anger,anger,angry,angry,1.0000,1,1,"[""angry"", ""disgusted"", ""fearful"", ""happy"", ""neutral"", ""other"", ""sad"", ""surprised"", ""<unk>""]","[1.0, 0.0, 0.0, 0.0, 0.0, 0.0, 0.0, 0.0, 0.0]"
CREMA-D,3425,1043_DFA_ANG_XX.wav,1043,anger,anger,angry,angry,1.0000,1,1,"[""angry"", ""disgusted"", ""fearful"", ""happy"", ""neutral"", ""other"", ""sad"", ""surprised"", ""<unk>""]","[1.0, 0.0, 0.0, 0.0, 0.0, 0.0, 0.0, 0.0, 0.0]"
CREMA-D,3507,1044_DFA_ANG_XX.wav,1044,anger,anger,angry,angry,1.0000,1,1,"[""angry"", ""disgusted"", ""fearful"", ""happy"", ""neutral"", ""other"", ""sad"", ""surprised"", ""<unk>""]","[1.0, 0.0, 0.0, 0.0, 0.0, 0.0, 0.0, 0.0, 0.0]"
CREMA-D,3589,1045_DFA_ANG_XX.wav,1045,anger,anger,angry,angry,1.0000,1,1,"[""angry"", ""disgusted"", ""fearful"", ""happy"", ""neutral"", ""other"", ""sad"", ""surprised"", ""<unk>""]","[0.999984, 1.6e-05, 0.0, 0.0, 0.0, 0.0, 0.0, 0.0, 0.0]"
CREMA-D,3671,1046_DFA_ANG_XX.wav,1046,anger,anger,angry,angry,1.0000,1,1,"[""angry"", ""disgusted"", ""fearful"", ""happy"", ""neutral"", ""other"", ""sad"", ""surprised"", ""<unk>""]","[1.0, 0.0, 0.0, 0.0, 0.0, 0.0, 0.0, 0.0, 0.0]"
CREMA-D,3753,1047_DFA_ANG_XX.wav,1047,anger,anger,angry,angry,1.0000,1,1,"[""angry"", ""disgusted"", ""fearful"", ""happy"", ""neutral"", ""other"", ""sad"", ""surprised"", ""<unk>""]","[1.0, 0.0, 0.0, 0.0, 0.0, 0.0, 0.0, 0.0, 0.0]"
CREMA-D,3835,1048_DFA_ANG_XX.wav,1048,anger,anger,angry,angry,1.0000,1,1,"[""angry"", ""disgusted"", ""fearful"", ""happy"", ""neutral"", ""other"", ""sad"", ""surprised"", ""<unk>""]","[1.0, 0.0, 0.0, 0.0, 0.0, 0.0, 0.0, 0.0, 0.0]"
CREMA-D,3917,1049_DFA_ANG_XX.wav,1049,anger,anger,angry,angry,1.0000,1,1,"[""angry"", ""disgusted"", ""fearful"", ""happy"", ""neutral"", ""other"", ""sad"", ""surprised"", ""<unk>""]","[1.0, 0.0, 0.0, 0.0, 0.0, 0.0, 0.0, 0.0, 0.0]"
CREMA-D,3999,1050_DFA_ANG_XX.wav,1050,anger,anger,angry,angry,1.0000,1,1,"[""angry"", ""disgusted"", ""fearful"", ""happy"", ""neutral"", ""other"", ""sad"", ""surprised"", ""<unk>""]","[1.0, 0.0, 0.0, 0.0, 0.0, 0.0, 0.0, 0.0, 0.0]"
CREMA-D,4081,1051_DFA_ANG_XX.wav,1051,anger,anger,angry,angry,1.0000,1,1,"[""angry"", ""disgusted"", ""fearful"", ""happy"", ""neutral"", ""other"", ""sad"", ""surprised"", ""<unk>""]","[1.0, 0.0, 0.0, 0.0, 0.0, 0.0, 0.0, 0.0, 0.0]"
CREMA-D,4163,1052_DFA_ANG_XX.wav,1052,anger,anger,angry,angry,1.0000,1,1,"[""angry"", ""disgusted"", ""fearful"", ""happy"", ""neutral"", ""other"", ""sad"", ""surprised"", ""<unk>""]","[1.0, 0.0, 0.0, 0.0, 0.0, 0.0, 0.0, 0.0, 0.0]"
CREMA-D,4245,1053_DFA_ANG_XX.wav,1053,anger,anger,angry,angry,1.0000,1,1,"[""angry"", ""disgusted"", ""fearful"", ""happy"", ""neutral"", ""other"", ""sad"", ""surprised"", ""<unk>""]","[1.0, 0.0, 0.0, 0.0, 0.0, 0.0, 0.0, 0.0, 0.0]"
CREMA-D,4327,1054_DFA_ANG_XX.wav,1054,anger,anger,angry,angry,1.0000,1,1,"[""angry"", ""disgusted"", ""fearful"", ""happy"", ""neutral"", ""other"", ""sad"", ""surprised"", ""<unk>""]","[1.0, 0.0, 0.0, 0.0, 0.0, 0.0, 0.0, 0.0, 0.0]"
CREMA-D,4409,1055_DFA_ANG_XX.wav,1055,anger,anger,angry,angry,1.0000,1,1,"[""angry"", ""disgusted"", ""fearful"", ""happy"", ""neutral"", ""other"", ""sad"", ""surprised"", ""<unk>""]","[1.0, 0.0, 0.0, 0.0, 0.0, 0.0, 0.0, 0.0, 0.0]"
CREMA-D,4491,1056_DFA_ANG_XX.wav,1056,anger,anger,angry,angry,1.0000,1,1,"[""angry"", ""disgusted"", ""fearful"", ""happy"", ""neutral"", ""other"", ""sad"", ""surprised"", ""<unk>""]","[1.0, 0.0, 0.0, 0.0, 0.0, 0.0, 0.0, 0.0, 0.0]"
CREMA-D,4573,1057_DFA_ANG_XX.wav,1057,anger,anger,angry,angry,1.0000,1,1,"[""angry"", ""disgusted"", ""fearful"", ""happy"", ""neutral"", ""other"", ""sad"", ""surprised"", ""<unk>""]","[1.0, 0.0, 0.0, 0.0, 0.0, 0.0, 0.0, 0.0, 0.0]"
CREMA-D,4655,1058_DFA_ANG_XX.wav,1058,anger,anger,angry,angry,1.0000,1,1,"[""angry"", ""disgusted"", ""fearful"", ""happy"", ""neutral"", ""other"", ""sad"", ""surprised"", ""<unk>""]","[1.0, 0.0, 0.0, 0.0, 0.0, 0.0, 0.0, 0.0, 0.0]"
CREMA-D,4737,1059_DFA_ANG_XX.wav,1059,anger,anger,angry,angry,1.0000,1,1,"[""angry"", ""disgusted"", ""fearful"", ""happy"", ""neutral"", ""other"", ""sad"", ""surprised"", ""<unk>""]","[1.0, 0.0, 0.0, 0.0, 0.0, 0.0, 0.0, 0.0, 0.0]"
CREMA-D,4819,1060_DFA_ANG_XX.wav,1060,anger,anger,angry,angry,0.9993,1,1,"[""angry"", ""disgusted"", ""fearful"", ""happy"", ""neutral"", ""other"", ""sad"", ""surprised"", ""<unk>""]","[0.999269, 0.000729, 0.0, 0.0, 0.0, 0.0, 1e-06, 0.0, 0.0]"
CREMA-D,4901,1061_DFA_ANG_XX.wav,1061,anger,anger,angry,angry,1.0000,1,1,"[""angry"", ""disgusted"", ""fearful"", ""happy"", ""neutral"", ""other"", ""sad"", ""surprised"", ""<unk>""]","[1.0, 0.0, 0.0, 0.0, 0.0, 0.0, 0.0, 0.0, 0.0]"
CREMA-D,4983,1062_DFA_ANG_XX.wav,1062,anger,anger,angry,angry,1.0000,1,1,"[""angry"", ""disgusted"", ""fearful"", ""happy"", ""neutral"", ""other"", ""sad"", ""surprised"", ""<unk>""]","[1.0, 0.0, 0.0, 0.0, 0.0, 0.0, 0.0, 0.0, 0.0]"
CREMA-D,5065,1063_DFA_ANG_XX.wav,1063,anger,anger,angry,angry,1.0000,1,1,"[""angry"", ""disgusted"", ""fearful"", ""happy"", ""neutral"", ""other"", ""sad"", ""surprised"", ""<unk>""]","[1.0, 0.0, 0.0, 0.0, 0.0, 0.0, 0.0, 0.0, 0.0]"
CREMA-D,5147,1064_DFA_ANG_XX.wav,1064,anger,anger,angry,angry,1.0000,1,1,"[""angry"", ""disgusted"", ""fearful"", ""happy"", ""neutral"", ""other"", ""sad"", ""surprised"", ""<unk>""]","[1.0, 0.0, 0.0, 0.0, 0.0, 0.0, 0.0, 0.0, 0.0]"
CREMA-D,5229,1065_DFA_ANG_XX.wav,1065,anger,anger,angry,angry,1.0000,1,1,"[""angry"", ""disgusted"", ""fearful"", ""happy"", ""neutral"", ""other"", ""sad"", ""surprised"", ""<unk>""]","[1.0, 0.0, 0.0, 0.0, 0.0, 0.0, 0.0, 0.0, 0.0]"
CREMA-D,5311,1066_DFA_ANG_XX.wav,1066,anger,anger,angry,angry,1.0000,1,1,"[""angry"", ""disgusted"", ""fearful"", ""happy"", ""neutral"", ""other"", ""sad"", ""surprised"", ""<unk>""]","[1.0, 0.0, 0.0, 0.0, 0.0, 0.0, 0.0, 0.0, 0.0]"
CREMA-D,5393,1067_DFA_ANG_XX.wav,1067,anger,anger,angry,angry,0.8417,1,1,"[""angry"", ""disgusted"", ""fearful"", ""happy"", ""neutral"", ""other"", ""sad"", ""surprised"", ""<unk>""]","[0.841724, 0.018586, 0.094904, 0.002778, 0.002877, 0.003103, 0.02804, 0.00797, 1.7e-05]"
CREMA-D,5475,1068_DFA_ANG_XX.wav,1068,anger,anger,angry,angry,1.0000,1,1,"[""angry"", ""disgusted"", ""fearful"", ""happy"", ""neutral"", ""other"", ""sad"", ""surprised"", ""<unk>""]","[1.0, 0.0, 0.0, 0.0, 0.0, 0.0, 0.0, 0.0, 0.0]"
CREMA-D,5557,1069_DFA_ANG_XX.wav,1069,anger,anger,angry,angry,1.0000,1,1,"[""angry"", ""disgusted"", ""fearful"", ""happy"", ""neutral"", ""other"", ""sad"", ""surprised"", ""<unk>""]","[1.0, 0.0, 0.0, 0.0, 0.0, 0.0, 0.0, 0.0, 0.0]"
CREMA-D,5639,1070_DFA_ANG_XX.wav,1070,anger,anger,angry,angry,1.0000,1,1,"[""angry"", ""disgusted"", ""fearful"", ""happy"", ""neutral"", ""other"", ""sad"", ""surprised"", ""<unk>""]","[0.999999, 1e-06, 0.0, 0.0, 0.0, 0.0, 0.0, 0.0, 0.0]"
CREMA-D,5721,1071_DFA_ANG_XX.wav,1071,anger,anger,angry,angry,1.0000,1,1,"[""angry"", ""disgusted"", ""fearful"", ""happy"", ""neutral"", ""other"", ""sad"", ""surprised"", ""<unk>""]","[1.0, 0.0, 0.0, 0.0, 0.0, 0.0, 0.0, 0.0, 0.0]"
CREMA-D,5803,1072_DFA_ANG_XX.wav,1072,anger,anger,angry,neutral,1.0000,1,0,"[""angry"", ""disgusted"", ""fearful"", ""happy"", ""neutral"", ""other"", ""sad"", ""surprised"", ""<unk>""]","[3e-06, 2e-06, 0.0, 6e-06, 0.99999, 0.0, 0.0, 0.0, 0.0]"
CREMA-D,5885,1073_DFA_ANG_XX.wav,1073,anger,anger,angry,angry,1.0000,1,1,"[""angry"", ""disgusted"", ""fearful"", ""happy"", ""neutral"", ""other"", ""sad"", ""surprised"", ""<unk>""]","[1.0, 0.0, 0.0, 0.0, 0.0, 0.0, 0.0, 0.0, 0.0]"
CREMA-D,5967,1074_DFA_ANG_XX.wav,1074,anger,anger,angry,angry,1.0000,1,1,"[""angry"", ""disgusted"", ""fearful"", ""happy"", ""neutral"", ""other"", ""sad"", ""surprised"", ""<unk>""]","[1.0, 0.0, 0.0, 0.0, 0.0, 0.0, 0.0, 0.0, 0.0]"
CREMA-D,6049,1075_DFA_ANG_XX.wav,1075,anger,anger,angry,angry,1.0000,1,1,"[""angry"", ""disgusted"", ""fearful"", ""happy"", ""neutral"", ""other"", ""sad"", ""surprised"", ""<unk>""]","[1.0, 0.0, 0.0, 0.0, 0.0, 0.0, 0.0, 0.0, 0.0]"
CREMA-D,6131,1076_DFA_ANG_XX.wav,1076,anger,anger,angry,angry,1.0000,1,1,"[""angry"", ""disgusted"", ""fearful"", ""happy"", ""neutral"", ""other"", ""sad"", ""surprised"", ""<unk>""]","[1.0, 0.0, 0.0, 0.0, 0.0, 0.0, 0.0, 0.0, 0.0]"
CREMA-D,6212,1077_DFA_ANG_XX.wav,1077,anger,anger,angry,angry,1.0000,1,1,"[""angry"", ""disgusted"", ""fearful"", ""happy"", ""neutral"", ""other"", ""sad"", ""surprised"", ""<unk>""]","[1.0, 0.0, 0.0, 0.0, 0.0, 0.0, 0.0, 0.0, 0.0]"
CREMA-D,6294,1078_DFA_ANG_XX.wav,1078,anger,anger,angry,angry,1.0000,1,1,"[""angry"", ""disgusted"", ""fearful"", ""happy"", ""neutral"", ""other"", ""sad"", ""surprised"", ""<unk>""]","[1.0, 0.0, 0.0, 0.0, 0.0, 0.0, 0.0, 0.0, 0.0]"
CREMA-D,6376,1079_DFA_ANG_XX.wav,1079,anger,anger,angry,angry,1.0000,1,1,"[""angry"", ""disgusted"", ""fearful"", ""happy"", ""neutral"", ""other"", ""sad"", ""surprised"", ""<unk>""]","[1.0, 0.0, 0.0, 0.0, 0.0, 0.0, 0.0, 0.0, 0.0]"
CREMA-D,6458,1080_DFA_ANG_XX.wav,1080,anger,anger,angry,angry,1.0000,1,1,"[""angry"", ""disgusted"", ""fearful"", ""happy"", ""neutral"", ""other"", ""sad"", ""surprised"", ""<unk>""]","[1.0, 0.0, 0.0, 0.0, 0.0, 0.0, 0.0, 0.0, 0.0]"
CREMA-D,6540,1081_DFA_ANG_XX.wav,1081,anger,anger,angry,angry,1.0000,1,1,"[""angry"", ""disgusted"", ""fearful"", ""happy"", ""neutral"", ""other"", ""sad"", ""surprised"", ""<unk>""]","[1.0, 0.0, 0.0, 0.0, 0.0, 0.0, 0.0, 0.0, 0.0]"
CREMA-D,6622,1082_DFA_ANG_XX.wav,1082,anger,anger,angry,angry,0.9999,1,1,"[""angry"", ""disgusted"", ""fearful"", ""happy"", ""neutral"", ""other"", ""sad"", ""surprised"", ""<unk>""]","[0.999858, 0.0, 0.0, 2e-06, 3e-06, 0.0, 0.0, 0.000136, 0.0]"
CREMA-D,6704,1083_DFA_ANG_XX.wav,1083,anger,anger,angry,angry,1.0000,1,1,"[""angry"", ""disgusted"", ""fearful"", ""happy"", ""neutral"", ""other"", ""sad"", ""surprised"", ""<unk>""]","[1.0, 0.0, 0.0, 0.0, 0.0, 0.0, 0.0, 0.0, 0.0]"
CREMA-D,6786,1084_DFA_ANG_XX.wav,1084,anger,anger,angry,angry,1.0000,1,1,"[""angry"", ""disgusted"", ""fearful"", ""happy"", ""neutral"", ""other"", ""sad"", ""surprised"", ""<unk>""]","[1.0, 0.0, 0.0, 0.0, 0.0, 0.0, 0.0, 0.0, 0.0]"
CREMA-D,6868,1085_DFA_ANG_XX.wav,1085,anger,anger,angry,angry,1.0000,1,1,"[""angry"", ""disgusted"", ""fearful"", ""happy"", ""neutral"", ""other"", ""sad"", ""surprised"", ""<unk>""]","[1.0, 0.0, 0.0, 0.0, 0.0, 0.0, 0.0, 0.0, 0.0]"
CREMA-D,6950,1086_DFA_ANG_XX.wav,1086,anger,anger,angry,angry,1.0000,1,1,"[""angry"", ""disgusted"", ""fearful"", ""happy"", ""neutral"", ""other"", ""sad"", ""surprised"", ""<unk>""]","[1.0, 0.0, 0.0, 0.0, 0.0, 0.0, 0.0, 0.0, 0.0]"
CREMA-D,7032,1087_DFA_ANG_XX.wav,1087,anger,anger,angry,angry,1.0000,1,1,"[""angry"", ""disgusted"", ""fearful"", ""happy"", ""neutral"", ""other"", ""sad"", ""surprised"", ""<unk>""]","[0.999969, 1e-06, 0.0, 1e-06, 2.6e-05, 0.0, 1e-06, 2e-06, 0.0]"
CREMA-D,7114,1088_DFA_ANG_XX.wav,1088,anger,anger,angry,angry,1.0000,1,1,"[""angry"", ""disgusted"", ""fearful"", ""happy"", ""neutral"", ""other"", ""sad"", ""surprised"", ""<unk>""]","[0.99999, 0.0, 0.0, 0.0, 1e-05, 0.0, 0.0, 0.0, 0.0]"
CREMA-D,7196,1089_DFA_ANG_XX.wav,1089,anger,anger,angry,angry,1.0000,1,1,"[""angry"", ""disgusted"", ""fearful"", ""happy"", ""neutral"", ""other"", ""sad"", ""surprised"", ""<unk>""]","[1.0, 0.0, 0.0, 0.0, 0.0, 0.0, 0.0, 0.0, 0.0]"
CREMA-D,7278,1090_DFA_ANG_XX.wav,1090,anger,anger,angry,angry,1.0000,1,1,"[""angry"", ""disgusted"", ""fearful"", ""happy"", ""neutral"", ""other"", ""sad"", ""surprised"", ""<unk>""]","[1.0, 0.0, 0.0, 0.0, 0.0, 0.0, 0.0, 0.0, 0.0]"
CREMA-D,7360,1091_DFA_ANG_XX.wav,1091,anger,anger,angry,angry,1.0000,1,1,"[""angry"", ""disgusted"", ""fearful"", ""happy"", ""neutral"", ""other"", ""sad"", ""surprised"", ""<unk>""]","[1.0, 0.0, 0.0, 0.0, 0.0, 0.0, 0.0, 0.0, 0.0]"
CREMA-D,1,1001_DFA_DIS_XX.wav,1001,disgust,disgust,disgusted,disgusted,0.9994,1,1,"[""angry"", ""disgusted"", ""fearful"", ""happy"", ""neutral"", ""other"", ""sad"", ""surprised"", ""<unk>""]","[0.0006, 0.999398, 0.0, 0.0, 0.0, 0.0, 1e-06, 0.0, 0.0]"
CREMA-D,83,1002_DFA_DIS_XX.wav,1002,disgust,disgust,disgusted,disgusted,1.0000,1,1,"[""angry"", ""disgusted"", ""fearful"", ""happy"", ""neutral"", ""other"", ""sad"", ""surprised"", ""<unk>""]","[0.0, 1.0, 0.0, 0.0, 0.0, 0.0, 0.0, 0.0, 0.0]"
CREMA-D,164,1003_DFA_DIS_XX.wav,1003,disgust,disgust,disgusted,disgusted,1.0000,1,1,"[""angry"", ""disgusted"", ""fearful"", ""happy"", ""neutral"", ""other"", ""sad"", ""surprised"", ""<unk>""]","[0.0, 0.999998, 0.0, 0.0, 0.0, 0.0, 2e-06, 0.0, 0.0]"
CREMA-D,246,1004_DFA_DIS_XX.wav,1004,disgust,disgust,disgusted,disgusted,1.0000,1,1,"[""angry"", ""disgusted"", ""fearful"", ""happy"", ""neutral"", ""other"", ""sad"", ""surprised"", ""<unk>""]","[0.0, 1.0, 0.0, 0.0, 0.0, 0.0, 0.0, 0.0, 0.0]"
CREMA-D,328,1005_DFA_DIS_XX.wav,1005,disgust,disgust,disgusted,disgusted,1.0000,1,1,"[""angry"", ""disgusted"", ""fearful"", ""happy"", ""neutral"", ""other"", ""sad"", ""surprised"", ""<unk>""]","[0.0, 0.999999, 0.0, 0.0, 0.0, 1e-06, 0.0, 0.0, 0.0]"
CREMA-D,410,1006_DFA_DIS_XX.wav,1006,disgust,disgust,disgusted,disgusted,1.0000,1,1,"[""angry"", ""disgusted"", ""fearful"", ""happy"", ""neutral"", ""other"", ""sad"", ""surprised"", ""<unk>""]","[0.0, 1.0, 0.0, 0.0, 0.0, 0.0, 0.0, 0.0, 0.0]"
CREMA-D,492,1007_DFA_DIS_XX.wav,1007,disgust,disgust,disgusted,disgusted,1.0000,1,1,"[""angry"", ""disgusted"", ""fearful"", ""happy"", ""neutral"", ""other"", ""sad"", ""surprised"", ""<unk>""]","[0.0, 0.999967, 0.0, 0.0, 0.0, 0.0, 3.2e-05, 0.0, 0.0]"
CREMA-D,574,1008_DFA_DIS_XX.wav,1008,disgust,disgust,disgusted,disgusted,1.0000,1,1,"[""angry"", ""disgusted"", ""fearful"", ""happy"", ""neutral"", ""other"", ""sad"", ""surprised"", ""<unk>""]","[2.4e-05, 0.999969, 0.0, 0.0, 0.0, 0.0, 7e-06, 0.0, 0.0]"
CREMA-D,650,1009_DFA_DIS_XX.wav,1009,disgust,disgust,disgusted,angry,0.9999,1,0,"[""angry"", ""disgusted"", ""fearful"", ""happy"", ""neutral"", ""other"", ""sad"", ""surprised"", ""<unk>""]","[0.99986, 3.9e-05, 1e-06, 0.0, 9.1e-05, 0.0, 1e-06, 8e-06, 0.0]"
CREMA-D,726,1010_DFA_DIS_XX.wav,1010,disgust,disgust,disgusted,disgusted,0.9972,1,1,"[""angry"", ""disgusted"", ""fearful"", ""happy"", ""neutral"", ""other"", ""sad"", ""surprised"", ""<unk>""]","[1e-06, 0.997245, 0.000253, 1e-06, 0.0, 1.2e-05, 0.002488, 1e-06, 0.0]"
CREMA-D,808,1011_DFA_DIS_XX.wav,1011,disgust,disgust,disgusted,disgusted,1.0000,1,1,"[""angry"", ""disgusted"", ""fearful"", ""happy"", ""neutral"", ""other"", ""sad"", ""surprised"", ""<unk>""]","[0.0, 0.999983, 0.0, 0.0, 1e-06, 0.0, 1.5e-05, 0.0, 0.0]"
CREMA-D,890,1012_DFA_DIS_XX.wav,1012,disgust,disgust,disgusted,disgusted,1.0000,1,1,"[""angry"", ""disgusted"", ""fearful"", ""happy"", ""neutral"", ""other"", ""sad"", ""surprised"", ""<unk>""]","[0.0, 1.0, 0.0, 0.0, 0.0, 0.0, 0.0, 0.0, 0.0]"
CREMA-D,972,1013_DFA_DIS_XX.wav,1013,disgust,disgust,disgusted,disgusted,1.0000,1,1,"[""angry"", ""disgusted"", ""fearful"", ""happy"", ""neutral"", ""other"", ""sad"", ""surprised"", ""<unk>""]","[0.0, 1.0, 0.0, 0.0, 0.0, 0.0, 0.0, 0.0, 0.0]"
CREMA-D,1054,1014_DFA_DIS_XX.wav,1014,disgust,disgust,disgusted,disgusted,1.0000,1,1,"[""angry"", ""disgusted"", ""fearful"", ""happy"", ""neutral"", ""other"", ""sad"", ""surprised"", ""<unk>""]","[0.0, 0.999999, 0.0, 0.0, 0.0, 0.0, 1e-06, 0.0, 0.0]"
CREMA-D,1136,1015_DFA_DIS_XX.wav,1015,disgust,disgust,disgusted,disgusted,0.9998,1,1,"[""angry"", ""disgusted"", ""fearful"", ""happy"", ""neutral"", ""other"", ""sad"", ""surprised"", ""<unk>""]","[4e-06, 0.999804, 0.000131, 2e-06, 0.0, 2.2e-05, 3.6e-05, 1e-06, 0.0]"
CREMA-D,1218,1016_DFA_DIS_XX.wav,1016,disgust,disgust,disgusted,disgusted,0.5662,1,1,"[""angry"", ""disgusted"", ""fearful"", ""happy"", ""neutral"", ""other"", ""sad"", ""surprised"", ""<unk>""]","[0.429154, 0.566232, 0.002538, 0.000286, 8e-06, 0.000575, 0.00077, 0.000437, 0.0]"
CREMA-D,1300,1017_DFA_DIS_XX.wav,1017,disgust,disgust,disgusted,disgusted,0.9999,1,1,"[""angry"", ""disgusted"", ""fearful"", ""happy"", ""neutral"", ""other"", ""sad"", ""surprised"", ""<unk>""]","[2e-06, 0.999853, 1e-06, 0.0, 0.0, 0.0, 0.000143, 0.0, 0.0]"
CREMA-D,1382,1018_DFA_DIS_XX.wav,1018,disgust,disgust,disgusted,disgusted,1.0000,1,1,"[""angry"", ""disgusted"", ""fearful"", ""happy"", ""neutral"", ""other"", ""sad"", ""surprised"", ""<unk>""]","[0.0, 0.999999, 0.0, 0.0, 0.0, 0.0, 0.0, 0.0, 0.0]"
CREMA-D,1464,1019_DFA_DIS_XX.wav,1019,disgust,disgust,disgusted,disgusted,1.0000,1,1,"[""angry"", ""disgusted"", ""fearful"", ""happy"", ""neutral"", ""other"", ""sad"", ""surprised"", ""<unk>""]","[0.0, 1.0, 0.0, 0.0, 0.0, 0.0, 0.0, 0.0, 0.0]"
CREMA-D,1540,1020_DFA_DIS_XX.wav,1020,disgust,disgust,disgusted,disgusted,1.0000,1,1,"[""angry"", ""disgusted"", ""fearful"", ""happy"", ""neutral"", ""other"", ""sad"", ""surprised"", ""<unk>""]","[0.0, 1.0, 0.0, 0.0, 0.0, 0.0, 0.0, 0.0, 0.0]"
CREMA-D,1622,1021_DFA_DIS_XX.wav,1021,disgust,disgust,disgusted,disgusted,1.0000,1,1,"[""angry"", ""disgusted"", ""fearful"", ""happy"", ""neutral"", ""other"", ""sad"", ""surprised"", ""<unk>""]","[0.0, 0.999997, 0.0, 0.0, 0.0, 0.0, 3e-06, 0.0, 0.0]"
CREMA-D,1704,1022_DFA_DIS_XX.wav,1022,disgust,disgust,disgusted,disgusted,1.0000,1,1,"[""angry"", ""disgusted"", ""fearful"", ""happy"", ""neutral"", ""other"", ""sad"", ""surprised"", ""<unk>""]","[0.0, 1.0, 0.0, 0.0, 0.0, 0.0, 0.0, 0.0, 0.0]"
CREMA-D,1786,1023_DFA_DIS_XX.wav,1023,disgust,disgust,disgusted,disgusted,0.9996,1,1,"[""angry"", ""disgusted"", ""fearful"", ""happy"", ""neutral"", ""other"", ""sad"", ""surprised"", ""<unk>""]","[0.0, 0.999559, 2e-06, 1e-06, 0.000149, 6e-06, 0.000283, 0.0, 0.0]"
CREMA-D,1868,1024_DFA_DIS_XX.wav,1024,disgust,disgust,disgusted,disgusted,1.0000,1,1,"[""angry"", ""disgusted"", ""fearful"", ""happy"", ""neutral"", ""other"", ""sad"", ""surprised"", ""<unk>""]","[0.0, 1.0, 0.0, 0.0, 0.0, 0.0, 0.0, 0.0, 0.0]"
CREMA-D,1950,1025_DFA_DIS_XX.wav,1025,disgust,disgust,disgusted,disgusted,0.9844,1,1,"[""angry"", ""disgusted"", ""fearful"", ""happy"", ""neutral"", ""other"", ""sad"", ""surprised"", ""<unk>""]","[1e-06, 0.984434, 0.002112, 2.9e-05, 1e-06, 6.8e-05, 0.013345, 1e-05, 0.0]"
CREMA-D,2032,1026_DFA_DIS_XX.wav,1026,disgust,disgust,disgusted,disgusted,1.0000,1,1,"[""angry"", ""disgusted"", ""fearful"", ""happy"", ""neutral"", ""other"", ""sad"", ""surprised"", ""<unk>""]","[0.0, 1.0, 0.0, 0.0, 0.0, 0.0, 0.0, 0.0, 0.0]"
CREMA-D,2114,1027_DFA_DIS_XX.wav,1027,disgust,disgust,disgusted,disgusted,1.0000,1,1,"[""angry"", ""disgusted"", ""fearful"", ""happy"", ""neutral"", ""other"", ""sad"", ""surprised"", ""<unk>""]","[0.0, 0.999994, 1e-06, 1e-06, 0.0, 0.0, 4e-06, 0.0, 0.0]"
CREMA-D,2196,1028_DFA_DIS_XX.wav,1028,disgust,disgust,disgusted,disgusted,1.0000,1,1,"[""angry"", ""disgusted"", ""fearful"", ""happy"", ""neutral"", ""other"", ""sad"", ""surprised"", ""<unk>""]","[0.0, 1.0, 0.0, 0.0, 0.0, 0.0, 0.0, 0.0, 0.0]"
CREMA-D,2278,1029_DFA_DIS_XX.wav,1029,disgust,disgust,disgusted,disgusted,1.0000,1,1,"[""angry"", ""disgusted"", ""fearful"", ""happy"", ""neutral"", ""other"", ""sad"", ""surprised"", ""<unk>""]","[0.0, 1.0, 0.0, 0.0, 0.0, 0.0, 0.0, 0.0, 0.0]"
CREMA-D,2360,1030_DFA_DIS_XX.wav,1030,disgust,disgust,disgusted,disgusted,0.8888,1,1,"[""angry"", ""disgusted"", ""fearful"", ""happy"", ""neutral"", ""other"", ""sad"", ""surprised"", ""<unk>""]","[1e-06, 0.888752, 8.4e-05, 3e-06, 1.1e-05, 1.8e-05, 0.11113, 2e-06, 0.0]"
CREMA-D,2442,1031_DFA_DIS_XX.wav,1031,disgust,disgust,disgusted,disgusted,1.0000,1,1,"[""angry"", ""disgusted"", ""fearful"", ""happy"", ""neutral"", ""other"", ""sad"", ""surprised"", ""<unk>""]","[0.0, 1.0, 0.0, 0.0, 0.0, 0.0, 0.0, 0.0, 0.0]"
CREMA-D,2524,1032_DFA_DIS_XX.wav,1032,disgust,disgust,disgusted,disgusted,1.0000,1,1,"[""angry"", ""disgusted"", ""fearful"", ""happy"", ""neutral"", ""other"", ""sad"", ""surprised"", ""<unk>""]","[0.0, 1.0, 0.0, 0.0, 0.0, 0.0, 0.0, 0.0, 0.0]"
CREMA-D,2606,1033_DFA_DIS_XX.wav,1033,disgust,disgust,disgusted,disgusted,1.0000,1,1,"[""angry"", ""disgusted"", ""fearful"", ""happy"", ""neutral"", ""other"", ""sad"", ""surprised"", ""<unk>""]","[0.0, 1.0, 0.0, 0.0, 0.0, 0.0, 0.0, 0.0, 0.0]"
CREMA-D,2688,1034_DFA_DIS_XX.wav,1034,disgust,disgust,disgusted,disgusted,1.0000,1,1,"[""angry"", ""disgusted"", ""fearful"", ""happy"", ""neutral"", ""other"", ""sad"", ""surprised"", ""<unk>""]","[0.0, 1.0, 0.0, 0.0, 0.0, 0.0, 0.0, 0.0, 0.0]"
CREMA-D,2770,1035_DFA_DIS_XX.wav,1035,disgust,disgust,disgusted,disgusted,1.0000,1,1,"[""angry"", ""disgusted"", ""fearful"", ""happy"", ""neutral"", ""other"", ""sad"", ""surprised"", ""<unk>""]","[0.0, 1.0, 0.0, 0.0, 0.0, 0.0, 0.0, 0.0, 0.0]"
CREMA-D,2852,1036_DFA_DIS_XX.wav,1036,disgust,disgust,disgusted,disgusted,1.0000,1,1,"[""angry"", ""disgusted"", ""fearful"", ""happy"", ""neutral"", ""other"", ""sad"", ""surprised"", ""<unk>""]","[0.0, 1.0, 0.0, 0.0, 0.0, 0.0, 0.0, 0.0, 0.0]"
CREMA-D,2934,1037_DFA_DIS_XX.wav,1037,disgust,disgust,disgusted,disgusted,1.0000,1,1,"[""angry"", ""disgusted"", ""fearful"", ""happy"", ""neutral"", ""other"", ""sad"", ""surprised"", ""<unk>""]","[0.0, 0.999988, 0.0, 0.0, 0.0, 0.0, 1.2e-05, 0.0, 0.0]"
CREMA-D,3016,1038_DFA_DIS_XX.wav,1038,disgust,disgust,disgusted,disgusted,1.0000,1,1,"[""angry"", ""disgusted"", ""fearful"", ""happy"", ""neutral"", ""other"", ""sad"", ""surprised"", ""<unk>""]","[0.0, 1.0, 0.0, 0.0, 0.0, 0.0, 0.0, 0.0, 0.0]"
CREMA-D,3098,1039_DFA_DIS_XX.wav,1039,disgust,disgust,disgusted,disgusted,1.0000,1,1,"[""angry"", ""disgusted"", ""fearful"", ""happy"", ""neutral"", ""other"", ""sad"", ""surprised"", ""<unk>""]","[0.0, 1.0, 0.0, 0.0, 0.0, 0.0, 0.0, 0.0, 0.0]"
CREMA-D,3180,1040_DFA_DIS_XX.wav,1040,disgust,disgust,disgusted,disgusted,0.9819,1,1,"[""angry"", ""disgusted"", ""fearful"", ""happy"", ""neutral"", ""other"", ""sad"", ""surprised"", ""<unk>""]","[1e-06, 0.981898, 0.000119, 1e-06, 0.0, 5e-06, 0.017976, 1e-06, 0.0]"
CREMA-D,3262,1041_DFA_DIS_XX.wav,1041,disgust,disgust,disgusted,disgusted,1.0000,1,1,"[""angry"", ""disgusted"", ""fearful"", ""happy"", ""neutral"", ""other"", ""sad"", ""surprised"", ""<unk>""]","[0.0, 0.999953, 1e-06, 0.0, 0.0, 0.0, 4.5e-05, 0.0, 0.0]"
CREMA-D,3344,1042_DFA_DIS_XX.wav,1042,disgust,disgust,disgusted,disgusted,0.9998,1,1,"[""angry"", ""disgusted"", ""fearful"", ""happy"", ""neutral"", ""other"", ""sad"", ""surprised"", ""<unk>""]","[0.0, 0.999828, 0.0, 4e-06, 0.0, 0.000164, 1e-06, 0.0, 2e-06]"
CREMA-D,3426,1043_DFA_DIS_XX.wav,1043,disgust,disgust,disgusted,neutral,0.5805,1,0,"[""angry"", ""disgusted"", ""fearful"", ""happy"", ""neutral"", ""other"", ""sad"", ""surprised"", ""<unk>""]","[0.000366, 0.413287, 0.000341, 2.8e-05, 0.580527, 0.000131, 0.005126, 0.000172, 2.3e-05]"
CREMA-D,3508,1044_DFA_DIS_XX.wav,1044,disgust,disgust,disgusted,disgusted,1.0000,1,1,"[""angry"", ""disgusted"", ""fearful"", ""happy"", ""neutral"", ""other"", ""sad"", ""surprised"", ""<unk>""]","[0.0, 1.0, 0.0, 0.0, 0.0, 0.0, 0.0, 0.0, 0.0]"
CREMA-D,3590,1045_DFA_DIS_XX.wav,1045,disgust,disgust,disgusted,disgusted,0.9112,1,1,"[""angry"", ""disgusted"", ""fearful"", ""happy"", ""neutral"", ""other"", ""sad"", ""surprised"", ""<unk>""]","[0.0, 0.911219, 1.7e-05, 1e-06, 1e-06, 7e-06, 0.088755, 0.0, 0.0]"
CREMA-D,3672,1046_DFA_DIS_XX.wav,1046,disgust,disgust,disgusted,disgusted,0.8596,1,1,"[""angry"", ""disgusted"", ""fearful"", ""happy"", ""neutral"", ""other"", ""sad"", ""surprised"", ""<unk>""]","[0.00157, 0.859624, 0.000205, 5.2e-05, 0.131289, 0.000103, 0.00666, 0.000474, 2.2e-05]"
CREMA-D,3754,1047_DFA_DIS_XX.wav,1047,disgust,disgust,disgusted,disgusted,0.9985,1,1,"[""angry"", ""disgusted"", ""fearful"", ""happy"", ""neutral"", ""other"", ""sad"", ""surprised"", ""<unk>""]","[0.0, 0.998541, 1e-06, 0.0, 0.0, 0.0, 0.001457, 0.0, 0.0]"
CREMA-D,3836,1048_DFA_DIS_XX.wav,1048,disgust,disgust,disgusted,disgusted,0.9999,1,1,"[""angry"", ""disgusted"", ""fearful"", ""happy"", ""neutral"", ""other"", ""sad"", ""surprised"", ""<unk>""]","[1e-06, 0.999943, 2.8e-05, 0.0, 0.0, 3e-06, 2.4e-05, 0.0, 0.0]"
CREMA-D,3918,1049_DFA_DIS_XX.wav,1049,disgust,disgust,disgusted,disgusted,1.0000,1,1,"[""angry"", ""disgusted"", ""fearful"", ""happy"", ""neutral"", ""other"", ""sad"", ""surprised"", ""<unk>""]","[0.0, 1.0, 0.0, 0.0, 0.0, 0.0, 0.0, 0.0, 0.0]"
CREMA-D,4000,1050_DFA_DIS_XX.wav,1050,disgust,disgust,disgusted,disgusted,1.0000,1,1,"[""angry"", ""disgusted"", ""fearful"", ""happy"", ""neutral"", ""other"", ""sad"", ""surprised"", ""<unk>""]","[0.0, 1.0, 0.0, 0.0, 0.0, 0.0, 0.0, 0.0, 0.0]"
CREMA-D,4082,1051_DFA_DIS_XX.wav,1051,disgust,disgust,disgusted,disgusted,0.9951,1,1,"[""angry"", ""disgusted"", ""fearful"", ""happy"", ""neutral"", ""other"", ""sad"", ""surprised"", ""<unk>""]","[1.3e-05, 0.995141, 7.1e-05, 5e-06, 1.9e-05, 1.1e-05, 0.004722, 1.8e-05, 0.0]"
CREMA-D,4164,1052_DFA_DIS_XX.wav,1052,disgust,disgust,disgusted,sad,0.5616,1,0,"[""angry"", ""disgusted"", ""fearful"", ""happy"", ""neutral"", ""other"", ""sad"", ""surprised"", ""<unk>""]","[5e-06, 0.112794, 0.000596, 1.2e-05, 0.324847, 9.6e-05, 0.561631, 2e-05, 0.0]"
CREMA-D,4246,1053_DFA_DIS_XX.wav,1053,disgust,disgust,disgusted,disgusted,1.0000,1,1,"[""angry"", ""disgusted"", ""fearful"", ""happy"", ""neutral"", ""other"", ""sad"", ""surprised"", ""<unk>""]","[0.0, 1.0, 0.0, 0.0, 0.0, 0.0, 0.0, 0.0, 0.0]"
CREMA-D,4328,1054_DFA_DIS_XX.wav,1054,disgust,disgust,disgusted,disgusted,1.0000,1,1,"[""angry"", ""disgusted"", ""fearful"", ""happy"", ""neutral"", ""other"", ""sad"", ""surprised"", ""<unk>""]","[0.0, 1.0, 0.0, 0.0, 0.0, 0.0, 0.0, 0.0, 0.0]"
CREMA-D,4410,1055_DFA_DIS_XX.wav,1055,disgust,disgust,disgusted,disgusted,1.0000,1,1,"[""angry"", ""disgusted"", ""fearful"", ""happy"", ""neutral"", ""other"", ""sad"", ""surprised"", ""<unk>""]","[0.0, 1.0, 0.0, 0.0, 0.0, 0.0, 0.0, 0.0, 0.0]"
CREMA-D,4492,1056_DFA_DIS_XX.wav,1056,disgust,disgust,disgusted,disgusted,0.9988,1,1,"[""angry"", ""disgusted"", ""fearful"", ""happy"", ""neutral"", ""other"", ""sad"", ""surprised"", ""<unk>""]","[0.001092, 0.998761, 1e-06, 2e-06, 0.000134, 7e-06, 1e-06, 2e-06, 0.0]"
CREMA-D,4574,1057_DFA_DIS_XX.wav,1057,disgust,disgust,disgusted,disgusted,1.0000,1,1,"[""angry"", ""disgusted"", ""fearful"", ""happy"", ""neutral"", ""other"", ""sad"", ""surprised"", ""<unk>""]","[0.0, 0.999999, 0.0, 0.0, 0.0, 0.0, 0.0, 0.0, 0.0]"
CREMA-D,4656,1058_DFA_DIS_XX.wav,1058,disgust,disgust,disgusted,disgusted,1.0000,1,1,"[""angry"", ""disgusted"", ""fearful"", ""happy"", ""neutral"", ""other"", ""sad"", ""surprised"", ""<unk>""]","[0.0, 1.0, 0.0, 0.0, 0.0, 0.0, 0.0, 0.0, 0.0]"
CREMA-D,4738,1059_DFA_DIS_XX.wav,1059,disgust,disgust,disgusted,disgusted,1.0000,1,1,"[""angry"", ""disgusted"", ""fearful"", ""happy"", ""neutral"", ""other"", ""sad"", ""surprised"", ""<unk>""]","[0.0, 0.999994, 0.0, 0.0, 0.0, 6e-06, 0.0, 0.0, 0.0]"
CREMA-D,4820,1060_DFA_DIS_XX.wav,1060,disgust,disgust,disgusted,disgusted,0.9938,1,1,"[""angry"", ""disgusted"", ""fearful"", ""happy"", ""neutral"", ""other"", ""sad"", ""surprised"", ""<unk>""]","[2e-06, 0.993837, 3.9e-05, 2e-06, 4e-06, 8e-06, 0.006104, 3e-06, 0.0]"
CREMA-D,4902,1061_DFA_DIS_XX.wav,1061,disgust,disgust,disgusted,disgusted,1.0000,1,1,"[""angry"", ""disgusted"", ""fearful"", ""happy"", ""neutral"", ""other"", ""sad"", ""surprised"", ""<unk>""]","[0.0, 1.0, 0.0, 0.0, 0.0, 0.0, 0.0, 0.0, 0.0]"
CREMA-D,4984,1062_DFA_DIS_XX.wav,1062,disgust,disgust,disgusted,disgusted,1.0000,1,1,"[""angry"", ""disgusted"", ""fearful"", ""happy"", ""neutral"", ""other"", ""sad"", ""surprised"", ""<unk>""]","[0.0, 1.0, 0.0, 0.0, 0.0, 0.0, 0.0, 0.0, 0.0]"
CREMA-D,5066,1063_DFA_DIS_XX.wav,1063,disgust,disgust,disgusted,disgusted,1.0000,1,1,"[""angry"", ""disgusted"", ""fearful"", ""happy"", ""neutral"", ""other"", ""sad"", ""surprised"", ""<unk>""]","[0.0, 1.0, 0.0, 0.0, 0.0, 0.0, 0.0, 0.0, 0.0]"
CREMA-D,5148,1064_DFA_DIS_XX.wav,1064,disgust,disgust,disgusted,disgusted,1.0000,1,1,"[""angry"", ""disgusted"", ""fearful"", ""happy"", ""neutral"", ""other"", ""sad"", ""surprised"", ""<unk>""]","[0.0, 1.0, 0.0, 0.0, 0.0, 0.0, 0.0, 0.0, 0.0]"
CREMA-D,5230,1065_DFA_DIS_XX.wav,1065,disgust,disgust,disgusted,disgusted,0.9999,1,1,"[""angry"", ""disgusted"", ""fearful"", ""happy"", ""neutral"", ""other"", ""sad"", ""surprised"", ""<unk>""]","[1e-06, 0.999934, 1e-06, 6.2e-05, 0.0, 1e-06, 1e-06, 1e-06, 0.0]"
CREMA-D,5312,1066_DFA_DIS_XX.wav,1066,disgust,disgust,disgusted,disgusted,1.0000,1,1,"[""angry"", ""disgusted"", ""fearful"", ""happy"", ""neutral"", ""other"", ""sad"", ""surprised"", ""<unk>""]","[0.0, 1.0, 0.0, 0.0, 0.0, 0.0, 0.0, 0.0, 0.0]"
CREMA-D,5394,1067_DFA_DIS_XX.wav,1067,disgust,disgust,disgusted,disgusted,0.9983,1,1,"[""angry"", ""disgusted"", ""fearful"", ""happy"", ""neutral"", ""other"", ""sad"", ""surprised"", ""<unk>""]","[1e-06, 0.998326, 0.000108, 4e-06, 1e-06, 2.8e-05, 0.001532, 1e-06, 0.0]"
CREMA-D,5476,1068_DFA_DIS_XX.wav,1068,disgust,disgust,disgusted,disgusted,1.0000,1,1,"[""angry"", ""disgusted"", ""fearful"", ""happy"", ""neutral"", ""other"", ""sad"", ""surprised"", ""<unk>""]","[0.0, 1.0, 0.0, 0.0, 0.0, 0.0, 0.0, 0.0, 0.0]"
CREMA-D,5558,1069_DFA_DIS_XX.wav,1069,disgust,disgust,disgusted,disgusted,1.0000,1,1,"[""angry"", ""disgusted"", ""fearful"", ""happy"", ""neutral"", ""other"", ""sad"", ""surprised"", ""<unk>""]","[0.0, 0.999993, 1e-06, 1e-06, 0.0, 1e-06, 4e-06, 0.0, 0.0]"
CREMA-D,5640,1070_DFA_DIS_XX.wav,1070,disgust,disgust,disgusted,disgusted,1.0000,1,1,"[""angry"", ""disgusted"", ""fearful"", ""happy"", ""neutral"", ""other"", ""sad"", ""surprised"", ""<unk>""]","[0.0, 1.0, 0.0, 0.0, 0.0, 0.0, 0.0, 0.0, 0.0]"
CREMA-D,5722,1071_DFA_DIS_XX.wav,1071,disgust,disgust,disgusted,disgusted,1.0000,1,1,"[""angry"", ""disgusted"", ""fearful"", ""happy"", ""neutral"", ""other"", ""sad"", ""surprised"", ""<unk>""]","[0.0, 1.0, 0.0, 0.0, 0.0, 0.0, 0.0, 0.0, 0.0]"
CREMA-D,5804,1072_DFA_DIS_XX.wav,1072,disgust,disgust,disgusted,disgusted,1.0000,1,1,"[""angry"", ""disgusted"", ""fearful"", ""happy"", ""neutral"", ""other"", ""sad"", ""surprised"", ""<unk>""]","[0.0, 1.0, 0.0, 0.0, 0.0, 0.0, 0.0, 0.0, 0.0]"
CREMA-D,5886,1073_DFA_DIS_XX.wav,1073,disgust,disgust,disgusted,disgusted,1.0000,1,1,"[""angry"", ""disgusted"", ""fearful"", ""happy"", ""neutral"", ""other"", ""sad"", ""surprised"", ""<unk>""]","[0.0, 1.0, 0.0, 0.0, 0.0, 0.0, 0.0, 0.0, 0.0]"
CREMA-D,5968,1074_DFA_DIS_XX.wav,1074,disgust,disgust,disgusted,disgusted,1.0000,1,1,"[""angry"", ""disgusted"", ""fearful"", ""happy"", ""neutral"", ""other"", ""sad"", ""surprised"", ""<unk>""]","[0.0, 1.0, 0.0, 0.0, 0.0, 0.0, 0.0, 0.0, 0.0]"
CREMA-D,6050,1075_DFA_DIS_XX.wav,1075,disgust,disgust,disgusted,disgusted,1.0000,1,1,"[""angry"", ""disgusted"", ""fearful"", ""happy"", ""neutral"", ""other"", ""sad"", ""surprised"", ""<unk>""]","[0.0, 1.0, 0.0, 0.0, 0.0, 0.0, 0.0, 0.0, 0.0]"
CREMA-D,6132,1076_DFA_DIS_XX.wav,1076,disgust,disgust,disgusted,disgusted,1.0000,1,1,"[""angry"", ""disgusted"", ""fearful"", ""happy"", ""neutral"", ""other"", ""sad"", ""surprised"", ""<unk>""]","[2e-06, 0.999998, 0.0, 0.0, 0.0, 0.0, 0.0, 0.0, 0.0]"
CREMA-D,6213,1077_DFA_DIS_XX.wav,1077,disgust,disgust,disgusted,neutral,0.8140,1,0,"[""angry"", ""disgusted"", ""fearful"", ""happy"", ""neutral"", ""other"", ""sad"", ""surprised"", ""<unk>""]","[0.014662, 0.156115, 0.001057, 0.002302, 0.814032, 0.001266, 0.008526, 0.001949, 9.1e-05]"
CREMA-D,6295,1078_DFA_DIS_XX.wav,1078,disgust,disgust,disgusted,disgusted,1.0000,1,1,"[""angry"", ""disgusted"", ""fearful"", ""happy"", ""neutral"", ""other"", ""sad"", ""surprised"", ""<unk>""]","[0.0, 1.0, 0.0, 0.0, 0.0, 0.0, 0.0, 0.0, 0.0]"
CREMA-D,6377,1079_DFA_DIS_XX.wav,1079,disgust,disgust,disgusted,disgusted,1.0000,1,1,"[""angry"", ""disgusted"", ""fearful"", ""happy"", ""neutral"", ""other"", ""sad"", ""surprised"", ""<unk>""]","[0.0, 1.0, 0.0, 0.0, 0.0, 0.0, 0.0, 0.0, 0.0]"
CREMA-D,6459,1080_DFA_DIS_XX.wav,1080,disgust,disgust,disgusted,disgusted,1.0000,1,1,"[""angry"", ""disgusted"", ""fearful"", ""happy"", ""neutral"", ""other"", ""sad"", ""surprised"", ""<unk>""]","[0.0, 1.0, 0.0, 0.0, 0.0, 0.0, 0.0, 0.0, 0.0]"
CREMA-D,6541,1081_DFA_DIS_XX.wav,1081,disgust,disgust,disgusted,disgusted,1.0000,1,1,"[""angry"", ""disgusted"", ""fearful"", ""happy"", ""neutral"", ""other"", ""sad"", ""surprised"", ""<unk>""]","[0.0, 0.999999, 0.0, 0.0, 0.0, 0.0, 1e-06, 0.0, 0.0]"
CREMA-D,6623,1082_DFA_DIS_XX.wav,1082,disgust,disgust,disgusted,disgusted,1.0000,1,1,"[""angry"", ""disgusted"", ""fearful"", ""happy"", ""neutral"", ""other"", ""sad"", ""surprised"", ""<unk>""]","[0.0, 1.0, 0.0, 0.0, 0.0, 0.0, 0.0, 0.0, 0.0]"
CREMA-D,6705,1083_DFA_DIS_XX.wav,1083,disgust,disgust,disgusted,disgusted,1.0000,1,1,"[""angry"", ""disgusted"", ""fearful"", ""happy"", ""neutral"", ""other"", ""sad"", ""surprised"", ""<unk>""]","[0.0, 1.0, 0.0, 0.0, 0.0, 0.0, 0.0, 0.0, 0.0]"
CREMA-D,6787,1084_DFA_DIS_XX.wav,1084,disgust,disgust,disgusted,disgusted,1.0000,1,1,"[""angry"", ""disgusted"", ""fearful"", ""happy"", ""neutral"", ""other"", ""sad"", ""surprised"", ""<unk>""]","[0.0, 1.0, 0.0, 0.0, 0.0, 0.0, 0.0, 0.0, 0.0]"
CREMA-D,6869,1085_DFA_DIS_XX.wav,1085,disgust,disgust,disgusted,disgusted,0.9990,1,1,"[""angry"", ""disgusted"", ""fearful"", ""happy"", ""neutral"", ""other"", ""sad"", ""surprised"", ""<unk>""]","[0.001018, 0.998982, 0.0, 0.0, 0.0, 0.0, 0.0, 0.0, 0.0]"
CREMA-D,6951,1086_DFA_DIS_XX.wav,1086,disgust,disgust,disgusted,disgusted,1.0000,1,1,"[""angry"", ""disgusted"", ""fearful"", ""happy"", ""neutral"", ""other"", ""sad"", ""surprised"", ""<unk>""]","[0.0, 1.0, 0.0, 0.0, 0.0, 0.0, 0.0, 0.0, 0.0]"
CREMA-D,7033,1087_DFA_DIS_XX.wav,1087,disgust,disgust,disgusted,disgusted,1.0000,1,1,"[""angry"", ""disgusted"", ""fearful"", ""happy"", ""neutral"", ""other"", ""sad"", ""surprised"", ""<unk>""]","[0.0, 1.0, 0.0, 0.0, 0.0, 0.0, 0.0, 0.0, 0.0]"
CREMA-D,7115,1088_DFA_DIS_XX.wav,1088,disgust,disgust,disgusted,sad,0.6666,1,0,"[""angry"", ""disgusted"", ""fearful"", ""happy"", ""neutral"", ""other"", ""sad"", ""surprised"", ""<unk>""]","[0.000456, 0.239479, 0.079644, 0.000756, 0.006778, 0.004743, 0.666629, 0.001202, 0.000314]"
CREMA-D,7197,1089_DFA_DIS_XX.wav,1089,disgust,disgust,disgusted,disgusted,1.0000,1,1,"[""angry"", ""disgusted"", ""fearful"", ""happy"", ""neutral"", ""other"", ""sad"", ""surprised"", ""<unk>""]","[0.0, 1.0, 0.0, 0.0, 0.0, 0.0, 0.0, 0.0, 0.0]"
CREMA-D,7279,1090_DFA_DIS_XX.wav,1090,disgust,disgust,disgusted,disgusted,1.0000,1,1,"[""angry"", ""disgusted"", ""fearful"", ""happy"", ""neutral"", ""other"", ""sad"", ""surprised"", ""<unk>""]","[0.0, 1.0, 0.0, 0.0, 0.0, 0.0, 0.0, 0.0, 0.0]"
CREMA-D,7361,1091_DFA_DIS_XX.wav,1091,disgust,disgust,disgusted,fearful,0.4109,1,0,"[""angry"", ""disgusted"", ""fearful"", ""happy"", ""neutral"", ""other"", ""sad"", ""surprised"", ""<unk>""]","[2.9e-05, 0.315965, 0.41094, 3.5e-05, 0.000184, 0.000927, 0.271644, 0.000263, 1.3e-05]"
CREMA-D,2,1001_DFA_FEA_XX.wav,1001,fear,fear,fearful,fearful,1.0000,1,1,"[""angry"", ""disgusted"", ""fearful"", ""happy"", ""neutral"", ""other"", ""sad"", ""surprised"", ""<unk>""]","[0.0, 0.0, 1.0, 0.0, 0.0, 0.0, 0.0, 0.0, 0.0]"
CREMA-D,84,1002_DFA_FEA_XX.wav,1002,fear,fear,fearful,fearful,1.0000,1,1,"[""angry"", ""disgusted"", ""fearful"", ""happy"", ""neutral"", ""other"", ""sad"", ""surprised"", ""<unk>""]","[0.0, 0.0, 1.0, 0.0, 0.0, 0.0, 0.0, 0.0, 0.0]"
CREMA-D,165,1003_DFA_FEA_XX.wav,1003,fear,fear,fearful,sad,0.6996,1,0,"[""angry"", ""disgusted"", ""fearful"", ""happy"", ""neutral"", ""other"", ""sad"", ""surprised"", ""<unk>""]","[5e-06, 9.1e-05, 0.299506, 1e-05, 0.000621, 9.3e-05, 0.69964, 2.6e-05, 8e-06]"
CREMA-D,247,1004_DFA_FEA_XX.wav,1004,fear,fear,fearful,fearful,0.9788,1,1,"[""angry"", ""disgusted"", ""fearful"", ""happy"", ""neutral"", ""other"", ""sad"", ""surprised"", ""<unk>""]","[3.1e-05, 0.000299, 0.978802, 9.4e-05, 0.008786, 0.000149, 0.011217, 0.000554, 6.9e-05]"
CREMA-D,329,1005_DFA_FEA_XX.wav,1005,fear,fear,fearful,fearful,1.0000,1,1,"[""angry"", ""disgusted"", ""fearful"", ""happy"", ""neutral"", ""other"", ""sad"", ""surprised"", ""<unk>""]","[0.0, 0.0, 0.999989, 8e-06, 0.0, 0.0, 0.0, 4e-06, 0.0]"
CREMA-D,411,1006_DFA_FEA_XX.wav,1006,fear,fear,fearful,sad,0.9999,1,0,"[""angry"", ""disgusted"", ""fearful"", ""happy"", ""neutral"", ""other"", ""sad"", ""surprised"", ""<unk>""]","[0.0, 3e-06, 9.6e-05, 0.0, 0.0, 0.0, 0.9999, 0.0, 0.0]"
CREMA-D,493,1007_DFA_FEA_XX.wav,1007,fear,fear,fearful,sad,0.9964,1,0,"[""angry"", ""disgusted"", ""fearful"", ""happy"", ""neutral"", ""other"", ""sad"", ""surprised"", ""<unk>""]","[0.0, 3e-05, 0.003581, 1e-06, 0.0, 1e-06, 0.996386, 1e-06, 0.0]"
CREMA-D,575,1008_DFA_FEA_XX.wav,1008,fear,fear,fearful,fearful,1.0000,1,1,"[""angry"", ""disgusted"", ""fearful"", ""happy"", ""neutral"", ""other"", ""sad"", ""surprised"", ""<unk>""]","[0.0, 1e-06, 0.999992, 0.0, 0.0, 1e-06, 6e-06, 0.0, 0.0]"
CREMA-D,651,1009_DFA_FEA_XX.wav,1009,fear,fear,fearful,fearful,1.0000,1,1,"[""angry"", ""disgusted"", ""fearful"", ""happy"", ""neutral"", ""other"", ""sad"", ""surprised"", ""<unk>""]","[0.0, 0.0, 1.0, 0.0, 0.0, 0.0, 0.0, 0.0, 0.0]"
CREMA-D,727,1010_DFA_FEA_XX.wav,1010,fear,fear,fearful,fearful,1.0000,1,1,"[""angry"", ""disgusted"", ""fearful"", ""happy"", ""neutral"", ""other"", ""sad"", ""surprised"", ""<unk>""]","[0.0, 1e-06, 0.999999, 0.0, 0.0, 0.0, 0.0, 0.0, 0.0]"
CREMA-D,809,1011_DFA_FEA_XX.wav,1011,fear,fear,fearful,fearful,1.0000,1,1,"[""angry"", ""disgusted"", ""fearful"", ""happy"", ""neutral"", ""other"", ""sad"", ""surprised"", ""<unk>""]","[0.0, 2e-06, 0.999954, 3e-06, 0.0, 1e-06, 3.7e-05, 3e-06, 0.0]"
CREMA-D,891,1012_DFA_FEA_XX.wav,1012,fear,fear,fearful,fearful,1.0000,1,1,"[""angry"", ""disgusted"", ""fearful"", ""happy"", ""neutral"", ""other"", ""sad"", ""surprised"", ""<unk>""]","[0.0, 0.0, 0.999963, 0.0, 0.0, 0.0, 3.7e-05, 0.0, 0.0]"
CREMA-D,973,1013_DFA_FEA_XX.wav,1013,fear,fear,fearful,fearful,0.8427,1,1,"[""angry"", ""disgusted"", ""fearful"", ""happy"", ""neutral"", ""other"", ""sad"", ""surprised"", ""<unk>""]","[0.0, 7e-06, 0.842692, 1e-06, 1.1e-05, 3e-06, 0.157284, 2e-06, 0.0]"
CREMA-D,1055,1014_DFA_FEA_XX.wav,1014,fear,fear,fearful,fearful,1.0000,1,1,"[""angry"", ""disgusted"", ""fearful"", ""happy"", ""neutral"", ""other"", ""sad"", ""surprised"", ""<unk>""]","[0.0, 0.0, 0.999999, 0.0, 0.0, 0.0, 0.0, 0.0, 0.0]"
CREMA-D,1137,1015_DFA_FEA_XX.wav,1015,fear,fear,fearful,fearful,1.0000,1,1,"[""angry"", ""disgusted"", ""fearful"", ""happy"", ""neutral"", ""other"", ""sad"", ""surprised"", ""<unk>""]","[0.0, 0.0, 1.0, 0.0, 0.0, 0.0, 0.0, 0.0, 0.0]"
CREMA-D,1219,1016_DFA_FEA_XX.wav,1016,fear,fear,fearful,fearful,1.0000,1,1,"[""angry"", ""disgusted"", ""fearful"", ""happy"", ""neutral"", ""other"", ""sad"", ""surprised"", ""<unk>""]","[0.0, 0.0, 1.0, 0.0, 0.0, 0.0, 0.0, 0.0, 0.0]"
CREMA-D,1301,1017_DFA_FEA_XX.wav,1017,fear,fear,fearful,neutral,0.5373,1,0,"[""angry"", ""disgusted"", ""fearful"", ""happy"", ""neutral"", ""other"", ""sad"", ""surprised"", ""<unk>""]","[0.000212, 0.000141, 0.000247, 1.2e-05, 0.537318, 2e-06, 0.462032, 3.6e-05, 0.0]"
CREMA-D,1383,1018_DFA_FEA_XX.wav,1018,fear,fear,fearful,fearful,0.9987,1,1,"[""angry"", ""disgusted"", ""fearful"", ""happy"", ""neutral"", ""other"", ""sad"", ""surprised"", ""<unk>""]","[0.0, 4e-06, 0.998656, 2e-06, 2.9e-05, 6e-06, 0.001296, 5e-06, 1e-06]"
CREMA-D,1465,1019_DFA_FEA_XX.wav,1019,fear,fear,fearful,sad,0.9974,1,0,"[""angry"", ""disgusted"", ""fearful"", ""happy"", ""neutral"", ""other"", ""sad"", ""surprised"", ""<unk>""]","[1e-06, 0.000235, 0.002226, 2e-06, 7.3e-05, 1.8e-05, 0.997443, 3e-06, 0.0]"
CREMA-D,1541,1020_DFA_FEA_XX.wav,1020,fear,fear,fearful,fearful,1.0000,1,1,"[""angry"", ""disgusted"", ""fearful"", ""happy"", ""neutral"", ""other"", ""sad"", ""surprised"", ""<unk>""]","[0.0, 0.0, 0.99999, 0.0, 0.0, 0.0, 1e-05, 0.0, 0.0]"
CREMA-D,1623,1021_DFA_FEA_XX.wav,1021,fear,fear,fearful,sad,1.0000,1,0,"[""angry"", ""disgusted"", ""fearful"", ""happy"", ""neutral"", ""other"", ""sad"", ""surprised"", ""<unk>""]","[0.0, 0.0, 1e-06, 0.0, 0.0, 0.0, 0.999999, 0.0, 0.0]"
CREMA-D,1705,1022_DFA_FEA_XX.wav,1022,fear,fear,fearful,sad,0.9785,1,0,"[""angry"", ""disgusted"", ""fearful"", ""happy"", ""neutral"", ""other"", ""sad"", ""surprised"", ""<unk>""]","[1e-06, 7e-06, 0.000177, 1e-06, 0.021299, 0.0, 0.978515, 1e-06, 0.0]"
CREMA-D,1787,1023_DFA_FEA_XX.wav,1023,fear,fear,fearful,fearful,1.0000,1,1,"[""angry"", ""disgusted"", ""fearful"", ""happy"", ""neutral"", ""other"", ""sad"", ""surprised"", ""<unk>""]","[0.0, 0.0, 1.0, 0.0, 0.0, 0.0, 0.0, 0.0, 0.0]"
CREMA-D,1869,1024_DFA_FEA_XX.wav,1024,fear,fear,fearful,fearful,0.9995,1,1,"[""angry"", ""disgusted"", ""fearful"", ""happy"", ""neutral"", ""other"", ""sad"", ""surprised"", ""<unk>""]","[3e-06, 0.000441, 0.9995, 1e-06, 0.0, 7e-06, 3.9e-05, 9e-06, 0.0]"
CREMA-D,1951,1025_DFA_FEA_XX.wav,1025,fear,fear,fearful,fearful,0.8836,1,1,"[""angry"", ""disgusted"", ""fearful"", ""happy"", ""neutral"", ""other"", ""sad"", ""surprised"", ""<unk>""]","[0.0, 5.1e-05, 0.883588, 3e-06, 1e-06, 3e-06, 0.116346, 8e-06, 0.0]"
CREMA-D,2033,1026_DFA_FEA_XX.wav,1026,fear,fear,fearful,happy,0.9999,1,0,"[""angry"", ""disgusted"", ""fearful"", ""happy"", ""neutral"", ""other"", ""sad"", ""surprised"", ""<unk>""]","[0.0, 0.0, 5.6e-05, 0.999943, 0.0, 0.0, 0.0, 0.0, 0.0]"
CREMA-D,2115,1027_DFA_FEA_XX.wav,1027,fear,fear,fearful,fearful,1.0000,1,1,"[""angry"", ""disgusted"", ""fearful"", ""happy"", ""neutral"", ""other"", ""sad"", ""surprised"", ""<unk>""]","[0.0, 0.0, 1.0, 0.0, 0.0, 0.0, 0.0, 0.0, 0.0]"
CREMA-D,2197,1028_DFA_FEA_XX.wav,1028,fear,fear,fearful,sad,1.0000,1,0,"[""angry"", ""disgusted"", ""fearful"", ""happy"", ""neutral"", ""other"", ""sad"", ""surprised"", ""<unk>""]","[0.0, 0.0, 0.0, 0.0, 0.0, 0.0, 1.0, 0.0, 0.0]"
CREMA-D,2279,1029_DFA_FEA_XX.wav,1029,fear,fear,fearful,fearful,1.0000,1,1,"[""angry"", ""disgusted"", ""fearful"", ""happy"", ""neutral"", ""other"", ""sad"", ""surprised"", ""<unk>""]","[0.0, 0.0, 0.99997, 3e-05, 0.0, 0.0, 0.0, 0.0, 0.0]"
CREMA-D,2361,1030_DFA_FEA_XX.wav,1030,fear,fear,fearful,sad,0.9628,1,0,"[""angry"", ""disgusted"", ""fearful"", ""happy"", ""neutral"", ""other"", ""sad"", ""surprised"", ""<unk>""]","[1e-06, 0.000517, 0.036592, 2e-06, 1.2e-05, 3.9e-05, 0.962835, 3e-06, 0.0]"
CREMA-D,2443,1031_DFA_FEA_XX.wav,1031,fear,fear,fearful,fearful,1.0000,1,1,"[""angry"", ""disgusted"", ""fearful"", ""happy"", ""neutral"", ""other"", ""sad"", ""surprised"", ""<unk>""]","[0.0, 0.0, 0.999996, 4e-06, 0.0, 0.0, 0.0, 0.0, 0.0]"
CREMA-D,2525,1032_DFA_FEA_XX.wav,1032,fear,fear,fearful,sad,1.0000,1,0,"[""angry"", ""disgusted"", ""fearful"", ""happy"", ""neutral"", ""other"", ""sad"", ""surprised"", ""<unk>""]","[0.0, 6e-06, 8e-06, 0.0, 0.0, 0.0, 0.999986, 0.0, 0.0]"
CREMA-D,2607,1033_DFA_FEA_XX.wav,1033,fear,fear,fearful,fearful,0.9999,1,1,"[""angry"", ""disgusted"", ""fearful"", ""happy"", ""neutral"", ""other"", ""sad"", ""surprised"", ""<unk>""]","[4e-06, 2.6e-05, 0.999927, 1.6e-05, 0.0, 9e-06, 5e-06, 1.2e-05, 0.0]"
CREMA-D,2689,1034_DFA_FEA_XX.wav,1034,fear,fear,fearful,fearful,0.5653,1,1,"[""angry"", ""disgusted"", ""fearful"", ""happy"", ""neutral"", ""other"", ""sad"", ""surprised"", ""<unk>""]","[1.5e-05, 3.9e-05, 0.565325, 0.431611, 0.000159, 0.000186, 0.002499, 0.000166, 1e-06]"
CREMA-D,2771,1035_DFA_FEA_XX.wav,1035,fear,fear,fearful,fearful,1.0000,1,1,"[""angry"", ""disgusted"", ""fearful"", ""happy"", ""neutral"", ""other"", ""sad"", ""surprised"", ""<unk>""]","[0.0, 0.0, 0.999994, 3e-06, 0.0, 0.0, 0.0, 3e-06, 0.0]"
CREMA-D,2853,1036_DFA_FEA_XX.wav,1036,fear,fear,fearful,fearful,0.8625,1,1,"[""angry"", ""disgusted"", ""fearful"", ""happy"", ""neutral"", ""other"", ""sad"", ""surprised"", ""<unk>""]","[2e-06, 4.2e-05, 0.862549, 2e-05, 1.2e-05, 9e-05, 0.13728, 6e-06, 0.0]"
CREMA-D,2935,1037_DFA_FEA_XX.wav,1037,fear,fear,fearful,fearful,0.9632,1,1,"[""angry"", ""disgusted"", ""fearful"", ""happy"", ""neutral"", ""other"", ""sad"", ""surprised"", ""<unk>""]","[3e-05, 0.031533, 0.963219, 0.000521, 1e-06, 1.3e-05, 4.5e-05, 0.00453, 0.000108]"
CREMA-D,3017,1038_DFA_FEA_XX.wav,1038,fear,fear,fearful,fearful,1.0000,1,1,"[""angry"", ""disgusted"", ""fearful"", ""happy"", ""neutral"", ""other"", ""sad"", ""surprised"", ""<unk>""]","[0.0, 0.0, 1.0, 0.0, 0.0, 0.0, 0.0, 0.0, 0.0]"
CREMA-D,3099,1039_DFA_FEA_XX.wav,1039,fear,fear,fearful,fearful,1.0000,1,1,"[""angry"", ""disgusted"", ""fearful"", ""happy"", ""neutral"", ""other"", ""sad"", ""surprised"", ""<unk>""]","[0.0, 0.0, 0.999971, 0.0, 0.0, 0.0, 2.9e-05, 0.0, 0.0]"
CREMA-D,3181,1040_DFA_FEA_XX.wav,1040,fear,fear,fearful,fearful,1.0000,1,1,"[""angry"", ""disgusted"", ""fearful"", ""happy"", ""neutral"", ""other"", ""sad"", ""surprised"", ""<unk>""]","[0.0, 0.0, 1.0, 0.0, 0.0, 0.0, 0.0, 0.0, 0.0]"
CREMA-D,3263,1041_DFA_FEA_XX.wav,1041,fear,fear,fearful,fearful,1.0000,1,1,"[""angry"", ""disgusted"", ""fearful"", ""happy"", ""neutral"", ""other"", ""sad"", ""surprised"", ""<unk>""]","[0.0, 0.0, 0.999999, 0.0, 0.0, 0.0, 1e-06, 0.0, 0.0]"
CREMA-D,3345,1042_DFA_FEA_XX.wav,1042,fear,fear,fearful,fearful,1.0000,1,1,"[""angry"", ""disgusted"", ""fearful"", ""happy"", ""neutral"", ""other"", ""sad"", ""surprised"", ""<unk>""]","[0.0, 0.0, 1.0, 0.0, 0.0, 0.0, 0.0, 0.0, 0.0]"
CREMA-D,3427,1043_DFA_FEA_XX.wav,1043,fear,fear,fearful,fearful,0.9984,1,1,"[""angry"", ""disgusted"", ""fearful"", ""happy"", ""neutral"", ""other"", ""sad"", ""surprised"", ""<unk>""]","[0.000614, 0.000559, 0.998362, 3e-06, 1.1e-05, 0.000122, 0.000276, 5.4e-05, 0.0]"
CREMA-D,3509,1044_DFA_FEA_XX.wav,1044,fear,fear,fearful,fearful,0.9999,1,1,"[""angry"", ""disgusted"", ""fearful"", ""happy"", ""neutral"", ""other"", ""sad"", ""surprised"", ""<unk>""]","[1e-06, 1.3e-05, 0.999949, 1.1e-05, 1e-06, 8e-06, 9e-06, 8e-06, 0.0]"
CREMA-D,3591,1045_DFA_FEA_XX.wav,1045,fear,fear,fearful,fearful,0.9923,1,1,"[""angry"", ""disgusted"", ""fearful"", ""happy"", ""neutral"", ""other"", ""sad"", ""surprised"", ""<unk>""]","[2e-06, 3.1e-05, 0.99227, 3.7e-05, 3.2e-05, 2.4e-05, 0.007562, 4.1e-05, 1e-06]"
CREMA-D,3673,1046_DFA_FEA_XX.wav,1046,fear,fear,fearful,fearful,1.0000,1,1,"[""angry"", ""disgusted"", ""fearful"", ""happy"", ""neutral"", ""other"", ""sad"", ""surprised"", ""<unk>""]","[0.0, 0.0, 1.0, 0.0, 0.0, 0.0, 0.0, 0.0, 0.0]"
CREMA-D,3755,1047_DFA_FEA_XX.wav,1047,fear,fear,fearful,fearful,1.0000,1,1,"[""angry"", ""disgusted"", ""fearful"", ""happy"", ""neutral"", ""other"", ""sad"", ""surprised"", ""<unk>""]","[0.0, 0.0, 1.0, 0.0, 0.0, 0.0, 0.0, 0.0, 0.0]"
CREMA-D,3837,1048_DFA_FEA_XX.wav,1048,fear,fear,fearful,fearful,1.0000,1,1,"[""angry"", ""disgusted"", ""fearful"", ""happy"", ""neutral"", ""other"", ""sad"", ""surprised"", ""<unk>""]","[0.0, 0.0, 0.999984, 1e-06, 0.0, 0.0, 1.4e-05, 0.0, 0.0]"
CREMA-D,3919,1049_DFA_FEA_XX.wav,1049,fear,fear,fearful,fearful,1.0000,1,1,"[""angry"", ""disgusted"", ""fearful"", ""happy"", ""neutral"", ""other"", ""sad"", ""surprised"", ""<unk>""]","[0.0, 0.0, 1.0, 0.0, 0.0, 0.0, 0.0, 0.0, 0.0]"
CREMA-D,4001,1050_DFA_FEA_XX.wav,1050,fear,fear,fearful,fearful,1.0000,1,1,"[""angry"", ""disgusted"", ""fearful"", ""happy"", ""neutral"", ""other"", ""sad"", ""surprised"", ""<unk>""]","[0.0, 0.0, 0.999999, 0.0, 0.0, 0.0, 0.0, 1e-06, 0.0]"
CREMA-D,4083,1051_DFA_FEA_XX.wav,1051,fear,fear,fearful,fearful,1.0000,1,1,"[""angry"", ""disgusted"", ""fearful"", ""happy"", ""neutral"", ""other"", ""sad"", ""surprised"", ""<unk>""]","[0.0, 0.0, 0.999999, 0.0, 0.0, 0.0, 0.0, 0.0, 0.0]"
CREMA-D,4165,1052_DFA_FEA_XX.wav,1052,fear,fear,fearful,fearful,0.9677,1,1,"[""angry"", ""disgusted"", ""fearful"", ""happy"", ""neutral"", ""other"", ""sad"", ""surprised"", ""<unk>""]","[2e-06, 0.000214, 0.967691, 6e-06, 2e-06, 8.9e-05, 0.031994, 3e-06, 0.0]"
CREMA-D,4247,1053_DFA_FEA_XX.wav,1053,fear,fear,fearful,fearful,1.0000,1,1,"[""angry"", ""disgusted"", ""fearful"", ""happy"", ""neutral"", ""other"", ""sad"", ""surprised"", ""<unk>""]","[0.0, 0.0, 1.0, 0.0, 0.0, 0.0, 0.0, 0.0, 0.0]"
CREMA-D,4329,1054_DFA_FEA_XX.wav,1054,fear,fear,fearful,fearful,1.0000,1,1,"[""angry"", ""disgusted"", ""fearful"", ""happy"", ""neutral"", ""other"", ""sad"", ""surprised"", ""<unk>""]","[0.0, 0.0, 1.0, 0.0, 0.0, 0.0, 0.0, 0.0, 0.0]"
CREMA-D,4411,1055_DFA_FEA_XX.wav,1055,fear,fear,fearful,fearful,1.0000,1,1,"[""angry"", ""disgusted"", ""fearful"", ""happy"", ""neutral"", ""other"", ""sad"", ""surprised"", ""<unk>""]","[0.0, 0.0, 1.0, 0.0, 0.0, 0.0, 0.0, 0.0, 0.0]"
CREMA-D,4493,1056_DFA_FEA_XX.wav,1056,fear,fear,fearful,fearful,1.0000,1,1,"[""angry"", ""disgusted"", ""fearful"", ""happy"", ""neutral"", ""other"", ""sad"", ""surprised"", ""<unk>""]","[0.0, 0.0, 0.999987, 0.0, 1e-06, 1e-06, 1.1e-05, 0.0, 0.0]"
CREMA-D,4575,1057_DFA_FEA_XX.wav,1057,fear,fear,fearful,fearful,0.9971,1,1,"[""angry"", ""disgusted"", ""fearful"", ""happy"", ""neutral"", ""other"", ""sad"", ""surprised"", ""<unk>""]","[0.0, 7e-06, 0.997114, 2e-06, 1e-06, 7e-06, 0.002868, 1e-06, 0.0]"
CREMA-D,4657,1058_DFA_FEA_XX.wav,1058,fear,fear,fearful,fearful,1.0000,1,1,"[""angry"", ""disgusted"", ""fearful"", ""happy"", ""neutral"", ""other"", ""sad"", ""surprised"", ""<unk>""]","[0.0, 0.0, 1.0, 0.0, 0.0, 0.0, 0.0, 0.0, 0.0]"
CREMA-D,4739,1059_DFA_FEA_XX.wav,1059,fear,fear,fearful,fearful,1.0000,1,1,"[""angry"", ""disgusted"", ""fearful"", ""happy"", ""neutral"", ""other"", ""sad"", ""surprised"", ""<unk>""]","[4e-06, 1.4e-05, 0.999954, 9e-06, 0.0, 2e-06, 2e-06, 1.5e-05, 0.0]"
CREMA-D,4821,1060_DFA_FEA_XX.wav,1060,fear,fear,fearful,sad,0.9951,1,0,"[""angry"", ""disgusted"", ""fearful"", ""happy"", ""neutral"", ""other"", ""sad"", ""surprised"", ""<unk>""]","[3e-06, 0.000472, 0.004186, 3e-06, 0.000163, 3.8e-05, 0.995122, 1e-05, 2e-06]"
CREMA-D,4903,1061_DFA_FEA_XX.wav,1061,fear,fear,fearful,fearful,0.8970,1,1,"[""angry"", ""disgusted"", ""fearful"", ""happy"", ""neutral"", ""other"", ""sad"", ""surprised"", ""<unk>""]","[2.1e-05, 0.000904, 0.897023, 0.014729, 2.1e-05, 0.000143, 0.08623, 0.000927, 1e-06]"
CREMA-D,4985,1062_DFA_FEA_XX.wav,1062,fear,fear,fearful,sad,0.9999,1,0,"[""angry"", ""disgusted"", ""fearful"", ""happy"", ""neutral"", ""other"", ""sad"", ""surprised"", ""<unk>""]","[0.0, 5.5e-05, 7.2e-05, 0.0, 0.0, 0.0, 0.999874, 0.0, 0.0]"
CREMA-D,5067,1063_DFA_FEA_XX.wav,1063,fear,fear,fearful,fearful,1.0000,1,1,"[""angry"", ""disgusted"", ""fearful"", ""happy"", ""neutral"", ""other"", ""sad"", ""surprised"", ""<unk>""]","[0.0, 0.0, 0.999995, 0.0, 0.0, 0.0, 5e-06, 0.0, 0.0]"
CREMA-D,5149,1064_DFA_FEA_XX.wav,1064,fear,fear,fearful,fearful,0.9928,1,1,"[""angry"", ""disgusted"", ""fearful"", ""happy"", ""neutral"", ""other"", ""sad"", ""surprised"", ""<unk>""]","[9e-06, 0.000197, 0.992838, 0.000111, 9e-06, 0.000215, 0.006598, 2.3e-05, 0.0]"
CREMA-D,5231,1065_DFA_FEA_XX.wav,1065,fear,fear,fearful,fearful,1.0000,1,1,"[""angry"", ""disgusted"", ""fearful"", ""happy"", ""neutral"", ""other"", ""sad"", ""surprised"", ""<unk>""]","[0.0, 1e-06, 0.999972, 1e-06, 1e-06, 1e-06, 2.2e-05, 1e-06, 0.0]"
CREMA-D,5313,1066_DFA_FEA_XX.wav,1066,fear,fear,fearful,fearful,0.9946,1,1,"[""angry"", ""disgusted"", ""fearful"", ""happy"", ""neutral"", ""other"", ""sad"", ""surprised"", ""<unk>""]","[0.0, 1e-05, 0.994624, 0.0, 0.0, 3e-06, 0.005361, 1e-06, 0.0]"
CREMA-D,5395,1067_DFA_FEA_XX.wav,1067,fear,fear,fearful,fearful,0.7402,1,1,"[""angry"", ""disgusted"", ""fearful"", ""happy"", ""neutral"", ""other"", ""sad"", ""surprised"", ""<unk>""]","[8e-05, 0.000305, 0.740152, 0.240449, 2e-05, 0.001042, 0.017765, 0.000186, 0.0]"
CREMA-D,5477,1068_DFA_FEA_XX.wav,1068,fear,fear,fearful,fearful,0.9999,1,1,"[""angry"", ""disgusted"", ""fearful"", ""happy"", ""neutral"", ""other"", ""sad"", ""surprised"", ""<unk>""]","[0.0, 1e-06, 0.999921, 9e-06, 2.1e-05, 2e-06, 3.8e-05, 8e-06, 0.0]"
CREMA-D,5559,1069_DFA_FEA_XX.wav,1069,fear,fear,fearful,fearful,1.0000,1,1,"[""angry"", ""disgusted"", ""fearful"", ""happy"", ""neutral"", ""other"", ""sad"", ""surprised"", ""<unk>""]","[0.0, 0.0, 1.0, 0.0, 0.0, 0.0, 0.0, 0.0, 0.0]"
CREMA-D,5641,1070_DFA_FEA_XX.wav,1070,fear,fear,fearful,disgusted,1.0000,1,0,"[""angry"", ""disgusted"", ""fearful"", ""happy"", ""neutral"", ""other"", ""sad"", ""surprised"", ""<unk>""]","[0.0, 0.999966, 1e-06, 0.0, 0.0, 1e-06, 3.1e-05, 0.0, 0.0]"
CREMA-D,5723,1071_DFA_FEA_XX.wav,1071,fear,fear,fearful,fearful,0.9996,1,1,"[""angry"", ""disgusted"", ""fearful"", ""happy"", ""neutral"", ""other"", ""sad"", ""surprised"", ""<unk>""]","[0.0, 2e-06, 0.999637, 0.000318, 1e-06, 1.8e-05, 2.3e-05, 2e-06, 0.0]"
CREMA-D,5805,1072_DFA_FEA_XX.wav,1072,fear,fear,fearful,fearful,1.0000,1,1,"[""angry"", ""disgusted"", ""fearful"", ""happy"", ""neutral"", ""other"", ""sad"", ""surprised"", ""<unk>""]","[0.0, 0.0, 0.999999, 1e-06, 0.0, 0.0, 0.0, 0.0, 0.0]"
CREMA-D,5887,1073_DFA_FEA_XX.wav,1073,fear,fear,fearful,fearful,0.9188,1,1,"[""angry"", ""disgusted"", ""fearful"", ""happy"", ""neutral"", ""other"", ""sad"", ""surprised"", ""<unk>""]","[4e-06, 0.007228, 0.918755, 4.6e-05, 5e-06, 0.000285, 0.073644, 3.3e-05, 0.0]"
CREMA-D,5969,1074_DFA_FEA_XX.wav,1074,fear,fear,fearful,fearful,0.9964,1,1,"[""angry"", ""disgusted"", ""fearful"", ""happy"", ""neutral"", ""other"", ""sad"", ""surprised"", ""<unk>""]","[9e-06, 0.000303, 0.996393, 2e-06, 3e-06, 5e-05, 0.003229, 1e-05, 0.0]"
CREMA-D,6051,1075_DFA_FEA_XX.wav,1075,fear,fear,fearful,sad,0.9896,1,0,"[""angry"", ""disgusted"", ""fearful"", ""happy"", ""neutral"", ""other"", ""sad"", ""surprised"", ""<unk>""]","[0.0, 0.000944, 0.00943, 1e-06, 5e-06, 1.2e-05, 0.989606, 2e-06, 0.0]"
CREMA-D,6133,1076_DFA_FEA_XX.wav,1076,fear,fear,fearful,fearful,0.9976,1,1,"[""angry"", ""disgusted"", ""fearful"", ""happy"", ""neutral"", ""other"", ""sad"", ""surprised"", ""<unk>""]","[6e-06, 0.000431, 0.997628, 9e-06, 1.4e-05, 4.1e-05, 0.001801, 6.8e-05, 2e-06]"
CREMA-D,6214,1077_DFA_FEA_XX.wav,1077,fear,fear,fearful,neutral,0.9359,1,0,"[""angry"", ""disgusted"", ""fearful"", ""happy"", ""neutral"", ""other"", ""sad"", ""surprised"", ""<unk>""]","[0.000265, 0.000946, 0.004989, 0.000264, 0.935885, 7.7e-05, 0.057187, 0.000386, 1e-06]"
CREMA-D,6296,1078_DFA_FEA_XX.wav,1078,fear,fear,fearful,fearful,1.0000,1,1,"[""angry"", ""disgusted"", ""fearful"", ""happy"", ""neutral"", ""other"", ""sad"", ""surprised"", ""<unk>""]","[0.0, 0.0, 1.0, 0.0, 0.0, 0.0, 0.0, 0.0, 0.0]"
CREMA-D,6378,1079_DFA_FEA_XX.wav,1079,fear,fear,fearful,fearful,1.0000,1,1,"[""angry"", ""disgusted"", ""fearful"", ""happy"", ""neutral"", ""other"", ""sad"", ""surprised"", ""<unk>""]","[0.0, 1e-06, 0.999991, 3e-06, 0.0, 3e-06, 1e-06, 0.0, 0.0]"
CREMA-D,6460,1080_DFA_FEA_XX.wav,1080,fear,fear,fearful,fearful,1.0000,1,1,"[""angry"", ""disgusted"", ""fearful"", ""happy"", ""neutral"", ""other"", ""sad"", ""surprised"", ""<unk>""]","[0.0, 0.0, 0.999991, 0.0, 0.0, 0.0, 9e-06, 0.0, 0.0]"
CREMA-D,6542,1081_DFA_FEA_XX.wav,1081,fear,fear,fearful,sad,1.0000,1,0,"[""angry"", ""disgusted"", ""fearful"", ""happy"", ""neutral"", ""other"", ""sad"", ""surprised"", ""<unk>""]","[0.0, 0.0, 9e-06, 0.0, 0.0, 0.0, 0.999991, 0.0, 0.0]"
CREMA-D,6624,1082_DFA_FEA_XX.wav,1082,fear,fear,fearful,fearful,1.0000,1,1,"[""angry"", ""disgusted"", ""fearful"", ""happy"", ""neutral"", ""other"", ""sad"", ""surprised"", ""<unk>""]","[0.0, 0.0, 1.0, 0.0, 0.0, 0.0, 0.0, 0.0, 0.0]"
CREMA-D,6706,1083_DFA_FEA_XX.wav,1083,fear,fear,fearful,fearful,0.5137,1,1,"[""angry"", ""disgusted"", ""fearful"", ""happy"", ""neutral"", ""other"", ""sad"", ""surprised"", ""<unk>""]","[1e-06, 0.000212, 0.513724, 2e-06, 2e-06, 6e-06, 0.486049, 5e-06, 0.0]"
CREMA-D,6788,1084_DFA_FEA_XX.wav,1084,fear,fear,fearful,sad,1.0000,1,0,"[""angry"", ""disgusted"", ""fearful"", ""happy"", ""neutral"", ""other"", ""sad"", ""surprised"", ""<unk>""]","[0.0, 0.0, 0.0, 0.0, 0.0, 0.0, 1.0, 0.0, 0.0]"
CREMA-D,6870,1085_DFA_FEA_XX.wav,1085,fear,fear,fearful,sad,0.9999,1,0,"[""angry"", ""disgusted"", ""fearful"", ""happy"", ""neutral"", ""other"", ""sad"", ""surprised"", ""<unk>""]","[0.0, 2e-06, 3.9e-05, 0.0, 1.3e-05, 0.0, 0.999946, 0.0, 0.0]"
CREMA-D,6952,1086_DFA_FEA_XX.wav,1086,fear,fear,fearful,fearful,1.0000,1,1,"[""angry"", ""disgusted"", ""fearful"", ""happy"", ""neutral"", ""other"", ""sad"", ""surprised"", ""<unk>""]","[0.0, 0.0, 1.0, 0.0, 0.0, 0.0, 0.0, 0.0, 0.0]"
CREMA-D,7034,1087_DFA_FEA_XX.wav,1087,fear,fear,fearful,fearful,0.9999,1,1,"[""angry"", ""disgusted"", ""fearful"", ""happy"", ""neutral"", ""other"", ""sad"", ""surprised"", ""<unk>""]","[1e-06, 4.9e-05, 0.999863, 7e-06, 0.0, 7e-06, 5.6e-05, 1.5e-05, 0.0]"
CREMA-D,7116,1088_DFA_FEA_XX.wav,1088,fear,fear,fearful,fearful,1.0000,1,1,"[""angry"", ""disgusted"", ""fearful"", ""happy"", ""neutral"", ""other"", ""sad"", ""surprised"", ""<unk>""]","[0.0, 0.0, 0.999998, 0.0, 0.0, 0.0, 1e-06, 0.0, 0.0]"
CREMA-D,7198,1089_DFA_FEA_XX.wav,1089,fear,fear,fearful,sad,0.9135,1,0,"[""angry"", ""disgusted"", ""fearful"", ""happy"", ""neutral"", ""other"", ""sad"", ""surprised"", ""<unk>""]","[0.0, 0.000277, 0.086178, 3e-06, 3e-06, 2.1e-05, 0.913516, 2e-06, 0.0]"
CREMA-D,7280,1090_DFA_FEA_XX.wav,1090,fear,fear,fearful,sad,0.9995,1,0,"[""angry"", ""disgusted"", ""fearful"", ""happy"", ""neutral"", ""other"", ""sad"", ""surprised"", ""<unk>""]","[0.0, 5e-06, 0.000481, 0.0, 4e-06, 0.0, 0.99951, 0.0, 0.0]"
CREMA-D,7362,1091_DFA_FEA_XX.wav,1091,fear,fear,fearful,fearful,1.0000,1,1,"[""angry"", ""disgusted"", ""fearful"", ""happy"", ""neutral"", ""other"", ""sad"", ""surprised"", ""<unk>""]","[0.0, 0.0, 1.0, 0.0, 0.0, 0.0, 0.0, 0.0, 0.0]"
CREMA-D,3,1001_DFA_HAP_XX.wav,1001,happy,happy,happy,happy,0.9484,1,1,"[""angry"", ""disgusted"", ""fearful"", ""happy"", ""neutral"", ""other"", ""sad"", ""surprised"", ""<unk>""]","[0.001255, 6.1e-05, 0.048847, 0.948375, 1.4e-05, 1.4e-05, 1.2e-05, 0.001422, 0.0]"
CREMA-D,85,1002_DFA_HAP_XX.wav,1002,happy,happy,happy,happy,1.0000,1,1,"[""angry"", ""disgusted"", ""fearful"", ""happy"", ""neutral"", ""other"", ""sad"", ""surprised"", ""<unk>""]","[0.0, 0.0, 0.0, 1.0, 0.0, 0.0, 0.0, 0.0, 0.0]"
CREMA-D,166,1003_DFA_HAP_XX.wav,1003,happy,happy,happy,happy,0.9749,1,1,"[""angry"", ""disgusted"", ""fearful"", ""happy"", ""neutral"", ""other"", ""sad"", ""surprised"", ""<unk>""]","[2.2e-05, 0.001144, 0.023195, 0.974874, 8e-06, 0.00053, 0.000161, 6.1e-05, 6e-06]"
CREMA-D,248,1004_DFA_HAP_XX.wav,1004,happy,happy,happy,happy,1.0000,1,1,"[""angry"", ""disgusted"", ""fearful"", ""happy"", ""neutral"", ""other"", ""sad"", ""surprised"", ""<unk>""]","[0.0, 0.0, 0.0, 1.0, 0.0, 0.0, 0.0, 0.0, 0.0]"
CREMA-D,330,1005_DFA_HAP_XX.wav,1005,happy,happy,happy,happy,1.0000,1,1,"[""angry"", ""disgusted"", ""fearful"", ""happy"", ""neutral"", ""other"", ""sad"", ""surprised"", ""<unk>""]","[0.0, 0.0, 0.0, 1.0, 0.0, 0.0, 0.0, 0.0, 0.0]"
CREMA-D,412,1006_DFA_HAP_XX.wav,1006,happy,happy,happy,happy,1.0000,1,1,"[""angry"", ""disgusted"", ""fearful"", ""happy"", ""neutral"", ""other"", ""sad"", ""surprised"", ""<unk>""]","[0.0, 0.0, 0.0, 1.0, 0.0, 0.0, 0.0, 0.0, 0.0]"
CREMA-D,494,1007_DFA_HAP_XX.wav,1007,happy,happy,happy,happy,1.0000,1,1,"[""angry"", ""disgusted"", ""fearful"", ""happy"", ""neutral"", ""other"", ""sad"", ""surprised"", ""<unk>""]","[0.0, 0.0, 0.0, 1.0, 0.0, 0.0, 0.0, 0.0, 0.0]"
CREMA-D,576,1008_DFA_HAP_XX.wav,1008,happy,happy,happy,happy,1.0000,1,1,"[""angry"", ""disgusted"", ""fearful"", ""happy"", ""neutral"", ""other"", ""sad"", ""surprised"", ""<unk>""]","[0.0, 0.0, 0.0, 1.0, 0.0, 0.0, 0.0, 0.0, 0.0]"
CREMA-D,652,1009_DFA_HAP_XX.wav,1009,happy,happy,happy,happy,1.0000,1,1,"[""angry"", ""disgusted"", ""fearful"", ""happy"", ""neutral"", ""other"", ""sad"", ""surprised"", ""<unk>""]","[0.0, 0.0, 0.0, 1.0, 0.0, 0.0, 0.0, 0.0, 0.0]"
CREMA-D,728,1010_DFA_HAP_XX.wav,1010,happy,happy,happy,happy,1.0000,1,1,"[""angry"", ""disgusted"", ""fearful"", ""happy"", ""neutral"", ""other"", ""sad"", ""surprised"", ""<unk>""]","[0.0, 0.0, 0.0, 1.0, 0.0, 0.0, 0.0, 0.0, 0.0]"
CREMA-D,810,1011_DFA_HAP_XX.wav,1011,happy,happy,happy,happy,1.0000,1,1,"[""angry"", ""disgusted"", ""fearful"", ""happy"", ""neutral"", ""other"", ""sad"", ""surprised"", ""<unk>""]","[0.0, 0.0, 0.0, 1.0, 0.0, 0.0, 0.0, 0.0, 0.0]"
CREMA-D,892,1012_DFA_HAP_XX.wav,1012,happy,happy,happy,happy,1.0000,1,1,"[""angry"", ""disgusted"", ""fearful"", ""happy"", ""neutral"", ""other"", ""sad"", ""surprised"", ""<unk>""]","[0.0, 0.0, 0.0, 1.0, 0.0, 0.0, 0.0, 0.0, 0.0]"
CREMA-D,974,1013_DFA_HAP_XX.wav,1013,happy,happy,happy,happy,1.0000,1,1,"[""angry"", ""disgusted"", ""fearful"", ""happy"", ""neutral"", ""other"", ""sad"", ""surprised"", ""<unk>""]","[0.0, 0.0, 0.0, 1.0, 0.0, 0.0, 0.0, 0.0, 0.0]"
CREMA-D,1056,1014_DFA_HAP_XX.wav,1014,happy,happy,happy,happy,1.0000,1,1,"[""angry"", ""disgusted"", ""fearful"", ""happy"", ""neutral"", ""other"", ""sad"", ""surprised"", ""<unk>""]","[0.0, 0.0, 0.0, 1.0, 0.0, 0.0, 0.0, 0.0, 0.0]"
CREMA-D,1138,1015_DFA_HAP_XX.wav,1015,happy,happy,happy,happy,1.0000,1,1,"[""angry"", ""disgusted"", ""fearful"", ""happy"", ""neutral"", ""other"", ""sad"", ""surprised"", ""<unk>""]","[0.0, 0.0, 0.0, 1.0, 0.0, 0.0, 0.0, 0.0, 0.0]"
CREMA-D,1220,1016_DFA_HAP_XX.wav,1016,happy,happy,happy,happy,1.0000,1,1,"[""angry"", ""disgusted"", ""fearful"", ""happy"", ""neutral"", ""other"", ""sad"", ""surprised"", ""<unk>""]","[0.0, 0.0, 0.0, 1.0, 0.0, 0.0, 0.0, 0.0, 0.0]"
CREMA-D,1302,1017_DFA_HAP_XX.wav,1017,happy,happy,happy,happy,0.6549,1,1,"[""angry"", ""disgusted"", ""fearful"", ""happy"", ""neutral"", ""other"", ""sad"", ""surprised"", ""<unk>""]","[0.000134, 0.000283, 0.000118, 0.654907, 0.343621, 1e-06, 0.000181, 0.000755, 0.0]"
CREMA-D,1384,1018_DFA_HAP_XX.wav,1018,happy,happy,happy,happy,1.0000,1,1,"[""angry"", ""disgusted"", ""fearful"", ""happy"", ""neutral"", ""other"", ""sad"", ""surprised"", ""<unk>""]","[0.0, 0.0, 0.0, 1.0, 0.0, 0.0, 0.0, 0.0, 0.0]"
CREMA-D,1466,1019_DFA_HAP_XX.wav,1019,happy,happy,happy,sad,0.9735,1,0,"[""angry"", ""disgusted"", ""fearful"", ""happy"", ""neutral"", ""other"", ""sad"", ""surprised"", ""<unk>""]","[1e-06, 0.000971, 0.003198, 0.022327, 1e-06, 1.7e-05, 0.973459, 2.7e-05, 0.0]"
CREMA-D,1542,1020_DFA_HAP_XX.wav,1020,happy,happy,happy,happy,1.0000,1,1,"[""angry"", ""disgusted"", ""fearful"", ""happy"", ""neutral"", ""other"", ""sad"", ""surprised"", ""<unk>""]","[0.0, 0.0, 0.0, 1.0, 0.0, 0.0, 0.0, 0.0, 0.0]"
CREMA-D,1624,1021_DFA_HAP_XX.wav,1021,happy,happy,happy,happy,1.0000,1,1,"[""angry"", ""disgusted"", ""fearful"", ""happy"", ""neutral"", ""other"", ""sad"", ""surprised"", ""<unk>""]","[0.0, 0.0, 0.0, 1.0, 0.0, 0.0, 0.0, 0.0, 0.0]"
CREMA-D,1706,1022_DFA_HAP_XX.wav,1022,happy,happy,happy,happy,1.0000,1,1,"[""angry"", ""disgusted"", ""fearful"", ""happy"", ""neutral"", ""other"", ""sad"", ""surprised"", ""<unk>""]","[0.0, 0.0, 0.0, 1.0, 0.0, 0.0, 0.0, 0.0, 0.0]"
CREMA-D,1788,1023_DFA_HAP_XX.wav,1023,happy,happy,happy,happy,1.0000,1,1,"[""angry"", ""disgusted"", ""fearful"", ""happy"", ""neutral"", ""other"", ""sad"", ""surprised"", ""<unk>""]","[0.0, 0.0, 0.0, 1.0, 0.0, 0.0, 0.0, 0.0, 0.0]"
CREMA-D,1870,1024_DFA_HAP_XX.wav,1024,happy,happy,happy,happy,1.0000,1,1,"[""angry"", ""disgusted"", ""fearful"", ""happy"", ""neutral"", ""other"", ""sad"", ""surprised"", ""<unk>""]","[0.0, 0.0, 0.0, 0.999999, 0.0, 0.0, 0.0, 0.0, 0.0]"
CREMA-D,1952,1025_DFA_HAP_XX.wav,1025,happy,happy,happy,happy,1.0000,1,1,"[""angry"", ""disgusted"", ""fearful"", ""happy"", ""neutral"", ""other"", ""sad"", ""surprised"", ""<unk>""]","[0.0, 0.0, 0.0, 1.0, 0.0, 0.0, 0.0, 0.0, 0.0]"
CREMA-D,2034,1026_DFA_HAP_XX.wav,1026,happy,happy,happy,happy,1.0000,1,1,"[""angry"", ""disgusted"", ""fearful"", ""happy"", ""neutral"", ""other"", ""sad"", ""surprised"", ""<unk>""]","[0.0, 0.0, 0.0, 1.0, 0.0, 0.0, 0.0, 0.0, 0.0]"
CREMA-D,2116,1027_DFA_HAP_XX.wav,1027,happy,happy,happy,happy,0.6713,1,1,"[""angry"", ""disgusted"", ""fearful"", ""happy"", ""neutral"", ""other"", ""sad"", ""surprised"", ""<unk>""]","[0.241348, 0.019998, 0.059719, 0.671285, 2.2e-05, 0.000786, 0.000205, 0.006635, 2e-06]"
CREMA-D,2198,1028_DFA_HAP_XX.wav,1028,happy,happy,happy,happy,0.9384,1,1,"[""angry"", ""disgusted"", ""fearful"", ""happy"", ""neutral"", ""other"", ""sad"", ""surprised"", ""<unk>""]","[0.000232, 0.017047, 0.039066, 0.938424, 0.000325, 0.001429, 0.000146, 0.001143, 0.002187]"
CREMA-D,2280,1029_DFA_HAP_XX.wav,1029,happy,happy,happy,happy,1.0000,1,1,"[""angry"", ""disgusted"", ""fearful"", ""happy"", ""neutral"", ""other"", ""sad"", ""surprised"", ""<unk>""]","[0.0, 0.0, 0.0, 1.0, 0.0, 0.0, 0.0, 0.0, 0.0]"
CREMA-D,2362,1030_DFA_HAP_XX.wav,1030,happy,happy,happy,happy,1.0000,1,1,"[""angry"", ""disgusted"", ""fearful"", ""happy"", ""neutral"", ""other"", ""sad"", ""surprised"", ""<unk>""]","[0.0, 0.0, 0.0, 1.0, 0.0, 0.0, 0.0, 0.0, 0.0]"
CREMA-D,2444,1031_DFA_HAP_XX.wav,1031,happy,happy,happy,neutral,0.8227,1,0,"[""angry"", ""disgusted"", ""fearful"", ""happy"", ""neutral"", ""other"", ""sad"", ""surprised"", ""<unk>""]","[0.000786, 0.016091, 0.104501, 0.014569, 0.822705, 0.001621, 0.028369, 0.008781, 0.002577]"
CREMA-D,2526,1032_DFA_HAP_XX.wav,1032,happy,happy,happy,happy,1.0000,1,1,"[""angry"", ""disgusted"", ""fearful"", ""happy"", ""neutral"", ""other"", ""sad"", ""surprised"", ""<unk>""]","[0.0, 0.0, 0.0, 1.0, 0.0, 0.0, 0.0, 0.0, 0.0]"
CREMA-D,2608,1033_DFA_HAP_XX.wav,1033,happy,happy,happy,happy,1.0000,1,1,"[""angry"", ""disgusted"", ""fearful"", ""happy"", ""neutral"", ""other"", ""sad"", ""surprised"", ""<unk>""]","[0.0, 0.0, 0.0, 1.0, 0.0, 0.0, 0.0, 0.0, 0.0]"
CREMA-D,2690,1034_DFA_HAP_XX.wav,1034,happy,happy,happy,happy,1.0000,1,1,"[""angry"", ""disgusted"", ""fearful"", ""happy"", ""neutral"", ""other"", ""sad"", ""surprised"", ""<unk>""]","[0.0, 0.0, 0.0, 0.999999, 0.0, 0.0, 0.0, 0.0, 0.0]"
CREMA-D,2772,1035_DFA_HAP_XX.wav,1035,happy,happy,happy,happy,1.0000,1,1,"[""angry"", ""disgusted"", ""fearful"", ""happy"", ""neutral"", ""other"", ""sad"", ""surprised"", ""<unk>""]","[0.0, 0.0, 0.0, 1.0, 0.0, 0.0, 0.0, 0.0, 0.0]"
CREMA-D,2854,1036_DFA_HAP_XX.wav,1036,happy,happy,happy,happy,0.9901,1,1,"[""angry"", ""disgusted"", ""fearful"", ""happy"", ""neutral"", ""other"", ""sad"", ""surprised"", ""<unk>""]","[0.000136, 0.000349, 0.008602, 0.990103, 1e-06, 0.0002, 0.000537, 7.2e-05, 0.0]"
CREMA-D,2936,1037_DFA_HAP_XX.wav,1037,happy,happy,happy,happy,1.0000,1,1,"[""angry"", ""disgusted"", ""fearful"", ""happy"", ""neutral"", ""other"", ""sad"", ""surprised"", ""<unk>""]","[0.0, 0.0, 0.0, 1.0, 0.0, 0.0, 0.0, 0.0, 0.0]"
CREMA-D,3018,1038_DFA_HAP_XX.wav,1038,happy,happy,happy,happy,1.0000,1,1,"[""angry"", ""disgusted"", ""fearful"", ""happy"", ""neutral"", ""other"", ""sad"", ""surprised"", ""<unk>""]","[0.0, 0.0, 0.0, 1.0, 0.0, 0.0, 0.0, 0.0, 0.0]"
CREMA-D,3100,1039_DFA_HAP_XX.wav,1039,happy,happy,happy,happy,1.0000,1,1,"[""angry"", ""disgusted"", ""fearful"", ""happy"", ""neutral"", ""other"", ""sad"", ""surprised"", ""<unk>""]","[0.0, 0.0, 0.0, 1.0, 0.0, 0.0, 0.0, 0.0, 0.0]"
CREMA-D,3182,1040_DFA_HAP_XX.wav,1040,happy,happy,happy,happy,1.0000,1,1,"[""angry"", ""disgusted"", ""fearful"", ""happy"", ""neutral"", ""other"", ""sad"", ""surprised"", ""<unk>""]","[0.0, 0.0, 0.0, 1.0, 0.0, 0.0, 0.0, 0.0, 0.0]"
CREMA-D,3264,1041_DFA_HAP_XX.wav,1041,happy,happy,happy,happy,1.0000,1,1,"[""angry"", ""disgusted"", ""fearful"", ""happy"", ""neutral"", ""other"", ""sad"", ""surprised"", ""<unk>""]","[0.0, 0.0, 0.0, 1.0, 0.0, 0.0, 0.0, 0.0, 0.0]"
CREMA-D,3346,1042_DFA_HAP_XX.wav,1042,happy,happy,happy,happy,1.0000,1,1,"[""angry"", ""disgusted"", ""fearful"", ""happy"", ""neutral"", ""other"", ""sad"", ""surprised"", ""<unk>""]","[0.0, 0.0, 0.0, 1.0, 0.0, 0.0, 0.0, 0.0, 0.0]"
CREMA-D,3428,1043_DFA_HAP_XX.wav,1043,happy,happy,happy,happy,1.0000,1,1,"[""angry"", ""disgusted"", ""fearful"", ""happy"", ""neutral"", ""other"", ""sad"", ""surprised"", ""<unk>""]","[0.0, 0.0, 0.0, 1.0, 0.0, 0.0, 0.0, 0.0, 0.0]"
CREMA-D,3510,1044_DFA_HAP_XX.wav,1044,happy,happy,happy,disgusted,1.0000,1,0,"[""angry"", ""disgusted"", ""fearful"", ""happy"", ""neutral"", ""other"", ""sad"", ""surprised"", ""<unk>""]","[5e-06, 0.999969, 2e-06, 2e-05, 0.0, 1e-06, 1e-06, 2e-06, 0.0]"
CREMA-D,3592,1045_DFA_HAP_XX.wav,1045,happy,happy,happy,happy,0.9697,1,1,"[""angry"", ""disgusted"", ""fearful"", ""happy"", ""neutral"", ""other"", ""sad"", ""surprised"", ""<unk>""]","[1e-06, 1.9e-05, 0.030181, 0.969729, 1e-06, 1.3e-05, 4.1e-05, 1.5e-05, 0.0]"
CREMA-D,3674,1046_DFA_HAP_XX.wav,1046,happy,happy,happy,happy,1.0000,1,1,"[""angry"", ""disgusted"", ""fearful"", ""happy"", ""neutral"", ""other"", ""sad"", ""surprised"", ""<unk>""]","[0.0, 1e-06, 1e-06, 0.999996, 1e-06, 0.0, 0.0, 0.0, 0.0]"
CREMA-D,3756,1047_DFA_HAP_XX.wav,1047,happy,happy,happy,happy,1.0000,1,1,"[""angry"", ""disgusted"", ""fearful"", ""happy"", ""neutral"", ""other"", ""sad"", ""surprised"", ""<unk>""]","[0.0, 0.0, 0.0, 1.0, 0.0, 0.0, 0.0, 0.0, 0.0]"
CREMA-D,3838,1048_DFA_HAP_XX.wav,1048,happy,happy,happy,happy,1.0000,1,1,"[""angry"", ""disgusted"", ""fearful"", ""happy"", ""neutral"", ""other"", ""sad"", ""surprised"", ""<unk>""]","[0.0, 0.0, 0.0, 1.0, 0.0, 0.0, 0.0, 0.0, 0.0]"
CREMA-D,3920,1049_DFA_HAP_XX.wav,1049,happy,happy,happy,happy,1.0000,1,1,"[""angry"", ""disgusted"", ""fearful"", ""happy"", ""neutral"", ""other"", ""sad"", ""surprised"", ""<unk>""]","[0.0, 0.0, 0.0, 1.0, 0.0, 0.0, 0.0, 0.0, 0.0]"
CREMA-D,4002,1050_DFA_HAP_XX.wav,1050,happy,happy,happy,happy,0.9989,1,1,"[""angry"", ""disgusted"", ""fearful"", ""happy"", ""neutral"", ""other"", ""sad"", ""surprised"", ""<unk>""]","[5.4e-05, 0.000334, 1e-05, 0.998888, 0.0, 0.0, 6e-06, 0.000708, 0.0]"
CREMA-D,4084,1051_DFA_HAP_XX.wav,1051,happy,happy,happy,happy,1.0000,1,1,"[""angry"", ""disgusted"", ""fearful"", ""happy"", ""neutral"", ""other"", ""sad"", ""surprised"", ""<unk>""]","[0.0, 0.0, 0.0, 1.0, 0.0, 0.0, 0.0, 0.0, 0.0]"
CREMA-D,4166,1052_DFA_HAP_XX.wav,1052,happy,happy,happy,happy,1.0000,1,1,"[""angry"", ""disgusted"", ""fearful"", ""happy"", ""neutral"", ""other"", ""sad"", ""surprised"", ""<unk>""]","[0.0, 0.0, 0.0, 1.0, 0.0, 0.0, 0.0, 0.0, 0.0]"
CREMA-D,4248,1053_DFA_HAP_XX.wav,1053,happy,happy,happy,happy,1.0000,1,1,"[""angry"", ""disgusted"", ""fearful"", ""happy"", ""neutral"", ""other"", ""sad"", ""surprised"", ""<unk>""]","[0.0, 0.0, 0.0, 1.0, 0.0, 0.0, 0.0, 0.0, 0.0]"
CREMA-D,4330,1054_DFA_HAP_XX.wav,1054,happy,happy,happy,happy,1.0000,1,1,"[""angry"", ""disgusted"", ""fearful"", ""happy"", ""neutral"", ""other"", ""sad"", ""surprised"", ""<unk>""]","[0.0, 0.0, 0.0, 1.0, 0.0, 0.0, 0.0, 0.0, 0.0]"
CREMA-D,4412,1055_DFA_HAP_XX.wav,1055,happy,happy,happy,happy,1.0000,1,1,"[""angry"", ""disgusted"", ""fearful"", ""happy"", ""neutral"", ""other"", ""sad"", ""surprised"", ""<unk>""]","[0.0, 0.0, 0.0, 1.0, 0.0, 0.0, 0.0, 0.0, 0.0]"
CREMA-D,4494,1056_DFA_HAP_XX.wav,1056,happy,happy,happy,happy,1.0000,1,1,"[""angry"", ""disgusted"", ""fearful"", ""happy"", ""neutral"", ""other"", ""sad"", ""surprised"", ""<unk>""]","[0.0, 0.0, 0.0, 1.0, 0.0, 0.0, 0.0, 0.0, 0.0]"
CREMA-D,4576,1057_DFA_HAP_XX.wav,1057,happy,happy,happy,happy,0.8483,1,1,"[""angry"", ""disgusted"", ""fearful"", ""happy"", ""neutral"", ""other"", ""sad"", ""surprised"", ""<unk>""]","[7e-06, 0.000101, 0.150176, 0.848286, 2.1e-05, 0.000371, 0.000997, 4.1e-05, 1e-06]"
CREMA-D,4658,1058_DFA_HAP_XX.wav,1058,happy,happy,happy,happy,1.0000,1,1,"[""angry"", ""disgusted"", ""fearful"", ""happy"", ""neutral"", ""other"", ""sad"", ""surprised"", ""<unk>""]","[0.0, 0.0, 0.0, 1.0, 0.0, 0.0, 0.0, 0.0, 0.0]"
CREMA-D,4740,1059_DFA_HAP_XX.wav,1059,happy,happy,happy,happy,0.9735,1,1,"[""angry"", ""disgusted"", ""fearful"", ""happy"", ""neutral"", ""other"", ""sad"", ""surprised"", ""<unk>""]","[0.010214, 5.3e-05, 0.014664, 0.97352, 4e-06, 6e-06, 1.2e-05, 0.001527, 0.0]"
CREMA-D,4822,1060_DFA_HAP_XX.wav,1060,happy,happy,happy,happy,1.0000,1,1,"[""angry"", ""disgusted"", ""fearful"", ""happy"", ""neutral"", ""other"", ""sad"", ""surprised"", ""<unk>""]","[0.0, 0.0, 0.0, 1.0, 0.0, 0.0, 0.0, 0.0, 0.0]"
CREMA-D,4904,1061_DFA_HAP_XX.wav,1061,happy,happy,happy,happy,1.0000,1,1,"[""angry"", ""disgusted"", ""fearful"", ""happy"", ""neutral"", ""other"", ""sad"", ""surprised"", ""<unk>""]","[0.0, 0.0, 0.0, 1.0, 0.0, 0.0, 0.0, 0.0, 0.0]"
CREMA-D,4986,1062_DFA_HAP_XX.wav,1062,happy,happy,happy,happy,1.0000,1,1,"[""angry"", ""disgusted"", ""fearful"", ""happy"", ""neutral"", ""other"", ""sad"", ""surprised"", ""<unk>""]","[0.0, 0.0, 0.0, 1.0, 0.0, 0.0, 0.0, 0.0, 0.0]"
CREMA-D,5068,1063_DFA_HAP_XX.wav,1063,happy,happy,happy,happy,1.0000,1,1,"[""angry"", ""disgusted"", ""fearful"", ""happy"", ""neutral"", ""other"", ""sad"", ""surprised"", ""<unk>""]","[0.0, 0.0, 0.0, 1.0, 0.0, 0.0, 0.0, 0.0, 0.0]"
CREMA-D,5150,1064_DFA_HAP_XX.wav,1064,happy,happy,happy,happy,1.0000,1,1,"[""angry"", ""disgusted"", ""fearful"", ""happy"", ""neutral"", ""other"", ""sad"", ""surprised"", ""<unk>""]","[0.0, 0.0, 0.0, 0.999998, 0.0, 0.0, 1e-06, 0.0, 0.0]"
CREMA-D,5232,1065_DFA_HAP_XX.wav,1065,happy,happy,happy,happy,0.9998,1,1,"[""angry"", ""disgusted"", ""fearful"", ""happy"", ""neutral"", ""other"", ""sad"", ""surprised"", ""<unk>""]","[6e-06, 1.6e-05, 7e-06, 0.999831, 0.000126, 4e-06, 5e-06, 4e-06, 0.0]"
CREMA-D,5314,1066_DFA_HAP_XX.wav,1066,happy,happy,happy,happy,1.0000,1,1,"[""angry"", ""disgusted"", ""fearful"", ""happy"", ""neutral"", ""other"", ""sad"", ""surprised"", ""<unk>""]","[0.0, 0.0, 0.0, 1.0, 0.0, 0.0, 0.0, 0.0, 0.0]"
CREMA-D,5396,1067_DFA_HAP_XX.wav,1067,happy,happy,happy,happy,0.9993,1,1,"[""angry"", ""disgusted"", ""fearful"", ""happy"", ""neutral"", ""other"", ""sad"", ""surprised"", ""<unk>""]","[1e-06, 1e-06, 0.000541, 0.999331, 0.0, 0.0, 1e-06, 0.000125, 0.0]"
CREMA-D,5478,1068_DFA_HAP_XX.wav,1068,happy,happy,happy,happy,1.0000,1,1,"[""angry"", ""disgusted"", ""fearful"", ""happy"", ""neutral"", ""other"", ""sad"", ""surprised"", ""<unk>""]","[0.0, 0.0, 0.0, 1.0, 0.0, 0.0, 0.0, 0.0, 0.0]"
CREMA-D,5560,1069_DFA_HAP_XX.wav,1069,happy,happy,happy,happy,1.0000,1,1,"[""angry"", ""disgusted"", ""fearful"", ""happy"", ""neutral"", ""other"", ""sad"", ""surprised"", ""<unk>""]","[0.0, 0.0, 0.0, 1.0, 0.0, 0.0, 0.0, 0.0, 0.0]"
CREMA-D,5642,1070_DFA_HAP_XX.wav,1070,happy,happy,happy,happy,1.0000,1,1,"[""angry"", ""disgusted"", ""fearful"", ""happy"", ""neutral"", ""other"", ""sad"", ""surprised"", ""<unk>""]","[0.0, 0.0, 0.0, 1.0, 0.0, 0.0, 0.0, 0.0, 0.0]"
CREMA-D,5724,1071_DFA_HAP_XX.wav,1071,happy,happy,happy,happy,1.0000,1,1,"[""angry"", ""disgusted"", ""fearful"", ""happy"", ""neutral"", ""other"", ""sad"", ""surprised"", ""<unk>""]","[0.0, 0.0, 3e-06, 0.999997, 0.0, 0.0, 0.0, 0.0, 0.0]"
CREMA-D,5806,1072_DFA_HAP_XX.wav,1072,happy,happy,happy,happy,1.0000,1,1,"[""angry"", ""disgusted"", ""fearful"", ""happy"", ""neutral"", ""other"", ""sad"", ""surprised"", ""<unk>""]","[0.0, 1e-06, 0.0, 0.999998, 0.0, 0.0, 0.0, 0.0, 0.0]"
CREMA-D,5888,1073_DFA_HAP_XX.wav,1073,happy,happy,happy,sad,0.9956,1,0,"[""angry"", ""disgusted"", ""fearful"", ""happy"", ""neutral"", ""other"", ""sad"", ""surprised"", ""<unk>""]","[0.0, 0.000442, 0.002782, 0.001111, 1e-06, 7.7e-05, 0.995586, 1e-06, 0.0]"
CREMA-D,5970,1074_DFA_HAP_XX.wav,1074,happy,happy,happy,happy,1.0000,1,1,"[""angry"", ""disgusted"", ""fearful"", ""happy"", ""neutral"", ""other"", ""sad"", ""surprised"", ""<unk>""]","[0.0, 0.0, 0.0, 1.0, 0.0, 0.0, 0.0, 0.0, 0.0]"
CREMA-D,6052,1075_DFA_HAP_XX.wav,1075,happy,happy,happy,happy,1.0000,1,1,"[""angry"", ""disgusted"", ""fearful"", ""happy"", ""neutral"", ""other"", ""sad"", ""surprised"", ""<unk>""]","[0.0, 0.0, 0.0, 1.0, 0.0, 0.0, 0.0, 0.0, 0.0]"
CREMA-D,6134,1076_DFA_HAP_XX.wav,1076,happy,happy,happy,happy,1.0000,1,1,"[""angry"", ""disgusted"", ""fearful"", ""happy"", ""neutral"", ""other"", ""sad"", ""surprised"", ""<unk>""]","[0.0, 0.0, 0.0, 1.0, 0.0, 0.0, 0.0, 0.0, 0.0]"
CREMA-D,6215,1077_DFA_HAP_XX.wav,1077,happy,happy,happy,happy,0.9963,1,1,"[""angry"", ""disgusted"", ""fearful"", ""happy"", ""neutral"", ""other"", ""sad"", ""surprised"", ""<unk>""]","[4e-06, 2.6e-05, 9.9e-05, 0.996289, 0.003388, 8e-06, 0.000168, 2e-05, 0.0]"
CREMA-D,6297,1078_DFA_HAP_XX.wav,1078,happy,happy,happy,happy,1.0000,1,1,"[""angry"", ""disgusted"", ""fearful"", ""happy"", ""neutral"", ""other"", ""sad"", ""surprised"", ""<unk>""]","[0.0, 0.0, 0.0, 1.0, 0.0, 0.0, 0.0, 0.0, 0.0]"
CREMA-D,6379,1079_DFA_HAP_XX.wav,1079,happy,happy,happy,happy,0.9749,1,1,"[""angry"", ""disgusted"", ""fearful"", ""happy"", ""neutral"", ""other"", ""sad"", ""surprised"", ""<unk>""]","[7e-06, 0.025029, 2.3e-05, 0.974919, 0.0, 2e-06, 1e-06, 2e-05, 0.0]"
CREMA-D,6461,1080_DFA_HAP_XX.wav,1080,happy,happy,happy,happy,1.0000,1,1,"[""angry"", ""disgusted"", ""fearful"", ""happy"", ""neutral"", ""other"", ""sad"", ""surprised"", ""<unk>""]","[0.0, 0.0, 0.0, 1.0, 0.0, 0.0, 0.0, 0.0, 0.0]"
CREMA-D,6543,1081_DFA_HAP_XX.wav,1081,happy,happy,happy,happy,0.9660,1,1,"[""angry"", ""disgusted"", ""fearful"", ""happy"", ""neutral"", ""other"", ""sad"", ""surprised"", ""<unk>""]","[0.003367, 0.000159, 0.022897, 0.965989, 0.005704, 0.000276, 0.000145, 0.001441, 2.2e-05]"
CREMA-D,6625,1082_DFA_HAP_XX.wav,1082,happy,happy,happy,happy,0.9995,1,1,"[""angry"", ""disgusted"", ""fearful"", ""happy"", ""neutral"", ""other"", ""sad"", ""surprised"", ""<unk>""]","[0.000413, 3.3e-05, 1e-06, 0.999545, 0.0, 0.0, 0.0, 7e-06, 0.0]"
CREMA-D,6707,1083_DFA_HAP_XX.wav,1083,happy,happy,happy,sad,0.9830,1,0,"[""angry"", ""disgusted"", ""fearful"", ""happy"", ""neutral"", ""other"", ""sad"", ""surprised"", ""<unk>""]","[1.8e-05, 0.001747, 0.00619, 0.001807, 0.006473, 0.000605, 0.98303, 0.000119, 1.1e-05]"
CREMA-D,6789,1084_DFA_HAP_XX.wav,1084,happy,happy,happy,happy,1.0000,1,1,"[""angry"", ""disgusted"", ""fearful"", ""happy"", ""neutral"", ""other"", ""sad"", ""surprised"", ""<unk>""]","[0.0, 0.0, 0.0, 1.0, 0.0, 0.0, 0.0, 0.0, 0.0]"
CREMA-D,6871,1085_DFA_HAP_XX.wav,1085,happy,happy,happy,happy,1.0000,1,1,"[""angry"", ""disgusted"", ""fearful"", ""happy"", ""neutral"", ""other"", ""sad"", ""surprised"", ""<unk>""]","[0.0, 0.0, 0.0, 1.0, 0.0, 0.0, 0.0, 0.0, 0.0]"
CREMA-D,6953,1086_DFA_HAP_XX.wav,1086,happy,happy,happy,happy,1.0000,1,1,"[""angry"", ""disgusted"", ""fearful"", ""happy"", ""neutral"", ""other"", ""sad"", ""surprised"", ""<unk>""]","[0.0, 0.0, 0.0, 1.0, 0.0, 0.0, 0.0, 0.0, 0.0]"
CREMA-D,7035,1087_DFA_HAP_XX.wav,1087,happy,happy,happy,happy,1.0000,1,1,"[""angry"", ""disgusted"", ""fearful"", ""happy"", ""neutral"", ""other"", ""sad"", ""surprised"", ""<unk>""]","[0.0, 0.0, 0.0, 1.0, 0.0, 0.0, 0.0, 0.0, 0.0]"
CREMA-D,7117,1088_DFA_HAP_XX.wav,1088,happy,happy,happy,happy,1.0000,1,1,"[""angry"", ""disgusted"", ""fearful"", ""happy"", ""neutral"", ""other"", ""sad"", ""surprised"", ""<unk>""]","[0.0, 0.0, 0.0, 1.0, 0.0, 0.0, 0.0, 0.0, 0.0]"
CREMA-D,7199,1089_DFA_HAP_XX.wav,1089,happy,happy,happy,happy,1.0000,1,1,"[""angry"", ""disgusted"", ""fearful"", ""happy"", ""neutral"", ""other"", ""sad"", ""surprised"", ""<unk>""]","[0.0, 0.0, 0.0, 1.0, 0.0, 0.0, 0.0, 0.0, 0.0]"
CREMA-D,7281,1090_DFA_HAP_XX.wav,1090,happy,happy,happy,happy,1.0000,1,1,"[""angry"", ""disgusted"", ""fearful"", ""happy"", ""neutral"", ""other"", ""sad"", ""surprised"", ""<unk>""]","[0.0, 0.0, 0.0, 1.0, 0.0, 0.0, 0.0, 0.0, 0.0]"
CREMA-D,7363,1091_DFA_HAP_XX.wav,1091,happy,happy,happy,happy,1.0000,1,1,"[""angry"", ""disgusted"", ""fearful"", ""happy"", ""neutral"", ""other"", ""sad"", ""surprised"", ""<unk>""]","[0.0, 0.0, 0.0, 1.0, 0.0, 0.0, 0.0, 0.0, 0.0]"
CREMA-D,4,1001_DFA_NEU_XX.wav,1001,neutral,neutral,neutral,neutral,1.0000,1,1,"[""angry"", ""disgusted"", ""fearful"", ""happy"", ""neutral"", ""other"", ""sad"", ""surprised"", ""<unk>""]","[0.0, 0.0, 0.0, 0.0, 1.0, 0.0, 0.0, 0.0, 0.0]"
CREMA-D,86,1002_DFA_NEU_XX.wav,1002,neutral,neutral,neutral,neutral,0.9695,1,1,"[""angry"", ""disgusted"", ""fearful"", ""happy"", ""neutral"", ""other"", ""sad"", ""surprised"", ""<unk>""]","[6e-06, 3.2e-05, 0.002635, 1.5e-05, 0.969516, 6e-06, 0.027774, 1.6e-05, 0.0]"
CREMA-D,167,1003_DFA_NEU_XX.wav,1003,neutral,neutral,neutral,neutral,1.0000,1,1,"[""angry"", ""disgusted"", ""fearful"", ""happy"", ""neutral"", ""other"", ""sad"", ""surprised"", ""<unk>""]","[0.0, 0.0, 0.0, 0.0, 1.0, 0.0, 0.0, 0.0, 0.0]"
CREMA-D,249,1004_DFA_NEU_XX.wav,1004,neutral,neutral,neutral,neutral,1.0000,1,1,"[""angry"", ""disgusted"", ""fearful"", ""happy"", ""neutral"", ""other"", ""sad"", ""surprised"", ""<unk>""]","[0.0, 0.0, 0.0, 0.0, 1.0, 0.0, 0.0, 0.0, 0.0]"
CREMA-D,331,1005_DFA_NEU_XX.wav,1005,neutral,neutral,neutral,neutral,1.0000,1,1,"[""angry"", ""disgusted"", ""fearful"", ""happy"", ""neutral"", ""other"", ""sad"", ""surprised"", ""<unk>""]","[0.0, 0.0, 0.0, 0.0, 1.0, 0.0, 0.0, 0.0, 0.0]"
CREMA-D,413,1006_DFA_NEU_XX.wav,1006,neutral,neutral,neutral,neutral,0.9981,1,1,"[""angry"", ""disgusted"", ""fearful"", ""happy"", ""neutral"", ""other"", ""sad"", ""surprised"", ""<unk>""]","[9e-06, 1.9e-05, 6e-06, 0.0, 0.998128, 0.0, 0.001836, 2e-06, 0.0]"
CREMA-D,495,1007_DFA_NEU_XX.wav,1007,neutral,neutral,neutral,neutral,0.9995,1,1,"[""angry"", ""disgusted"", ""fearful"", ""happy"", ""neutral"", ""other"", ""sad"", ""surprised"", ""<unk>""]","[3e-06, 1.5e-05, 2.2e-05, 1.5e-05, 0.999502, 1e-06, 0.000439, 3e-06, 0.0]"
CREMA-D,577,1008_DFA_NEU_XX.wav,1008,neutral,neutral,neutral,neutral,1.0000,1,1,"[""angry"", ""disgusted"", ""fearful"", ""happy"", ""neutral"", ""other"", ""sad"", ""surprised"", ""<unk>""]","[0.0, 0.0, 0.0, 0.0, 1.0, 0.0, 0.0, 0.0, 0.0]"
CREMA-D,653,1009_DFA_NEU_XX.wav,1009,neutral,neutral,neutral,neutral,1.0000,1,1,"[""angry"", ""disgusted"", ""fearful"", ""happy"", ""neutral"", ""other"", ""sad"", ""surprised"", ""<unk>""]","[0.0, 0.0, 0.0, 0.0, 1.0, 0.0, 0.0, 0.0, 0.0]"
CREMA-D,729,1010_DFA_NEU_XX.wav,1010,neutral,neutral,neutral,neutral,1.0000,1,1,"[""angry"", ""disgusted"", ""fearful"", ""happy"", ""neutral"", ""other"", ""sad"", ""surprised"", ""<unk>""]","[0.0, 0.0, 0.0, 0.0, 1.0, 0.0, 0.0, 0.0, 0.0]"
CREMA-D,811,1011_DFA_NEU_XX.wav,1011,neutral,neutral,neutral,neutral,1.0000,1,1,"[""angry"", ""disgusted"", ""fearful"", ""happy"", ""neutral"", ""other"", ""sad"", ""surprised"", ""<unk>""]","[0.0, 0.0, 0.0, 0.0, 0.999999, 0.0, 1e-06, 0.0, 0.0]"
CREMA-D,893,1012_DFA_NEU_XX.wav,1012,neutral,neutral,neutral,neutral,0.9997,1,1,"[""angry"", ""disgusted"", ""fearful"", ""happy"", ""neutral"", ""other"", ""sad"", ""surprised"", ""<unk>""]","[2.3e-05, 0.000275, 1e-06, 1e-06, 0.999684, 0.0, 1.4e-05, 2e-06, 0.0]"
CREMA-D,975,1013_DFA_NEU_XX.wav,1013,neutral,neutral,neutral,neutral,1.0000,1,1,"[""angry"", ""disgusted"", ""fearful"", ""happy"", ""neutral"", ""other"", ""sad"", ""surprised"", ""<unk>""]","[0.0, 0.0, 0.0, 0.0, 0.999999, 0.0, 1e-06, 0.0, 0.0]"
CREMA-D,1057,1014_DFA_NEU_XX.wav,1014,neutral,neutral,neutral,neutral,1.0000,1,1,"[""angry"", ""disgusted"", ""fearful"", ""happy"", ""neutral"", ""other"", ""sad"", ""surprised"", ""<unk>""]","[0.0, 0.0, 0.0, 0.0, 1.0, 0.0, 0.0, 0.0, 0.0]"
CREMA-D,1139,1015_DFA_NEU_XX.wav,1015,neutral,neutral,neutral,neutral,1.0000,1,1,"[""angry"", ""disgusted"", ""fearful"", ""happy"", ""neutral"", ""other"", ""sad"", ""surprised"", ""<unk>""]","[0.0, 0.0, 0.0, 0.0, 1.0, 0.0, 0.0, 0.0, 0.0]"
CREMA-D,1221,1016_DFA_NEU_XX.wav,1016,neutral,neutral,neutral,neutral,1.0000,1,1,"[""angry"", ""disgusted"", ""fearful"", ""happy"", ""neutral"", ""other"", ""sad"", ""surprised"", ""<unk>""]","[1e-06, 1e-06, 1e-05, 1e-06, 0.999979, 0.0, 7e-06, 1e-06, 0.0]"
CREMA-D,1303,1017_DFA_NEU_XX.wav,1017,neutral,neutral,neutral,neutral,1.0000,1,1,"[""angry"", ""disgusted"", ""fearful"", ""happy"", ""neutral"", ""other"", ""sad"", ""surprised"", ""<unk>""]","[0.0, 0.0, 0.0, 0.0, 1.0, 0.0, 0.0, 0.0, 0.0]"
CREMA-D,1385,1018_DFA_NEU_XX.wav,1018,neutral,neutral,neutral,neutral,1.0000,1,1,"[""angry"", ""disgusted"", ""fearful"", ""happy"", ""neutral"", ""other"", ""sad"", ""surprised"", ""<unk>""]","[0.0, 0.0, 0.0, 0.0, 1.0, 0.0, 0.0, 0.0, 0.0]"
CREMA-D,1467,1019_DFA_NEU_XX.wav,1019,neutral,neutral,neutral,neutral,1.0000,1,1,"[""angry"", ""disgusted"", ""fearful"", ""happy"", ""neutral"", ""other"", ""sad"", ""surprised"", ""<unk>""]","[5e-06, 0.0, 0.0, 0.0, 0.999993, 0.0, 2e-06, 0.0, 0.0]"
CREMA-D,1543,1020_DFA_NEU_XX.wav,1020,neutral,neutral,neutral,neutral,0.9246,1,1,"[""angry"", ""disgusted"", ""fearful"", ""happy"", ""neutral"", ""other"", ""sad"", ""surprised"", ""<unk>""]","[1e-06, 0.000289, 0.000123, 9e-06, 0.92457, 2e-06, 0.075002, 5e-06, 0.0]"
CREMA-D,1625,1021_DFA_NEU_XX.wav,1021,neutral,neutral,neutral,neutral,1.0000,1,1,"[""angry"", ""disgusted"", ""fearful"", ""happy"", ""neutral"", ""other"", ""sad"", ""surprised"", ""<unk>""]","[0.0, 0.0, 0.0, 0.0, 0.999998, 0.0, 1e-06, 0.0, 0.0]"
CREMA-D,1707,1022_DFA_NEU_XX.wav,1022,neutral,neutral,neutral,neutral,1.0000,1,1,"[""angry"", ""disgusted"", ""fearful"", ""happy"", ""neutral"", ""other"", ""sad"", ""surprised"", ""<unk>""]","[0.0, 0.0, 0.0, 0.0, 1.0, 0.0, 0.0, 0.0, 0.0]"
CREMA-D,1789,1023_DFA_NEU_XX.wav,1023,neutral,neutral,neutral,neutral,1.0000,1,1,"[""angry"", ""disgusted"", ""fearful"", ""happy"", ""neutral"", ""other"", ""sad"", ""surprised"", ""<unk>""]","[0.0, 0.0, 0.0, 0.0, 1.0, 0.0, 0.0, 0.0, 0.0]"
CREMA-D,1871,1024_DFA_NEU_XX.wav,1024,neutral,neutral,neutral,neutral,1.0000,1,1,"[""angry"", ""disgusted"", ""fearful"", ""happy"", ""neutral"", ""other"", ""sad"", ""surprised"", ""<unk>""]","[0.0, 0.0, 0.0, 0.0, 0.999999, 0.0, 0.0, 0.0, 0.0]"
CREMA-D,1953,1025_DFA_NEU_XX.wav,1025,neutral,neutral,neutral,neutral,1.0000,1,1,"[""angry"", ""disgusted"", ""fearful"", ""happy"", ""neutral"", ""other"", ""sad"", ""surprised"", ""<unk>""]","[0.0, 0.0, 0.0, 0.0, 0.999967, 0.0, 3.2e-05, 0.0, 0.0]"
CREMA-D,2035,1026_DFA_NEU_XX.wav,1026,neutral,neutral,neutral,neutral,1.0000,1,1,"[""angry"", ""disgusted"", ""fearful"", ""happy"", ""neutral"", ""other"", ""sad"", ""surprised"", ""<unk>""]","[0.0, 0.0, 0.0, 0.0, 1.0, 0.0, 0.0, 0.0, 0.0]"
CREMA-D,2117,1027_DFA_NEU_XX.wav,1027,neutral,neutral,neutral,neutral,0.9996,1,1,"[""angry"", ""disgusted"", ""fearful"", ""happy"", ""neutral"", ""other"", ""sad"", ""surprised"", ""<unk>""]","[1.3e-05, 1e-05, 4e-06, 0.0, 0.999568, 0.0, 0.000405, 1e-06, 0.0]"
CREMA-D,2199,1028_DFA_NEU_XX.wav,1028,neutral,neutral,neutral,neutral,1.0000,1,1,"[""angry"", ""disgusted"", ""fearful"", ""happy"", ""neutral"", ""other"", ""sad"", ""surprised"", ""<unk>""]","[0.0, 0.0, 0.0, 0.0, 1.0, 0.0, 0.0, 0.0, 0.0]"
CREMA-D,2281,1029_DFA_NEU_XX.wav,1029,neutral,neutral,neutral,neutral,1.0000,1,1,"[""angry"", ""disgusted"", ""fearful"", ""happy"", ""neutral"", ""other"", ""sad"", ""surprised"", ""<unk>""]","[0.0, 0.0, 0.0, 0.0, 1.0, 0.0, 0.0, 0.0, 0.0]"
CREMA-D,2363,1030_DFA_NEU_XX.wav,1030,neutral,neutral,neutral,neutral,1.0000,1,1,"[""angry"", ""disgusted"", ""fearful"", ""happy"", ""neutral"", ""other"", ""sad"", ""surprised"", ""<unk>""]","[0.0, 0.0, 0.0, 0.0, 1.0, 0.0, 0.0, 0.0, 0.0]"
CREMA-D,2445,1031_DFA_NEU_XX.wav,1031,neutral,neutral,neutral,neutral,1.0000,1,1,"[""angry"", ""disgusted"", ""fearful"", ""happy"", ""neutral"", ""other"", ""sad"", ""surprised"", ""<unk>""]","[0.0, 0.0, 0.0, 0.0, 0.999997, 0.0, 2e-06, 0.0, 0.0]"
CREMA-D,2527,1032_DFA_NEU_XX.wav,1032,neutral,neutral,neutral,neutral,1.0000,1,1,"[""angry"", ""disgusted"", ""fearful"", ""happy"", ""neutral"", ""other"", ""sad"", ""surprised"", ""<unk>""]","[0.0, 0.0, 0.0, 0.0, 1.0, 0.0, 0.0, 0.0, 0.0]"
CREMA-D,2609,1033_DFA_NEU_XX.wav,1033,neutral,neutral,neutral,neutral,1.0000,1,1,"[""angry"", ""disgusted"", ""fearful"", ""happy"", ""neutral"", ""other"", ""sad"", ""surprised"", ""<unk>""]","[0.0, 0.0, 0.0, 0.0, 1.0, 0.0, 0.0, 0.0, 0.0]"
CREMA-D,2691,1034_DFA_NEU_XX.wav,1034,neutral,neutral,neutral,sad,0.9898,1,0,"[""angry"", ""disgusted"", ""fearful"", ""happy"", ""neutral"", ""other"", ""sad"", ""surprised"", ""<unk>""]","[1e-06, 3.7e-05, 3.1e-05, 4e-06, 0.010132, 2e-06, 0.989792, 1e-06, 0.0]"
CREMA-D,2773,1035_DFA_NEU_XX.wav,1035,neutral,neutral,neutral,neutral,1.0000,1,1,"[""angry"", ""disgusted"", ""fearful"", ""happy"", ""neutral"", ""other"", ""sad"", ""surprised"", ""<unk>""]","[0.0, 0.0, 0.0, 0.0, 1.0, 0.0, 0.0, 0.0, 0.0]"
CREMA-D,2855,1036_DFA_NEU_XX.wav,1036,neutral,neutral,neutral,neutral,1.0000,1,1,"[""angry"", ""disgusted"", ""fearful"", ""happy"", ""neutral"", ""other"", ""sad"", ""surprised"", ""<unk>""]","[1e-06, 2e-06, 1e-05, 5e-06, 0.999968, 0.0, 1.3e-05, 1e-06, 0.0]"
CREMA-D,2937,1037_DFA_NEU_XX.wav,1037,neutral,neutral,neutral,neutral,1.0000,1,1,"[""angry"", ""disgusted"", ""fearful"", ""happy"", ""neutral"", ""other"", ""sad"", ""surprised"", ""<unk>""]","[0.0, 0.0, 0.0, 0.0, 1.0, 0.0, 0.0, 0.0, 0.0]"
CREMA-D,3019,1038_DFA_NEU_XX.wav,1038,neutral,neutral,neutral,neutral,1.0000,1,1,"[""angry"", ""disgusted"", ""fearful"", ""happy"", ""neutral"", ""other"", ""sad"", ""surprised"", ""<unk>""]","[0.0, 0.0, 0.0, 0.0, 1.0, 0.0, 0.0, 0.0, 0.0]"
CREMA-D,3101,1039_DFA_NEU_XX.wav,1039,neutral,neutral,neutral,neutral,1.0000,1,1,"[""angry"", ""disgusted"", ""fearful"", ""happy"", ""neutral"", ""other"", ""sad"", ""surprised"", ""<unk>""]","[0.0, 0.0, 1e-06, 0.0, 0.999993, 0.0, 6e-06, 0.0, 0.0]"
CREMA-D,3183,1040_DFA_NEU_XX.wav,1040,neutral,neutral,neutral,neutral,1.0000,1,1,"[""angry"", ""disgusted"", ""fearful"", ""happy"", ""neutral"", ""other"", ""sad"", ""surprised"", ""<unk>""]","[1e-06, 1e-06, 0.0, 0.0, 0.999995, 0.0, 3e-06, 0.0, 0.0]"
CREMA-D,3265,1041_DFA_NEU_XX.wav,1041,neutral,neutral,neutral,neutral,1.0000,1,1,"[""angry"", ""disgusted"", ""fearful"", ""happy"", ""neutral"", ""other"", ""sad"", ""surprised"", ""<unk>""]","[0.0, 1e-06, 1e-06, 0.0, 0.999974, 0.0, 2.4e-05, 0.0, 0.0]"
CREMA-D,3347,1042_DFA_NEU_XX.wav,1042,neutral,neutral,neutral,neutral,0.9999,1,1,"[""angry"", ""disgusted"", ""fearful"", ""happy"", ""neutral"", ""other"", ""sad"", ""surprised"", ""<unk>""]","[2e-06, 2e-06, 0.0, 0.0, 0.99992, 0.0, 7.7e-05, 0.0, 0.0]"
CREMA-D,3429,1043_DFA_NEU_XX.wav,1043,neutral,neutral,neutral,neutral,1.0000,1,1,"[""angry"", ""disgusted"", ""fearful"", ""happy"", ""neutral"", ""other"", ""sad"", ""surprised"", ""<unk>""]","[0.0, 0.0, 0.0, 0.0, 1.0, 0.0, 0.0, 0.0, 0.0]"
CREMA-D,3511,1044_DFA_NEU_XX.wav,1044,neutral,neutral,neutral,angry,0.5954,1,0,"[""angry"", ""disgusted"", ""fearful"", ""happy"", ""neutral"", ""other"", ""sad"", ""surprised"", ""<unk>""]","[0.595372, 0.014459, 0.002941, 5.7e-05, 0.300733, 0.000144, 0.084664, 0.001632, 0.0]"
CREMA-D,3593,1045_DFA_NEU_XX.wav,1045,neutral,neutral,neutral,neutral,1.0000,1,1,"[""angry"", ""disgusted"", ""fearful"", ""happy"", ""neutral"", ""other"", ""sad"", ""surprised"", ""<unk>""]","[0.0, 0.0, 0.0, 0.0, 1.0, 0.0, 0.0, 0.0, 0.0]"
CREMA-D,3675,1046_DFA_NEU_XX.wav,1046,neutral,neutral,neutral,neutral,1.0000,1,1,"[""angry"", ""disgusted"", ""fearful"", ""happy"", ""neutral"", ""other"", ""sad"", ""surprised"", ""<unk>""]","[0.0, 0.0, 0.0, 0.0, 1.0, 0.0, 0.0, 0.0, 0.0]"
CREMA-D,3757,1047_DFA_NEU_XX.wav,1047,neutral,neutral,neutral,neutral,1.0000,1,1,"[""angry"", ""disgusted"", ""fearful"", ""happy"", ""neutral"", ""other"", ""sad"", ""surprised"", ""<unk>""]","[0.0, 0.0, 0.0, 0.0, 1.0, 0.0, 0.0, 0.0, 0.0]"
CREMA-D,3839,1048_DFA_NEU_XX.wav,1048,neutral,neutral,neutral,neutral,1.0000,1,1,"[""angry"", ""disgusted"", ""fearful"", ""happy"", ""neutral"", ""other"", ""sad"", ""surprised"", ""<unk>""]","[0.0, 0.0, 2e-06, 0.0, 0.999966, 0.0, 3.1e-05, 0.0, 0.0]"
CREMA-D,3921,1049_DFA_NEU_XX.wav,1049,neutral,neutral,neutral,neutral,0.9613,1,1,"[""angry"", ""disgusted"", ""fearful"", ""happy"", ""neutral"", ""other"", ""sad"", ""surprised"", ""<unk>""]","[4.1e-05, 0.038603, 1e-06, 1e-06, 0.961336, 4e-06, 1.4e-05, 0.0, 0.0]"
CREMA-D,4003,1050_DFA_NEU_XX.wav,1050,neutral,neutral,neutral,neutral,0.9995,1,1,"[""angry"", ""disgusted"", ""fearful"", ""happy"", ""neutral"", ""other"", ""sad"", ""surprised"", ""<unk>""]","[2e-05, 0.000112, 2.2e-05, 5e-06, 0.999516, 3e-06, 0.000314, 7e-06, 0.0]"
CREMA-D,4085,1051_DFA_NEU_XX.wav,1051,neutral,neutral,neutral,neutral,0.9516,1,1,"[""angry"", ""disgusted"", ""fearful"", ""happy"", ""neutral"", ""other"", ""sad"", ""surprised"", ""<unk>""]","[0.0, 1e-06, 2e-06, 0.0, 0.951562, 0.0, 0.048435, 0.0, 0.0]"
CREMA-D,4167,1052_DFA_NEU_XX.wav,1052,neutral,neutral,neutral,neutral,1.0000,1,1,"[""angry"", ""disgusted"", ""fearful"", ""happy"", ""neutral"", ""other"", ""sad"", ""surprised"", ""<unk>""]","[0.0, 0.0, 0.0, 0.0, 1.0, 0.0, 0.0, 0.0, 0.0]"
CREMA-D,4249,1053_DFA_NEU_XX.wav,1053,neutral,neutral,neutral,neutral,1.0000,1,1,"[""angry"", ""disgusted"", ""fearful"", ""happy"", ""neutral"", ""other"", ""sad"", ""surprised"", ""<unk>""]","[0.0, 0.0, 0.0, 0.0, 1.0, 0.0, 0.0, 0.0, 0.0]"
CREMA-D,4331,1054_DFA_NEU_XX.wav,1054,neutral,neutral,neutral,neutral,1.0000,1,1,"[""angry"", ""disgusted"", ""fearful"", ""happy"", ""neutral"", ""other"", ""sad"", ""surprised"", ""<unk>""]","[0.0, 0.0, 0.0, 0.0, 1.0, 0.0, 0.0, 0.0, 0.0]"
CREMA-D,4413,1055_DFA_NEU_XX.wav,1055,neutral,neutral,neutral,neutral,1.0000,1,1,"[""angry"", ""disgusted"", ""fearful"", ""happy"", ""neutral"", ""other"", ""sad"", ""surprised"", ""<unk>""]","[0.0, 0.0, 0.0, 0.0, 1.0, 0.0, 0.0, 0.0, 0.0]"
CREMA-D,4495,1056_DFA_NEU_XX.wav,1056,neutral,neutral,neutral,neutral,1.0000,1,1,"[""angry"", ""disgusted"", ""fearful"", ""happy"", ""neutral"", ""other"", ""sad"", ""surprised"", ""<unk>""]","[1e-06, 2.5e-05, 0.0, 0.0, 0.999966, 0.0, 8e-06, 0.0, 0.0]"
CREMA-D,4577,1057_DFA_NEU_XX.wav,1057,neutral,neutral,neutral,neutral,1.0000,1,1,"[""angry"", ""disgusted"", ""fearful"", ""happy"", ""neutral"", ""other"", ""sad"", ""surprised"", ""<unk>""]","[1e-06, 2e-06, 5e-06, 1e-06, 0.999963, 0.0, 2.7e-05, 1e-06, 0.0]"
CREMA-D,4659,1058_DFA_NEU_XX.wav,1058,neutral,neutral,neutral,neutral,1.0000,1,1,"[""angry"", ""disgusted"", ""fearful"", ""happy"", ""neutral"", ""other"", ""sad"", ""surprised"", ""<unk>""]","[6e-06, 2e-06, 0.0, 0.0, 0.99999, 0.0, 1e-06, 0.0, 0.0]"
CREMA-D,4741,1059_DFA_NEU_XX.wav,1059,neutral,neutral,neutral,neutral,1.0000,1,1,"[""angry"", ""disgusted"", ""fearful"", ""happy"", ""neutral"", ""other"", ""sad"", ""surprised"", ""<unk>""]","[0.0, 0.0, 0.0, 0.0, 1.0, 0.0, 0.0, 0.0, 0.0]"
CREMA-D,4823,1060_DFA_NEU_XX.wav,1060,neutral,neutral,neutral,neutral,0.7900,1,1,"[""angry"", ""disgusted"", ""fearful"", ""happy"", ""neutral"", ""other"", ""sad"", ""surprised"", ""<unk>""]","[0.000491, 0.20073, 0.000291, 0.000122, 0.789981, 0.000144, 0.007814, 0.000365, 6.2e-05]"
CREMA-D,4905,1061_DFA_NEU_XX.wav,1061,neutral,neutral,neutral,neutral,1.0000,1,1,"[""angry"", ""disgusted"", ""fearful"", ""happy"", ""neutral"", ""other"", ""sad"", ""surprised"", ""<unk>""]","[4e-06, 2.6e-05, 0.0, 1e-06, 0.999968, 0.0, 1e-06, 0.0, 0.0]"
CREMA-D,4987,1062_DFA_NEU_XX.wav,1062,neutral,neutral,neutral,neutral,1.0000,1,1,"[""angry"", ""disgusted"", ""fearful"", ""happy"", ""neutral"", ""other"", ""sad"", ""surprised"", ""<unk>""]","[0.0, 0.0, 0.0, 0.0, 0.999999, 0.0, 1e-06, 0.0, 0.0]"
CREMA-D,5069,1063_DFA_NEU_XX.wav,1063,neutral,neutral,neutral,neutral,1.0000,1,1,"[""angry"", ""disgusted"", ""fearful"", ""happy"", ""neutral"", ""other"", ""sad"", ""surprised"", ""<unk>""]","[0.0, 0.0, 0.0, 0.0, 1.0, 0.0, 0.0, 0.0, 0.0]"
CREMA-D,5151,1064_DFA_NEU_XX.wav,1064,neutral,neutral,neutral,neutral,1.0000,1,1,"[""angry"", ""disgusted"", ""fearful"", ""happy"", ""neutral"", ""other"", ""sad"", ""surprised"", ""<unk>""]","[0.0, 0.0, 0.0, 0.0, 0.999998, 0.0, 1e-06, 0.0, 0.0]"
CREMA-D,5233,1065_DFA_NEU_XX.wav,1065,neutral,neutral,neutral,neutral,1.0000,1,1,"[""angry"", ""disgusted"", ""fearful"", ""happy"", ""neutral"", ""other"", ""sad"", ""surprised"", ""<unk>""]","[0.0, 0.0, 0.0, 0.0, 1.0, 0.0, 0.0, 0.0, 0.0]"
CREMA-D,5315,1066_DFA_NEU_XX.wav,1066,neutral,neutral,neutral,neutral,1.0000,1,1,"[""angry"", ""disgusted"", ""fearful"", ""happy"", ""neutral"", ""other"", ""sad"", ""surprised"", ""<unk>""]","[0.0, 0.0, 0.0, 0.0, 0.999989, 0.0, 1e-05, 0.0, 0.0]"
CREMA-D,5397,1067_DFA_NEU_XX.wav,1067,neutral,neutral,neutral,neutral,0.8421,1,1,"[""angry"", ""disgusted"", ""fearful"", ""happy"", ""neutral"", ""other"", ""sad"", ""surprised"", ""<unk>""]","[0.000235, 0.000967, 0.052632, 0.003374, 0.842128, 0.000652, 0.098811, 0.001021, 0.000179]"
CREMA-D,5479,1068_DFA_NEU_XX.wav,1068,neutral,neutral,neutral,neutral,1.0000,1,1,"[""angry"", ""disgusted"", ""fearful"", ""happy"", ""neutral"", ""other"", ""sad"", ""surprised"", ""<unk>""]","[0.0, 0.0, 0.0, 0.0, 1.0, 0.0, 0.0, 0.0, 0.0]"
CREMA-D,5561,1069_DFA_NEU_XX.wav,1069,neutral,neutral,neutral,neutral,0.9797,1,1,"[""angry"", ""disgusted"", ""fearful"", ""happy"", ""neutral"", ""other"", ""sad"", ""surprised"", ""<unk>""]","[0.020132, 4.7e-05, 2e-05, 4.1e-05, 0.979661, 0.0, 5.9e-05, 4e-05, 0.0]"
CREMA-D,5643,1070_DFA_NEU_XX.wav,1070,neutral,neutral,neutral,neutral,0.9997,1,1,"[""angry"", ""disgusted"", ""fearful"", ""happy"", ""neutral"", ""other"", ""sad"", ""surprised"", ""<unk>""]","[5e-06, 1.5e-05, 1e-06, 1e-06, 0.999676, 0.0, 0.000301, 1e-06, 0.0]"
CREMA-D,5725,1071_DFA_NEU_XX.wav,1071,neutral,neutral,neutral,neutral,1.0000,1,1,"[""angry"", ""disgusted"", ""fearful"", ""happy"", ""neutral"", ""other"", ""sad"", ""surprised"", ""<unk>""]","[0.0, 0.0, 0.0, 0.0, 1.0, 0.0, 0.0, 0.0, 0.0]"
CREMA-D,5807,1072_DFA_NEU_XX.wav,1072,neutral,neutral,neutral,neutral,1.0000,1,1,"[""angry"", ""disgusted"", ""fearful"", ""happy"", ""neutral"", ""other"", ""sad"", ""surprised"", ""<unk>""]","[0.0, 0.0, 0.0, 0.0, 1.0, 0.0, 0.0, 0.0, 0.0]"
CREMA-D,5889,1073_DFA_NEU_XX.wav,1073,neutral,neutral,neutral,neutral,0.9984,1,1,"[""angry"", ""disgusted"", ""fearful"", ""happy"", ""neutral"", ""other"", ""sad"", ""surprised"", ""<unk>""]","[1.9e-05, 4e-05, 0.000286, 8e-06, 0.99836, 2e-06, 0.00126, 2.4e-05, 0.0]"
CREMA-D,5971,1074_DFA_NEU_XX.wav,1074,neutral,neutral,neutral,neutral,1.0000,1,1,"[""angry"", ""disgusted"", ""fearful"", ""happy"", ""neutral"", ""other"", ""sad"", ""surprised"", ""<unk>""]","[0.0, 0.0, 0.0, 0.0, 1.0, 0.0, 0.0, 0.0, 0.0]"
CREMA-D,6053,1075_DFA_NEU_XX.wav,1075,neutral,neutral,neutral,neutral,1.0000,1,1,"[""angry"", ""disgusted"", ""fearful"", ""happy"", ""neutral"", ""other"", ""sad"", ""surprised"", ""<unk>""]","[0.0, 0.0, 0.0, 0.0, 1.0, 0.0, 0.0, 0.0, 0.0]"
CREMA-D,6135,1076_DFA_NEU_XX.wav,1076,neutral,neutral,neutral,neutral,1.0000,1,1,"[""angry"", ""disgusted"", ""fearful"", ""happy"", ""neutral"", ""other"", ""sad"", ""surprised"", ""<unk>""]","[0.0, 0.0, 0.0, 0.0, 1.0, 0.0, 0.0, 0.0, 0.0]"
CREMA-D,6216,1077_DFA_NEU_XX.wav,1077,neutral,neutral,neutral,neutral,0.9999,1,1,"[""angry"", ""disgusted"", ""fearful"", ""happy"", ""neutral"", ""other"", ""sad"", ""surprised"", ""<unk>""]","[0.000133, 5e-06, 0.0, 2e-06, 0.999858, 0.0, 1e-06, 0.0, 0.0]"
CREMA-D,6298,1078_DFA_NEU_XX.wav,1078,neutral,neutral,neutral,neutral,1.0000,1,1,"[""angry"", ""disgusted"", ""fearful"", ""happy"", ""neutral"", ""other"", ""sad"", ""surprised"", ""<unk>""]","[0.0, 0.0, 0.0, 0.0, 0.999999, 0.0, 1e-06, 0.0, 0.0]"
CREMA-D,6380,1079_DFA_NEU_XX.wav,1079,neutral,neutral,neutral,neutral,1.0000,1,1,"[""angry"", ""disgusted"", ""fearful"", ""happy"", ""neutral"", ""other"", ""sad"", ""surprised"", ""<unk>""]","[0.0, 0.0, 0.0, 0.0, 1.0, 0.0, 0.0, 0.0, 0.0]"
CREMA-D,6462,1080_DFA_NEU_XX.wav,1080,neutral,neutral,neutral,neutral,1.0000,1,1,"[""angry"", ""disgusted"", ""fearful"", ""happy"", ""neutral"", ""other"", ""sad"", ""surprised"", ""<unk>""]","[0.0, 0.0, 0.0, 0.0, 1.0, 0.0, 0.0, 0.0, 0.0]"
CREMA-D,6544,1081_DFA_NEU_XX.wav,1081,neutral,neutral,neutral,neutral,0.9955,1,1,"[""angry"", ""disgusted"", ""fearful"", ""happy"", ""neutral"", ""other"", ""sad"", ""surprised"", ""<unk>""]","[8e-06, 0.000223, 6.3e-05, 1.3e-05, 0.995453, 2e-06, 0.004224, 1.5e-05, 0.0]"
CREMA-D,6626,1082_DFA_NEU_XX.wav,1082,neutral,neutral,neutral,neutral,1.0000,1,1,"[""angry"", ""disgusted"", ""fearful"", ""happy"", ""neutral"", ""other"", ""sad"", ""surprised"", ""<unk>""]","[0.0, 0.0, 0.0, 0.0, 1.0, 0.0, 0.0, 0.0, 0.0]"
CREMA-D,6708,1083_DFA_NEU_XX.wav,1083,neutral,neutral,neutral,neutral,1.0000,1,1,"[""angry"", ""disgusted"", ""fearful"", ""happy"", ""neutral"", ""other"", ""sad"", ""surprised"", ""<unk>""]","[0.0, 0.0, 1e-06, 0.0, 0.999997, 0.0, 1e-06, 0.0, 0.0]"
CREMA-D,6790,1084_DFA_NEU_XX.wav,1084,neutral,neutral,neutral,neutral,1.0000,1,1,"[""angry"", ""disgusted"", ""fearful"", ""happy"", ""neutral"", ""other"", ""sad"", ""surprised"", ""<unk>""]","[0.0, 0.0, 0.0, 0.0, 0.999999, 0.0, 1e-06, 0.0, 0.0]"
CREMA-D,6872,1085_DFA_NEU_XX.wav,1085,neutral,neutral,neutral,neutral,1.0000,1,1,"[""angry"", ""disgusted"", ""fearful"", ""happy"", ""neutral"", ""other"", ""sad"", ""surprised"", ""<unk>""]","[0.0, 0.0, 0.0, 0.0, 1.0, 0.0, 0.0, 0.0, 0.0]"
CREMA-D,6954,1086_DFA_NEU_XX.wav,1086,neutral,neutral,neutral,neutral,1.0000,1,1,"[""angry"", ""disgusted"", ""fearful"", ""happy"", ""neutral"", ""other"", ""sad"", ""surprised"", ""<unk>""]","[0.0, 0.0, 0.0, 0.0, 1.0, 0.0, 0.0, 0.0, 0.0]"
CREMA-D,7036,1087_DFA_NEU_XX.wav,1087,neutral,neutral,neutral,sad,0.9991,1,0,"[""angry"", ""disgusted"", ""fearful"", ""happy"", ""neutral"", ""other"", ""sad"", ""surprised"", ""<unk>""]","[3e-06, 0.000261, 0.000149, 2e-06, 0.000457, 1e-05, 0.999114, 5e-06, 0.0]"
CREMA-D,7118,1088_DFA_NEU_XX.wav,1088,neutral,neutral,neutral,neutral,1.0000,1,1,"[""angry"", ""disgusted"", ""fearful"", ""happy"", ""neutral"", ""other"", ""sad"", ""surprised"", ""<unk>""]","[0.0, 0.0, 0.0, 0.0, 1.0, 0.0, 0.0, 0.0, 0.0]"
CREMA-D,7200,1089_DFA_NEU_XX.wav,1089,neutral,neutral,neutral,neutral,1.0000,1,1,"[""angry"", ""disgusted"", ""fearful"", ""happy"", ""neutral"", ""other"", ""sad"", ""surprised"", ""<unk>""]","[0.0, 0.0, 0.0, 0.0, 1.0, 0.0, 0.0, 0.0, 0.0]"
CREMA-D,7282,1090_DFA_NEU_XX.wav,1090,neutral,neutral,neutral,neutral,1.0000,1,1,"[""angry"", ""disgusted"", ""fearful"", ""happy"", ""neutral"", ""other"", ""sad"", ""surprised"", ""<unk>""]","[0.0, 1e-06, 9e-06, 3e-06, 0.999972, 0.0, 1.4e-05, 1e-06, 0.0]"
CREMA-D,7364,1091_DFA_NEU_XX.wav,1091,neutral,neutral,neutral,neutral,1.0000,1,1,"[""angry"", ""disgusted"", ""fearful"", ""happy"", ""neutral"", ""other"", ""sad"", ""surprised"", ""<unk>""]","[0.0, 0.0, 2e-06, 0.0, 0.999997, 0.0, 1e-06, 0.0, 0.0]"
CREMA-D,5,1001_DFA_SAD_XX.wav,1001,sad,sad,sad,disgusted,0.8029,1,0,"[""angry"", ""disgusted"", ""fearful"", ""happy"", ""neutral"", ""other"", ""sad"", ""surprised"", ""<unk>""]","[0.004758, 0.80291, 0.067012, 0.000385, 0.030608, 0.002783, 0.083702, 0.006431, 0.001411]"
CREMA-D,87,1002_DFA_SAD_XX.wav,1002,sad,sad,sad,sad,1.0000,1,1,"[""angry"", ""disgusted"", ""fearful"", ""happy"", ""neutral"", ""other"", ""sad"", ""surprised"", ""<unk>""]","[0.0, 0.0, 0.0, 0.0, 0.0, 0.0, 1.0, 0.0, 0.0]"
CREMA-D,168,1003_DFA_SAD_XX.wav,1003,sad,sad,sad,sad,1.0000,1,1,"[""angry"", ""disgusted"", ""fearful"", ""happy"", ""neutral"", ""other"", ""sad"", ""surprised"", ""<unk>""]","[0.0, 0.0, 0.0, 0.0, 0.0, 0.0, 1.0, 0.0, 0.0]"
CREMA-D,250,1004_DFA_SAD_XX.wav,1004,sad,sad,sad,sad,1.0000,1,1,"[""angry"", ""disgusted"", ""fearful"", ""happy"", ""neutral"", ""other"", ""sad"", ""surprised"", ""<unk>""]","[0.0, 1e-06, 4e-05, 0.0, 0.0, 0.0, 0.999959, 0.0, 0.0]"
CREMA-D,332,1005_DFA_SAD_XX.wav,1005,sad,sad,sad,sad,0.9123,1,1,"[""angry"", ""disgusted"", ""fearful"", ""happy"", ""neutral"", ""other"", ""sad"", ""surprised"", ""<unk>""]","[8e-06, 8e-05, 7.4e-05, 3e-06, 0.087507, 1e-06, 0.912324, 3e-06, 0.0]"
CREMA-D,414,1006_DFA_SAD_XX.wav,1006,sad,sad,sad,sad,0.9959,1,1,"[""angry"", ""disgusted"", ""fearful"", ""happy"", ""neutral"", ""other"", ""sad"", ""surprised"", ""<unk>""]","[0.0, 0.003503, 0.000582, 0.0, 0.0, 7e-06, 0.995906, 0.0, 0.0]"
CREMA-D,496,1007_DFA_SAD_XX.wav,1007,sad,sad,sad,sad,1.0000,1,1,"[""angry"", ""disgusted"", ""fearful"", ""happy"", ""neutral"", ""other"", ""sad"", ""surprised"", ""<unk>""]","[0.0, 0.0, 0.0, 0.0, 0.0, 0.0, 1.0, 0.0, 0.0]"
CREMA-D,578,1008_DFA_SAD_XX.wav,1008,sad,sad,sad,sad,0.9990,1,1,"[""angry"", ""disgusted"", ""fearful"", ""happy"", ""neutral"", ""other"", ""sad"", ""surprised"", ""<unk>""]","[0.0, 0.001032, 6e-06, 0.0, 2e-06, 2e-06, 0.998957, 0.0, 0.0]"
CREMA-D,654,1009_DFA_SAD_XX.wav,1009,sad,sad,sad,sad,1.0000,1,1,"[""angry"", ""disgusted"", ""fearful"", ""happy"", ""neutral"", ""other"", ""sad"", ""surprised"", ""<unk>""]","[0.0, 2e-06, 6e-06, 0.0, 0.0, 0.0, 0.999991, 0.0, 0.0]"
CREMA-D,730,1010_DFA_SAD_XX.wav,1010,sad,sad,sad,sad,0.9995,1,1,"[""angry"", ""disgusted"", ""fearful"", ""happy"", ""neutral"", ""other"", ""sad"", ""surprised"", ""<unk>""]","[0.0, 4e-06, 0.000417, 0.0, 4.5e-05, 0.0, 0.999534, 0.0, 0.0]"
CREMA-D,812,1011_DFA_SAD_XX.wav,1011,sad,sad,sad,sad,0.9999,1,1,"[""angry"", ""disgusted"", ""fearful"", ""happy"", ""neutral"", ""other"", ""sad"", ""surprised"", ""<unk>""]","[0.0, 1.2e-05, 1e-05, 0.0, 0.000113, 0.0, 0.999864, 0.0, 0.0]"
CREMA-D,894,1012_DFA_SAD_XX.wav,1012,sad,sad,sad,sad,1.0000,1,1,"[""angry"", ""disgusted"", ""fearful"", ""happy"", ""neutral"", ""other"", ""sad"", ""surprised"", ""<unk>""]","[0.0, 0.0, 0.0, 0.0, 0.0, 0.0, 1.0, 0.0, 0.0]"
CREMA-D,976,1013_DFA_SAD_XX.wav,1013,sad,sad,sad,sad,0.9891,1,1,"[""angry"", ""disgusted"", ""fearful"", ""happy"", ""neutral"", ""other"", ""sad"", ""surprised"", ""<unk>""]","[1e-06, 8e-05, 0.010659, 4e-06, 6.4e-05, 4.2e-05, 0.989146, 3e-06, 1e-06]"
CREMA-D,1058,1014_DFA_SAD_XX.wav,1014,sad,sad,sad,disgusted,0.9745,1,0,"[""angry"", ""disgusted"", ""fearful"", ""happy"", ""neutral"", ""other"", ""sad"", ""surprised"", ""<unk>""]","[1e-06, 0.974516, 7.2e-05, 1e-06, 1e-06, 1e-05, 0.025399, 1e-06, 0.0]"
CREMA-D,1140,1015_DFA_SAD_XX.wav,1015,sad,sad,sad,fearful,0.9799,1,0,"[""angry"", ""disgusted"", ""fearful"", ""happy"", ""neutral"", ""other"", ""sad"", ""surprised"", ""<unk>""]","[0.0, 5e-06, 0.979918, 1e-06, 3e-06, 1.9e-05, 0.020055, 0.0, 0.0]"
CREMA-D,1222,1016_DFA_SAD_XX.wav,1016,sad,sad,sad,sad,0.9944,1,1,"[""angry"", ""disgusted"", ""fearful"", ""happy"", ""neutral"", ""other"", ""sad"", ""surprised"", ""<unk>""]","[7.5e-05, 0.000619, 0.002133, 5.3e-05, 0.002497, 1.4e-05, 0.994369, 0.00024, 0.0]"
CREMA-D,1304,1017_DFA_SAD_XX.wav,1017,sad,sad,sad,sad,0.9726,1,1,"[""angry"", ""disgusted"", ""fearful"", ""happy"", ""neutral"", ""other"", ""sad"", ""surprised"", ""<unk>""]","[0.0, 2e-06, 1.6e-05, 0.0, 0.027337, 0.0, 0.972645, 0.0, 0.0]"
CREMA-D,1386,1018_DFA_SAD_XX.wav,1018,sad,sad,sad,sad,1.0000,1,1,"[""angry"", ""disgusted"", ""fearful"", ""happy"", ""neutral"", ""other"", ""sad"", ""surprised"", ""<unk>""]","[0.0, 1e-06, 7e-06, 0.0, 7e-06, 0.0, 0.999985, 0.0, 0.0]"
CREMA-D,1468,1019_DFA_SAD_XX.wav,1019,sad,sad,sad,sad,1.0000,1,1,"[""angry"", ""disgusted"", ""fearful"", ""happy"", ""neutral"", ""other"", ""sad"", ""surprised"", ""<unk>""]","[0.0, 0.0, 0.0, 0.0, 0.0, 0.0, 1.0, 0.0, 0.0]"
CREMA-D,1544,1020_DFA_SAD_XX.wav,1020,sad,sad,sad,sad,1.0000,1,1,"[""angry"", ""disgusted"", ""fearful"", ""happy"", ""neutral"", ""other"", ""sad"", ""surprised"", ""<unk>""]","[0.0, 0.0, 0.0, 0.0, 0.0, 0.0, 1.0, 0.0, 0.0]"
CREMA-D,1626,1021_DFA_SAD_XX.wav,1021,sad,sad,sad,sad,1.0000,1,1,"[""angry"", ""disgusted"", ""fearful"", ""happy"", ""neutral"", ""other"", ""sad"", ""surprised"", ""<unk>""]","[0.0, 1e-06, 1e-06, 0.0, 3.5e-05, 0.0, 0.999962, 0.0, 0.0]"
CREMA-D,1708,1022_DFA_SAD_XX.wav,1022,sad,sad,sad,sad,1.0000,1,1,"[""angry"", ""disgusted"", ""fearful"", ""happy"", ""neutral"", ""other"", ""sad"", ""surprised"", ""<unk>""]","[0.0, 0.0, 0.0, 0.0, 0.0, 0.0, 1.0, 0.0, 0.0]"
CREMA-D,1790,1023_DFA_SAD_XX.wav,1023,sad,sad,sad,sad,1.0000,1,1,"[""angry"", ""disgusted"", ""fearful"", ""happy"", ""neutral"", ""other"", ""sad"", ""surprised"", ""<unk>""]","[0.0, 0.0, 0.0, 0.0, 0.0, 0.0, 1.0, 0.0, 0.0]"
CREMA-D,1872,1024_DFA_SAD_XX.wav,1024,sad,sad,sad,sad,0.9999,1,1,"[""angry"", ""disgusted"", ""fearful"", ""happy"", ""neutral"", ""other"", ""sad"", ""surprised"", ""<unk>""]","[0.0, 4e-06, 0.000103, 0.0, 1e-06, 0.0, 0.999891, 0.0, 0.0]"
CREMA-D,1954,1025_DFA_SAD_XX.wav,1025,sad,sad,sad,sad,0.9992,1,1,"[""angry"", ""disgusted"", ""fearful"", ""happy"", ""neutral"", ""other"", ""sad"", ""surprised"", ""<unk>""]","[0.0, 0.000775, 3.3e-05, 0.0, 0.0, 1e-06, 0.99919, 0.0, 0.0]"
CREMA-D,2036,1026_DFA_SAD_XX.wav,1026,sad,sad,sad,sad,1.0000,1,1,"[""angry"", ""disgusted"", ""fearful"", ""happy"", ""neutral"", ""other"", ""sad"", ""surprised"", ""<unk>""]","[0.0, 0.0, 0.0, 0.0, 3.2e-05, 0.0, 0.999968, 0.0, 0.0]"
CREMA-D,2118,1027_DFA_SAD_XX.wav,1027,sad,sad,sad,sad,1.0000,1,1,"[""angry"", ""disgusted"", ""fearful"", ""happy"", ""neutral"", ""other"", ""sad"", ""surprised"", ""<unk>""]","[0.0, 0.0, 0.0, 0.0, 0.0, 0.0, 1.0, 0.0, 0.0]"
CREMA-D,2200,1028_DFA_SAD_XX.wav,1028,sad,sad,sad,sad,1.0000,1,1,"[""angry"", ""disgusted"", ""fearful"", ""happy"", ""neutral"", ""other"", ""sad"", ""surprised"", ""<unk>""]","[0.0, 2e-06, 3.4e-05, 7e-06, 0.0, 0.0, 0.999957, 0.0, 0.0]"
CREMA-D,2282,1029_DFA_SAD_XX.wav,1029,sad,sad,sad,fearful,0.8591,1,0,"[""angry"", ""disgusted"", ""fearful"", ""happy"", ""neutral"", ""other"", ""sad"", ""surprised"", ""<unk>""]","[0.0, 1.3e-05, 0.859102, 0.138837, 0.0, 3e-06, 0.001995, 5.1e-05, 0.0]"
CREMA-D,2364,1030_DFA_SAD_XX.wav,1030,sad,sad,sad,sad,0.9934,1,1,"[""angry"", ""disgusted"", ""fearful"", ""happy"", ""neutral"", ""other"", ""sad"", ""surprised"", ""<unk>""]","[1e-06, 0.000336, 0.006257, 1e-06, 2.3e-05, 1.2e-05, 0.993366, 4e-06, 0.0]"
CREMA-D,2446,1031_DFA_SAD_XX.wav,1031,sad,sad,sad,sad,1.0000,1,1,"[""angry"", ""disgusted"", ""fearful"", ""happy"", ""neutral"", ""other"", ""sad"", ""surprised"", ""<unk>""]","[0.0, 0.0, 1e-06, 0.0, 0.0, 0.0, 0.999999, 0.0, 0.0]"
CREMA-D,2528,1032_DFA_SAD_XX.wav,1032,sad,sad,sad,sad,0.9998,1,1,"[""angry"", ""disgusted"", ""fearful"", ""happy"", ""neutral"", ""other"", ""sad"", ""surprised"", ""<unk>""]","[0.0, 4e-06, 0.000201, 0.0, 0.0, 0.0, 0.999794, 0.0, 0.0]"
CREMA-D,2610,1033_DFA_SAD_XX.wav,1033,sad,sad,sad,sad,0.8127,1,1,"[""angry"", ""disgusted"", ""fearful"", ""happy"", ""neutral"", ""other"", ""sad"", ""surprised"", ""<unk>""]","[1e-06, 0.186902, 0.000331, 1e-06, 6e-06, 2.1e-05, 0.812737, 1e-06, 0.0]"
CREMA-D,2692,1034_DFA_SAD_XX.wav,1034,sad,sad,sad,sad,0.6691,1,1,"[""angry"", ""disgusted"", ""fearful"", ""happy"", ""neutral"", ""other"", ""sad"", ""surprised"", ""<unk>""]","[0.0, 0.330836, 9.1e-05, 1e-06, 0.0, 7e-06, 0.669064, 0.0, 0.0]"
CREMA-D,2774,1035_DFA_SAD_XX.wav,1035,sad,sad,sad,disgusted,0.7199,1,0,"[""angry"", ""disgusted"", ""fearful"", ""happy"", ""neutral"", ""other"", ""sad"", ""surprised"", ""<unk>""]","[7e-06, 0.719873, 0.028799, 0.000864, 1.1e-05, 0.000294, 0.249897, 0.000252, 5e-06]"
CREMA-D,2856,1036_DFA_SAD_XX.wav,1036,sad,sad,sad,sad,1.0000,1,1,"[""angry"", ""disgusted"", ""fearful"", ""happy"", ""neutral"", ""other"", ""sad"", ""surprised"", ""<unk>""]","[0.0, 0.0, 0.0, 0.0, 0.0, 0.0, 1.0, 0.0, 0.0]"
CREMA-D,2938,1037_DFA_SAD_XX.wav,1037,sad,sad,sad,sad,1.0000,1,1,"[""angry"", ""disgusted"", ""fearful"", ""happy"", ""neutral"", ""other"", ""sad"", ""surprised"", ""<unk>""]","[0.0, 1e-06, 0.0, 0.0, 0.0, 0.0, 0.999999, 0.0, 0.0]"
CREMA-D,3020,1038_DFA_SAD_XX.wav,1038,sad,sad,sad,sad,1.0000,1,1,"[""angry"", ""disgusted"", ""fearful"", ""happy"", ""neutral"", ""other"", ""sad"", ""surprised"", ""<unk>""]","[0.0, 1e-06, 3e-06, 0.0, 0.0, 0.0, 0.999996, 0.0, 0.0]"
CREMA-D,3102,1039_DFA_SAD_XX.wav,1039,sad,sad,sad,sad,1.0000,1,1,"[""angry"", ""disgusted"", ""fearful"", ""happy"", ""neutral"", ""other"", ""sad"", ""surprised"", ""<unk>""]","[0.0, 0.0, 0.0, 0.0, 0.0, 0.0, 1.0, 0.0, 0.0]"
CREMA-D,3184,1040_DFA_SAD_XX.wav,1040,sad,sad,sad,sad,0.7246,1,1,"[""angry"", ""disgusted"", ""fearful"", ""happy"", ""neutral"", ""other"", ""sad"", ""surprised"", ""<unk>""]","[0.0, 5.7e-05, 0.275383, 1e-06, 1e-06, 1e-06, 0.724554, 3e-06, 0.0]"
CREMA-D,3266,1041_DFA_SAD_XX.wav,1041,sad,sad,sad,sad,1.0000,1,1,"[""angry"", ""disgusted"", ""fearful"", ""happy"", ""neutral"", ""other"", ""sad"", ""surprised"", ""<unk>""]","[0.0, 0.0, 1e-05, 0.0, 1e-06, 0.0, 0.999989, 0.0, 0.0]"
CREMA-D,3348,1042_DFA_SAD_XX.wav,1042,sad,sad,sad,disgusted,0.6415,1,0,"[""angry"", ""disgusted"", ""fearful"", ""happy"", ""neutral"", ""other"", ""sad"", ""surprised"", ""<unk>""]","[0.012116, 0.641516, 7.3e-05, 3e-06, 0.269466, 4.2e-05, 0.076579, 0.000203, 0.0]"
CREMA-D,3430,1043_DFA_SAD_XX.wav,1043,sad,sad,sad,sad,1.0000,1,1,"[""angry"", ""disgusted"", ""fearful"", ""happy"", ""neutral"", ""other"", ""sad"", ""surprised"", ""<unk>""]","[0.0, 0.0, 0.0, 0.0, 0.0, 0.0, 0.999999, 0.0, 0.0]"
CREMA-D,3512,1044_DFA_SAD_XX.wav,1044,sad,sad,sad,sad,0.9983,1,1,"[""angry"", ""disgusted"", ""fearful"", ""happy"", ""neutral"", ""other"", ""sad"", ""surprised"", ""<unk>""]","[0.0, 8.4e-05, 0.001616, 0.0, 1e-06, 1e-06, 0.998298, 0.0, 0.0]"
CREMA-D,3594,1045_DFA_SAD_XX.wav,1045,sad,sad,sad,sad,1.0000,1,1,"[""angry"", ""disgusted"", ""fearful"", ""happy"", ""neutral"", ""other"", ""sad"", ""surprised"", ""<unk>""]","[0.0, 0.0, 0.0, 0.0, 0.0, 0.0, 1.0, 0.0, 0.0]"
CREMA-D,3676,1046_DFA_SAD_XX.wav,1046,sad,sad,sad,sad,0.9990,1,1,"[""angry"", ""disgusted"", ""fearful"", ""happy"", ""neutral"", ""other"", ""sad"", ""surprised"", ""<unk>""]","[0.0, 0.000417, 0.000593, 0.0, 1e-06, 4e-06, 0.998984, 0.0, 0.0]"
CREMA-D,3758,1047_DFA_SAD_XX.wav,1047,sad,sad,sad,sad,1.0000,1,1,"[""angry"", ""disgusted"", ""fearful"", ""happy"", ""neutral"", ""other"", ""sad"", ""surprised"", ""<unk>""]","[0.0, 0.0, 0.0, 0.0, 0.0, 0.0, 1.0, 0.0, 0.0]"
CREMA-D,3840,1048_DFA_SAD_XX.wav,1048,sad,sad,sad,sad,0.9670,1,1,"[""angry"", ""disgusted"", ""fearful"", ""happy"", ""neutral"", ""other"", ""sad"", ""surprised"", ""<unk>""]","[3e-06, 2.7e-05, 0.000369, 2e-06, 0.032597, 3e-06, 0.966997, 2e-06, 0.0]"
CREMA-D,3922,1049_DFA_SAD_XX.wav,1049,sad,sad,sad,sad,1.0000,1,1,"[""angry"", ""disgusted"", ""fearful"", ""happy"", ""neutral"", ""other"", ""sad"", ""surprised"", ""<unk>""]","[0.0, 0.0, 0.0, 0.0, 0.0, 0.0, 1.0, 0.0, 0.0]"
CREMA-D,4004,1050_DFA_SAD_XX.wav,1050,sad,sad,sad,sad,1.0000,1,1,"[""angry"", ""disgusted"", ""fearful"", ""happy"", ""neutral"", ""other"", ""sad"", ""surprised"", ""<unk>""]","[0.0, 0.0, 0.0, 0.0, 0.0, 0.0, 1.0, 0.0, 0.0]"
CREMA-D,4086,1051_DFA_SAD_XX.wav,1051,sad,sad,sad,sad,0.9941,1,1,"[""angry"", ""disgusted"", ""fearful"", ""happy"", ""neutral"", ""other"", ""sad"", ""surprised"", ""<unk>""]","[1e-06, 2e-05, 0.000104, 2e-06, 0.005766, 1e-06, 0.994103, 1e-06, 0.0]"
CREMA-D,4168,1052_DFA_SAD_XX.wav,1052,sad,sad,sad,sad,0.9999,1,1,"[""angry"", ""disgusted"", ""fearful"", ""happy"", ""neutral"", ""other"", ""sad"", ""surprised"", ""<unk>""]","[0.0, 8e-06, 8e-06, 0.0, 3.7e-05, 0.0, 0.999945, 0.0, 0.0]"
CREMA-D,4250,1053_DFA_SAD_XX.wav,1053,sad,sad,sad,sad,0.9999,1,1,"[""angry"", ""disgusted"", ""fearful"", ""happy"", ""neutral"", ""other"", ""sad"", ""surprised"", ""<unk>""]","[0.0, 4e-06, 6.2e-05, 0.0, 0.0, 0.0, 0.999934, 0.0, 0.0]"
CREMA-D,4332,1054_DFA_SAD_XX.wav,1054,sad,sad,sad,sad,1.0000,1,1,"[""angry"", ""disgusted"", ""fearful"", ""happy"", ""neutral"", ""other"", ""sad"", ""surprised"", ""<unk>""]","[0.0, 0.0, 0.0, 0.0, 0.0, 0.0, 1.0, 0.0, 0.0]"
CREMA-D,4414,1055_DFA_SAD_XX.wav,1055,sad,sad,sad,sad,1.0000,1,1,"[""angry"", ""disgusted"", ""fearful"", ""happy"", ""neutral"", ""other"", ""sad"", ""surprised"", ""<unk>""]","[0.0, 0.0, 0.0, 0.0, 0.0, 0.0, 1.0, 0.0, 0.0]"
CREMA-D,4496,1056_DFA_SAD_XX.wav,1056,sad,sad,sad,sad,1.0000,1,1,"[""angry"", ""disgusted"", ""fearful"", ""happy"", ""neutral"", ""other"", ""sad"", ""surprised"", ""<unk>""]","[0.0, 4e-06, 6e-06, 0.0, 1e-06, 0.0, 0.999989, 0.0, 0.0]"
CREMA-D,4578,1057_DFA_SAD_XX.wav,1057,sad,sad,sad,sad,0.7833,1,1,"[""angry"", ""disgusted"", ""fearful"", ""happy"", ""neutral"", ""other"", ""sad"", ""surprised"", ""<unk>""]","[1.1e-05, 0.000451, 0.21423, 0.000141, 0.000611, 0.001256, 0.783271, 2.4e-05, 4e-06]"
CREMA-D,4660,1058_DFA_SAD_XX.wav,1058,sad,sad,sad,sad,0.9998,1,1,"[""angry"", ""disgusted"", ""fearful"", ""happy"", ""neutral"", ""other"", ""sad"", ""surprised"", ""<unk>""]","[0.0, 0.00023, 1.4e-05, 0.0, 0.0, 0.0, 0.999755, 0.0, 0.0]"
CREMA-D,4742,1059_DFA_SAD_XX.wav,1059,sad,sad,sad,sad,0.9997,1,1,"[""angry"", ""disgusted"", ""fearful"", ""happy"", ""neutral"", ""other"", ""sad"", ""surprised"", ""<unk>""]","[0.0, 0.000249, 1e-06, 0.0, 0.0, 0.0, 0.999749, 0.0, 0.0]"
CREMA-D,4824,1060_DFA_SAD_XX.wav,1060,sad,sad,sad,sad,0.9987,1,1,"[""angry"", ""disgusted"", ""fearful"", ""happy"", ""neutral"", ""other"", ""sad"", ""surprised"", ""<unk>""]","[2e-06, 0.000422, 0.000785, 4e-06, 7.3e-05, 1.7e-05, 0.998691, 6e-06, 0.0]"
CREMA-D,4906,1061_DFA_SAD_XX.wav,1061,sad,sad,sad,sad,1.0000,1,1,"[""angry"", ""disgusted"", ""fearful"", ""happy"", ""neutral"", ""other"", ""sad"", ""surprised"", ""<unk>""]","[0.0, 5e-06, 2.2e-05, 0.0, 1.1e-05, 0.0, 0.999962, 0.0, 0.0]"
CREMA-D,4988,1062_DFA_SAD_XX.wav,1062,sad,sad,sad,sad,1.0000,1,1,"[""angry"", ""disgusted"", ""fearful"", ""happy"", ""neutral"", ""other"", ""sad"", ""surprised"", ""<unk>""]","[0.0, 0.0, 0.0, 0.0, 0.0, 0.0, 1.0, 0.0, 0.0]"
CREMA-D,5070,1063_DFA_SAD_XX.wav,1063,sad,sad,sad,sad,1.0000,1,1,"[""angry"", ""disgusted"", ""fearful"", ""happy"", ""neutral"", ""other"", ""sad"", ""surprised"", ""<unk>""]","[0.0, 0.0, 0.0, 0.0, 0.0, 0.0, 1.0, 0.0, 0.0]"
CREMA-D,5152,1064_DFA_SAD_XX.wav,1064,sad,sad,sad,sad,1.0000,1,1,"[""angry"", ""disgusted"", ""fearful"", ""happy"", ""neutral"", ""other"", ""sad"", ""surprised"", ""<unk>""]","[0.0, 0.0, 0.0, 0.0, 0.0, 0.0, 1.0, 0.0, 0.0]"
CREMA-D,5234,1065_DFA_SAD_XX.wav,1065,sad,sad,sad,sad,0.9998,1,1,"[""angry"", ""disgusted"", ""fearful"", ""happy"", ""neutral"", ""other"", ""sad"", ""surprised"", ""<unk>""]","[0.0, 2.6e-05, 8e-05, 0.0, 5.5e-05, 1e-06, 0.999837, 0.0, 0.0]"
CREMA-D,5316,1066_DFA_SAD_XX.wav,1066,sad,sad,sad,sad,1.0000,1,1,"[""angry"", ""disgusted"", ""fearful"", ""happy"", ""neutral"", ""other"", ""sad"", ""surprised"", ""<unk>""]","[0.0, 6e-06, 3e-05, 0.0, 0.0, 0.0, 0.999964, 0.0, 0.0]"
CREMA-D,5398,1067_DFA_SAD_XX.wav,1067,sad,sad,sad,sad,0.9999,1,1,"[""angry"", ""disgusted"", ""fearful"", ""happy"", ""neutral"", ""other"", ""sad"", ""surprised"", ""<unk>""]","[1e-06, 1.1e-05, 4.3e-05, 1e-06, 3.2e-05, 4e-06, 0.999906, 0.0, 1e-06]"
CREMA-D,5480,1068_DFA_SAD_XX.wav,1068,sad,sad,sad,sad,0.9984,1,1,"[""angry"", ""disgusted"", ""fearful"", ""happy"", ""neutral"", ""other"", ""sad"", ""surprised"", ""<unk>""]","[1e-06, 1.2e-05, 0.000284, 2e-06, 0.001312, 2e-06, 0.998386, 2e-06, 0.0]"
CREMA-D,5562,1069_DFA_SAD_XX.wav,1069,sad,sad,sad,sad,0.7957,1,1,"[""angry"", ""disgusted"", ""fearful"", ""happy"", ""neutral"", ""other"", ""sad"", ""surprised"", ""<unk>""]","[0.000284, 0.002516, 0.011243, 0.000213, 0.189419, 0.000212, 0.79568, 0.000433, 1e-06]"
CREMA-D,5644,1070_DFA_SAD_XX.wav,1070,sad,sad,sad,disgusted,0.9817,1,0,"[""angry"", ""disgusted"", ""fearful"", ""happy"", ""neutral"", ""other"", ""sad"", ""surprised"", ""<unk>""]","[0.000401, 0.981711, 7.4e-05, 3.4e-05, 0.006638, 0.000121, 0.010944, 7.3e-05, 4e-06]"
CREMA-D,5726,1071_DFA_SAD_XX.wav,1071,sad,sad,sad,sad,1.0000,1,1,"[""angry"", ""disgusted"", ""fearful"", ""happy"", ""neutral"", ""other"", ""sad"", ""surprised"", ""<unk>""]","[0.0, 1e-06, 0.0, 0.0, 0.0, 0.0, 0.999999, 0.0, 0.0]"
CREMA-D,5808,1072_DFA_SAD_XX.wav,1072,sad,sad,sad,fearful,0.9947,1,0,"[""angry"", ""disgusted"", ""fearful"", ""happy"", ""neutral"", ""other"", ""sad"", ""surprised"", ""<unk>""]","[4e-06, 0.001275, 0.994668, 0.000222, 4.1e-05, 0.000107, 0.003445, 0.000227, 1e-05]"
CREMA-D,5890,1073_DFA_SAD_XX.wav,1073,sad,sad,sad,sad,0.9999,1,1,"[""angry"", ""disgusted"", ""fearful"", ""happy"", ""neutral"", ""other"", ""sad"", ""surprised"", ""<unk>""]","[0.0, 1.2e-05, 4e-05, 0.0, 5e-06, 1e-06, 0.999942, 0.0, 0.0]"
CREMA-D,5972,1074_DFA_SAD_XX.wav,1074,sad,sad,sad,sad,1.0000,1,1,"[""angry"", ""disgusted"", ""fearful"", ""happy"", ""neutral"", ""other"", ""sad"", ""surprised"", ""<unk>""]","[0.0, 0.0, 0.0, 0.0, 0.0, 0.0, 1.0, 0.0, 0.0]"
CREMA-D,6054,1075_DFA_SAD_XX.wav,1075,sad,sad,sad,sad,0.9998,1,1,"[""angry"", ""disgusted"", ""fearful"", ""happy"", ""neutral"", ""other"", ""sad"", ""surprised"", ""<unk>""]","[0.0, 0.000114, 5.4e-05, 1e-06, 6e-06, 1e-06, 0.999824, 0.0, 0.0]"
CREMA-D,6136,1076_DFA_SAD_XX.wav,1076,sad,sad,sad,sad,1.0000,1,1,"[""angry"", ""disgusted"", ""fearful"", ""happy"", ""neutral"", ""other"", ""sad"", ""surprised"", ""<unk>""]","[0.0, 0.0, 0.0, 0.0, 0.0, 0.0, 1.0, 0.0, 0.0]"
CREMA-D,6217,1077_DFA_SAD_XX.wav,1077,sad,sad,sad,sad,0.9858,1,1,"[""angry"", ""disgusted"", ""fearful"", ""happy"", ""neutral"", ""other"", ""sad"", ""surprised"", ""<unk>""]","[3e-06, 0.00168, 0.005858, 4e-05, 0.006354, 0.000233, 0.985815, 1.7e-05, 1e-06]"
CREMA-D,6299,1078_DFA_SAD_XX.wav,1078,sad,sad,sad,sad,1.0000,1,1,"[""angry"", ""disgusted"", ""fearful"", ""happy"", ""neutral"", ""other"", ""sad"", ""surprised"", ""<unk>""]","[0.0, 0.0, 0.0, 0.0, 2.7e-05, 0.0, 0.999972, 0.0, 0.0]"
CREMA-D,6381,1079_DFA_SAD_XX.wav,1079,sad,sad,sad,sad,1.0000,1,1,"[""angry"", ""disgusted"", ""fearful"", ""happy"", ""neutral"", ""other"", ""sad"", ""surprised"", ""<unk>""]","[0.0, 0.0, 0.0, 0.0, 1e-06, 0.0, 0.999999, 0.0, 0.0]"
CREMA-D,6463,1080_DFA_SAD_XX.wav,1080,sad,sad,sad,sad,0.9993,1,1,"[""angry"", ""disgusted"", ""fearful"", ""happy"", ""neutral"", ""other"", ""sad"", ""surprised"", ""<unk>""]","[0.0, 0.000646, 3.7e-05, 0.0, 0.0, 0.0, 0.999316, 0.0, 0.0]"
CREMA-D,6545,1081_DFA_SAD_XX.wav,1081,sad,sad,sad,sad,1.0000,1,1,"[""angry"", ""disgusted"", ""fearful"", ""happy"", ""neutral"", ""other"", ""sad"", ""surprised"", ""<unk>""]","[0.0, 1e-06, 7e-06, 0.0, 2.3e-05, 0.0, 0.999968, 0.0, 0.0]"
CREMA-D,6627,1082_DFA_SAD_XX.wav,1082,sad,sad,sad,neutral,1.0000,1,0,"[""angry"", ""disgusted"", ""fearful"", ""happy"", ""neutral"", ""other"", ""sad"", ""surprised"", ""<unk>""]","[0.0, 0.0, 0.0, 0.0, 0.999999, 0.0, 1e-06, 0.0, 0.0]"
CREMA-D,6709,1083_DFA_SAD_XX.wav,1083,sad,sad,sad,sad,0.9996,1,1,"[""angry"", ""disgusted"", ""fearful"", ""happy"", ""neutral"", ""other"", ""sad"", ""surprised"", ""<unk>""]","[0.0, 0.000381, 1.8e-05, 0.0, 0.0, 0.0, 0.999601, 0.0, 0.0]"
CREMA-D,6791,1084_DFA_SAD_XX.wav,1084,sad,sad,sad,sad,1.0000,1,1,"[""angry"", ""disgusted"", ""fearful"", ""happy"", ""neutral"", ""other"", ""sad"", ""surprised"", ""<unk>""]","[0.0, 0.0, 0.0, 0.0, 0.0, 0.0, 1.0, 0.0, 0.0]"
CREMA-D,6873,1085_DFA_SAD_XX.wav,1085,sad,sad,sad,sad,1.0000,1,1,"[""angry"", ""disgusted"", ""fearful"", ""happy"", ""neutral"", ""other"", ""sad"", ""surprised"", ""<unk>""]","[0.0, 0.0, 0.0, 0.0, 0.0, 0.0, 1.0, 0.0, 0.0]"
CREMA-D,6955,1086_DFA_SAD_XX.wav,1086,sad,sad,sad,sad,0.7990,1,1,"[""angry"", ""disgusted"", ""fearful"", ""happy"", ""neutral"", ""other"", ""sad"", ""surprised"", ""<unk>""]","[6.8e-05, 0.000295, 0.00376, 0.00021, 0.196518, 3.3e-05, 0.799004, 0.000111, 0.0]"
CREMA-D,7037,1087_DFA_SAD_XX.wav,1087,sad,sad,sad,sad,0.9996,1,1,"[""angry"", ""disgusted"", ""fearful"", ""happy"", ""neutral"", ""other"", ""sad"", ""surprised"", ""<unk>""]","[0.0, 1.4e-05, 7.4e-05, 1e-06, 0.00028, 3e-06, 0.999627, 0.0, 0.0]"
CREMA-D,7119,1088_DFA_SAD_XX.wav,1088,sad,sad,sad,sad,0.9995,1,1,"[""angry"", ""disgusted"", ""fearful"", ""happy"", ""neutral"", ""other"", ""sad"", ""surprised"", ""<unk>""]","[0.0, 1.2e-05, 0.000466, 1e-06, 1.3e-05, 4e-06, 0.999503, 1e-06, 0.0]"
CREMA-D,7201,1089_DFA_SAD_XX.wav,1089,sad,sad,sad,sad,1.0000,1,1,"[""angry"", ""disgusted"", ""fearful"", ""happy"", ""neutral"", ""other"", ""sad"", ""surprised"", ""<unk>""]","[0.0, 0.0, 0.0, 0.0, 0.0, 0.0, 1.0, 0.0, 0.0]"
CREMA-D,7283,1090_DFA_SAD_XX.wav,1090,sad,sad,sad,sad,1.0000,1,1,"[""angry"", ""disgusted"", ""fearful"", ""happy"", ""neutral"", ""other"", ""sad"", ""surprised"", ""<unk>""]","[0.0, 0.0, 0.0, 0.0, 0.0, 0.0, 1.0, 0.0, 0.0]"
CREMA-D,7365,1091_DFA_SAD_XX.wav,1091,sad,sad,sad,sad,1.0000,1,1,"[""angry"", ""disgusted"", ""fearful"", ""happy"", ""neutral"", ""other"", ""sad"", ""surprised"", ""<unk>""]","[0.0, 0.0, 0.0, 0.0, 0.0, 0.0, 1.0, 0.0, 0.0]"
Expresso,68,expresso_68_ex01_confused,ex01,confused,confused,,other,0.9188,0,,"[""angry"", ""disgusted"", ""fearful"", ""happy"", ""neutral"", ""other"", ""sad"", ""surprised"", ""<unk>""]","[9e-06, 0.000139, 5.6e-05, 8.2e-05, 9.8e-05, 0.918837, 0.080778, 0.0, 1e-06]"
Expresso,98,expresso_98_ex01_confused,ex01,confused,confused,,other,0.8839,0,,"[""angry"", ""disgusted"", ""fearful"", ""happy"", ""neutral"", ""other"", ""sad"", ""surprised"", ""<unk>""]","[0.001213, 0.038283, 0.000625, 0.002921, 0.016505, 0.88386, 0.054655, 2e-06, 0.001935]"
Expresso,111,expresso_111_ex01_confused,ex01,confused,confused,,other,0.3912,0,,"[""angry"", ""disgusted"", ""fearful"", ""happy"", ""neutral"", ""other"", ""sad"", ""surprised"", ""<unk>""]","[0.172073, 0.117526, 0.010928, 0.007474, 0.05835, 0.391243, 0.238626, 0.000436, 0.003344]"
Expresso,132,expresso_132_ex01_confused,ex01,confused,confused,,other,0.9999,0,,"[""angry"", ""disgusted"", ""fearful"", ""happy"", ""neutral"", ""other"", ""sad"", ""surprised"", ""<unk>""]","[1e-06, 8e-06, 0.0, 3e-06, 2e-06, 0.99992, 6.5e-05, 0.0, 0.0]"
Expresso,133,expresso_133_ex01_confused,ex01,confused,confused,,other,0.4939,0,,"[""angry"", ""disgusted"", ""fearful"", ""happy"", ""neutral"", ""other"", ""sad"", ""surprised"", ""<unk>""]","[0.00115, 0.464326, 0.001224, 0.001596, 0.007569, 0.493931, 0.027847, 6e-06, 0.002351]"
Expresso,134,expresso_134_ex01_confused,ex01,confused,confused,,other,0.3732,0,,"[""angry"", ""disgusted"", ""fearful"", ""happy"", ""neutral"", ""other"", ""sad"", ""surprised"", ""<unk>""]","[0.001869, 0.250519, 0.010851, 0.072131, 0.095456, 0.373249, 0.018222, 0.000192, 0.177512]"
Expresso,181,expresso_181_ex01_confused,ex01,confused,confused,,other,0.4415,0,,"[""angry"", ""disgusted"", ""fearful"", ""happy"", ""neutral"", ""other"", ""sad"", ""surprised"", ""<unk>""]","[0.004191, 0.024064, 0.022014, 0.037286, 0.037844, 0.441515, 0.410834, 0.000213, 0.02204]"
Expresso,182,expresso_182_ex01_confused,ex01,confused,confused,,other,0.9561,0,,"[""angry"", ""disgusted"", ""fearful"", ""happy"", ""neutral"", ""other"", ""sad"", ""surprised"", ""<unk>""]","[5e-06, 0.002719, 1.5e-05, 0.000772, 8.3e-05, 0.956101, 0.040304, 0.0, 0.0]"
Expresso,184,expresso_184_ex01_confused,ex01,confused,confused,,other,0.9037,0,,"[""angry"", ""disgusted"", ""fearful"", ""happy"", ""neutral"", ""other"", ""sad"", ""surprised"", ""<unk>""]","[4.7e-05, 0.018498, 0.000131, 0.000608, 0.000758, 0.90373, 0.076219, 0.0, 9e-06]"
Expresso,190,expresso_190_ex01_confused,ex01,confused,confused,,other,0.9922,0,,"[""angry"", ""disgusted"", ""fearful"", ""happy"", ""neutral"", ""other"", ""sad"", ""surprised"", ""<unk>""]","[7e-06, 2.5e-05, 3e-06, 6.7e-05, 8e-05, 0.992225, 0.007592, 0.0, 0.0]"
Expresso,213,expresso_213_ex01_confused,ex01,confused,confused,,other,0.9981,0,,"[""angry"", ""disgusted"", ""fearful"", ""happy"", ""neutral"", ""other"", ""sad"", ""surprised"", ""<unk>""]","[1.4e-05, 0.000127, 4.1e-05, 0.000287, 9.7e-05, 0.998068, 0.001356, 0.0, 1.1e-05]"
Expresso,214,expresso_214_ex01_confused,ex01,confused,confused,,sad,0.8262,0,,"[""angry"", ""disgusted"", ""fearful"", ""happy"", ""neutral"", ""other"", ""sad"", ""surprised"", ""<unk>""]","[0.004044, 0.014921, 0.007587, 0.008375, 0.014051, 0.118535, 0.826249, 0.00014, 0.006099]"
Expresso,293,expresso_293_ex01_confused,ex01,confused,confused,,other,0.9624,0,,"[""angry"", ""disgusted"", ""fearful"", ""happy"", ""neutral"", ""other"", ""sad"", ""surprised"", ""<unk>""]","[6e-06, 0.00025, 3e-05, 0.00135, 0.000148, 0.962393, 0.035823, 0.0, 0.0]"
Expresso,342,expresso_342_ex01_confused,ex01,confused,confused,,other,0.7004,0,,"[""angry"", ""disgusted"", ""fearful"", ""happy"", ""neutral"", ""other"", ""sad"", ""surprised"", ""<unk>""]","[5e-05, 0.008374, 0.000188, 0.000317, 0.001285, 0.700356, 0.289334, 0.0, 9.6e-05]"
Expresso,351,expresso_351_ex01_confused,ex01,confused,confused,,other,0.9950,0,,"[""angry"", ""disgusted"", ""fearful"", ""happy"", ""neutral"", ""other"", ""sad"", ""surprised"", ""<unk>""]","[9.6e-05, 0.001063, 3.8e-05, 0.000273, 0.000545, 0.994973, 0.002989, 0.0, 2.1e-05]"
Expresso,373,expresso_373_ex01_confused,ex01,confused,confused,,disgusted,0.3512,0,,"[""angry"", ""disgusted"", ""fearful"", ""happy"", ""neutral"", ""other"", ""sad"", ""surprised"", ""<unk>""]","[0.000114, 0.351211, 0.000559, 0.001137, 0.001641, 0.296563, 0.348723, 1e-06, 5.1e-05]"
Expresso,374,expresso_374_ex01_confused,ex01,confused,confused,,other,0.9300,0,,"[""angry"", ""disgusted"", ""fearful"", ""happy"", ""neutral"", ""other"", ""sad"", ""surprised"", ""<unk>""]","[7.4e-05, 0.024792, 1.6e-05, 0.00024, 0.000381, 0.929967, 0.044528, 0.0, 2e-06]"
Expresso,2922,expresso_2922_ex02_confused,ex02,confused,confused,,disgusted,0.5173,0,,"[""angry"", ""disgusted"", ""fearful"", ""happy"", ""neutral"", ""other"", ""sad"", ""surprised"", ""<unk>""]","[0.001268, 0.517275, 0.011782, 0.00406, 0.004741, 0.410025, 0.047225, 3.9e-05, 0.003585]"
Expresso,2924,expresso_2924_ex02_confused,ex02,confused,confused,,other,0.9670,0,,"[""angry"", ""disgusted"", ""fearful"", ""happy"", ""neutral"", ""other"", ""sad"", ""surprised"", ""<unk>""]","[0.000466, 0.000175, 2e-05, 0.00056, 0.001621, 0.966978, 0.030178, 0.0, 3e-06]"
Expresso,2937,expresso_2937_ex02_confused,ex02,confused,confused,,sad,0.8942,0,,"[""angry"", ""disgusted"", ""fearful"", ""happy"", ""neutral"", ""other"", ""sad"", ""surprised"", ""<unk>""]","[3.2e-05, 0.008913, 0.001159, 0.000463, 0.000284, 0.094894, 0.89425, 1e-06, 5e-06]"
Expresso,2945,expresso_2945_ex02_confused,ex02,confused,confused,,sad,0.4173,0,,"[""angry"", ""disgusted"", ""fearful"", ""happy"", ""neutral"", ""other"", ""sad"", ""surprised"", ""<unk>""]","[0.011747, 0.147454, 0.001234, 0.003667, 0.007811, 0.410569, 0.41727, 2.2e-05, 0.000226]"
Expresso,3007,expresso_3007_ex02_confused,ex02,confused,confused,,sad,0.9843,0,,"[""angry"", ""disgusted"", ""fearful"", ""happy"", ""neutral"", ""other"", ""sad"", ""surprised"", ""<unk>""]","[0.000104, 0.006096, 0.00181, 0.00032, 0.000391, 0.006841, 0.984348, 1.5e-05, 7.6e-05]"
Expresso,3032,expresso_3032_ex02_confused,ex02,confused,confused,,sad,0.9975,0,,"[""angry"", ""disgusted"", ""fearful"", ""happy"", ""neutral"", ""other"", ""sad"", ""surprised"", ""<unk>""]","[8.4e-05, 6.6e-05, 3.8e-05, 0.000257, 0.000468, 0.0015, 0.997495, 0.0, 9.2e-05]"
Expresso,3044,expresso_3044_ex02_confused,ex02,confused,confused,,sad,0.9907,0,,"[""angry"", ""disgusted"", ""fearful"", ""happy"", ""neutral"", ""other"", ""sad"", ""surprised"", ""<unk>""]","[2.2e-05, 0.002624, 0.000636, 0.002237, 0.000101, 0.003718, 0.990652, 6e-06, 4e-06]"
Expresso,3046,expresso_3046_ex02_confused,ex02,confused,confused,,sad,0.8701,0,,"[""angry"", ""disgusted"", ""fearful"", ""happy"", ""neutral"", ""other"", ""sad"", ""surprised"", ""<unk>""]","[0.000356, 0.000194, 0.000104, 0.019024, 0.004309, 0.105664, 0.870072, 0.0, 0.000277]"
Expresso,3071,expresso_3071_ex02_confused,ex02,confused,confused,,other,0.9875,0,,"[""angry"", ""disgusted"", ""fearful"", ""happy"", ""neutral"", ""other"", ""sad"", ""surprised"", ""<unk>""]","[3.4e-05, 3.9e-05, 2.8e-05, 0.002624, 0.000695, 0.987539, 0.009032, 0.0, 1e-05]"
Expresso,3084,expresso_3084_ex02_confused,ex02,confused,confused,,other,0.9013,0,,"[""angry"", ""disgusted"", ""fearful"", ""happy"", ""neutral"", ""other"", ""sad"", ""surprised"", ""<unk>""]","[0.000794, 0.001419, 0.000122, 0.003003, 0.001555, 0.901278, 0.091751, 0.0, 7.6e-05]"
Expresso,3089,expresso_3089_ex02_confused,ex02,confused,confused,,sad,0.9920,0,,"[""angry"", ""disgusted"", ""fearful"", ""happy"", ""neutral"", ""other"", ""sad"", ""surprised"", ""<unk>""]","[0.000163, 0.000346, 6.2e-05, 0.000272, 0.000353, 0.006757, 0.992027, 0.0, 1.9e-05]"
Expresso,3107,expresso_3107_ex02_confused,ex02,confused,confused,,<unk>,0.5835,0,,"[""angry"", ""disgusted"", ""fearful"", ""happy"", ""neutral"", ""other"", ""sad"", ""surprised"", ""<unk>""]","[0.002867, 0.002022, 0.004726, 0.048408, 0.062608, 0.28353, 0.012369, 1.8e-05, 0.583453]"
Expresso,3126,expresso_3126_ex02_confused,ex02,confused,confused,,other,0.9975,0,,"[""angry"", ""disgusted"", ""fearful"", ""happy"", ""neutral"", ""other"", ""sad"", ""surprised"", ""<unk>""]","[3.7e-05, 4e-06, 1.3e-05, 0.000808, 0.000373, 0.997467, 0.001298, 0.0, 1e-06]"
Expresso,3167,expresso_3167_ex02_confused,ex02,confused,confused,,other,0.9694,0,,"[""angry"", ""disgusted"", ""fearful"", ""happy"", ""neutral"", ""other"", ""sad"", ""surprised"", ""<unk>""]","[1e-05, 3.6e-05, 8e-06, 0.000274, 0.000199, 0.969368, 0.030105, 0.0, 0.0]"
Expresso,3171,expresso_3171_ex02_confused,ex02,confused,confused,,sad,0.9897,0,,"[""angry"", ""disgusted"", ""fearful"", ""happy"", ""neutral"", ""other"", ""sad"", ""surprised"", ""<unk>""]","[0.000141, 0.001428, 0.005534, 0.001373, 0.000778, 0.000598, 0.989673, 0.000219, 0.000255]"
Expresso,3178,expresso_3178_ex02_confused,ex02,confused,confused,,sad,0.8258,0,,"[""angry"", ""disgusted"", ""fearful"", ""happy"", ""neutral"", ""other"", ""sad"", ""surprised"", ""<unk>""]","[0.003282, 0.03124, 0.015994, 0.002531, 0.001691, 0.118483, 0.82577, 9e-05, 0.00092]"
Expresso,3203,expresso_3203_ex02_confused,ex02,confused,confused,,other,0.9055,0,,"[""angry"", ""disgusted"", ""fearful"", ""happy"", ""neutral"", ""other"", ""sad"", ""surprised"", ""<unk>""]","[0.001732, 0.012464, 0.001176, 0.001983, 0.007651, 0.905547, 0.068431, 2e-06, 0.001014]"
Expresso,3227,expresso_3227_ex02_confused,ex02,confused,confused,,sad,0.9565,0,,"[""angry"", ""disgusted"", ""fearful"", ""happy"", ""neutral"", ""other"", ""sad"", ""surprised"", ""<unk>""]","[1e-05, 0.002302, 0.000454, 0.000322, 8.5e-05, 0.040357, 0.956467, 0.0, 2e-06]"
Expresso,3242,expresso_3242_ex02_confused,ex02,confused,confused,,other,0.9921,0,,"[""angry"", ""disgusted"", ""fearful"", ""happy"", ""neutral"", ""other"", ""sad"", ""surprised"", ""<unk>""]","[8.1e-05, 7.8e-05, 1.8e-05, 0.000362, 0.000283, 0.992114, 0.00706, 0.0, 4e-06]"
Expresso,3250,expresso_3250_ex02_confused,ex02,confused,confused,,happy,0.8999,0,,"[""angry"", ""disgusted"", ""fearful"", ""happy"", ""neutral"", ""other"", ""sad"", ""surprised"", ""<unk>""]","[0.003069, 0.001257, 0.000345, 0.899863, 0.018274, 0.047815, 0.022297, 1.4e-05, 0.007065]"
Expresso,3251,expresso_3251_ex02_confused,ex02,confused,confused,,other,0.7044,0,,"[""angry"", ""disgusted"", ""fearful"", ""happy"", ""neutral"", ""other"", ""sad"", ""surprised"", ""<unk>""]","[0.001333, 0.014004, 0.003525, 0.002513, 0.00354, 0.704386, 0.270262, 5e-06, 0.000433]"
Expresso,3276,expresso_3276_ex02_confused,ex02,confused,confused,,other,0.9698,0,,"[""angry"", ""disgusted"", ""fearful"", ""happy"", ""neutral"", ""other"", ""sad"", ""surprised"", ""<unk>""]","[3e-05, 0.000163, 6.6e-05, 0.000304, 0.000255, 0.969817, 0.029363, 0.0, 2e-06]"
Expresso,5829,expresso_5829_ex03_confused,ex03,confused,confused,,other,0.9881,0,,"[""angry"", ""disgusted"", ""fearful"", ""happy"", ""neutral"", ""other"", ""sad"", ""surprised"", ""<unk>""]","[0.000109, 0.008218, 3.2e-05, 0.000644, 0.000348, 0.988055, 0.002584, 0.0, 1e-05]"
Expresso,5842,expresso_5842_ex03_confused,ex03,confused,confused,,other,0.9999,0,,"[""angry"", ""disgusted"", ""fearful"", ""happy"", ""neutral"", ""other"", ""sad"", ""surprised"", ""<unk>""]","[1e-06, 6e-06, 0.0, 1.6e-05, 2e-06, 0.999868, 0.000107, 0.0, 0.0]"
Expresso,5852,expresso_5852_ex03_confused,ex03,confused,confused,,other,1.0000,0,,"[""angry"", ""disgusted"", ""fearful"", ""happy"", ""neutral"", ""other"", ""sad"", ""surprised"", ""<unk>""]","[2e-06, 1e-06, 0.0, 1.2e-05, 1e-06, 0.999973, 1.1e-05, 0.0, 0.0]"
Expresso,5855,expresso_5855_ex03_confused,ex03,confused,confused,,other,0.9213,0,,"[""angry"", ""disgusted"", ""fearful"", ""happy"", ""neutral"", ""other"", ""sad"", ""surprised"", ""<unk>""]","[9e-06, 0.000571, 3.9e-05, 0.004785, 3.7e-05, 0.921344, 0.073215, 0.0, 0.0]"
Expresso,5892,expresso_5892_ex03_confused,ex03,confused,confused,,other,0.8880,0,,"[""angry"", ""disgusted"", ""fearful"", ""happy"", ""neutral"", ""other"", ""sad"", ""surprised"", ""<unk>""]","[0.000397, 0.106903, 0.000188, 0.000894, 0.00088, 0.887998, 0.002542, 0.0, 0.000197]"
Expresso,5896,expresso_5896_ex03_confused,ex03,confused,confused,,other,0.9957,0,,"[""angry"", ""disgusted"", ""fearful"", ""happy"", ""neutral"", ""other"", ""sad"", ""surprised"", ""<unk>""]","[0.000151, 6.2e-05, 2e-06, 0.000148, 0.000258, 0.995651, 0.003728, 0.0, 0.0]"
Expresso,5910,expresso_5910_ex03_confused,ex03,confused,confused,,other,0.9787,0,,"[""angry"", ""disgusted"", ""fearful"", ""happy"", ""neutral"", ""other"", ""sad"", ""surprised"", ""<unk>""]","[0.000281, 0.000712, 3.3e-05, 0.000624, 0.000708, 0.978696, 0.018942, 0.0, 3e-06]"
Expresso,5918,expresso_5918_ex03_confused,ex03,confused,confused,,other,0.8938,0,,"[""angry"", ""disgusted"", ""fearful"", ""happy"", ""neutral"", ""other"", ""sad"", ""surprised"", ""<unk>""]","[0.001984, 0.007026, 0.000468, 0.011857, 0.003071, 0.893761, 0.081607, 1e-06, 0.000224]"
Expresso,5934,expresso_5934_ex03_confused,ex03,confused,confused,,other,0.9914,0,,"[""angry"", ""disgusted"", ""fearful"", ""happy"", ""neutral"", ""other"", ""sad"", ""surprised"", ""<unk>""]","[1.6e-05, 0.001819, 1.9e-05, 0.0001, 0.000123, 0.991422, 0.006497, 0.0, 3e-06]"
Expresso,5962,expresso_5962_ex03_confused,ex03,confused,confused,,other,0.9865,0,,"[""angry"", ""disgusted"", ""fearful"", ""happy"", ""neutral"", ""other"", ""sad"", ""surprised"", ""<unk>""]","[0.000475, 8.1e-05, 7.6e-05, 0.00104, 0.001773, 0.986546, 0.00999, 0.0, 1.8e-05]"
Expresso,5968,expresso_5968_ex03_confused,ex03,confused,confused,,other,0.6381,0,,"[""angry"", ""disgusted"", ""fearful"", ""happy"", ""neutral"", ""other"", ""sad"", ""surprised"", ""<unk>""]","[0.008005, 0.078909, 0.003788, 0.00787, 0.01513, 0.638101, 0.246235, 4.2e-05, 0.00192]"
Expresso,5973,expresso_5973_ex03_confused,ex03,confused,confused,,sad,0.6056,0,,"[""angry"", ""disgusted"", ""fearful"", ""happy"", ""neutral"", ""other"", ""sad"", ""surprised"", ""<unk>""]","[0.001382, 0.159618, 0.003309, 0.004486, 0.007699, 0.216743, 0.60559, 4.5e-05, 0.001129]"
Expresso,5980,expresso_5980_ex03_confused,ex03,confused,confused,,other,0.9839,0,,"[""angry"", ""disgusted"", ""fearful"", ""happy"", ""neutral"", ""other"", ""sad"", ""surprised"", ""<unk>""]","[3e-05, 1.3e-05, 2e-06, 0.015817, 6.4e-05, 0.983892, 0.000181, 0.0, 0.0]"
Expresso,5984,expresso_5984_ex03_confused,ex03,confused,confused,,other,0.9988,0,,"[""angry"", ""disgusted"", ""fearful"", ""happy"", ""neutral"", ""other"", ""sad"", ""surprised"", ""<unk>""]","[5.7e-05, 8.3e-05, 1.6e-05, 0.000134, 0.000318, 0.998792, 0.000596, 0.0, 5e-06]"
Expresso,6000,expresso_6000_ex03_confused,ex03,confused,confused,,other,0.8761,0,,"[""angry"", ""disgusted"", ""fearful"", ""happy"", ""neutral"", ""other"", ""sad"", ""surprised"", ""<unk>""]","[0.002471, 0.106975, 0.000223, 0.005272, 0.001682, 0.876146, 0.006966, 1e-06, 0.000264]"
Expresso,6019,expresso_6019_ex03_confused,ex03,confused,confused,,other,0.9994,0,,"[""angry"", ""disgusted"", ""fearful"", ""happy"", ""neutral"", ""other"", ""sad"", ""surprised"", ""<unk>""]","[1.4e-05, 2.4e-05, 2e-06, 2.9e-05, 3.3e-05, 0.999402, 0.000498, 0.0, 0.0]"
Expresso,6036,expresso_6036_ex03_confused,ex03,confused,confused,,disgusted,0.7068,0,,"[""angry"", ""disgusted"", ""fearful"", ""happy"", ""neutral"", ""other"", ""sad"", ""surprised"", ""<unk>""]","[0.007276, 0.706814, 0.002022, 0.017089, 0.129598, 0.102297, 0.010865, 0.000319, 0.02372]"
Expresso,6059,expresso_6059_ex03_confused,ex03,confused,confused,,other,0.9950,0,,"[""angry"", ""disgusted"", ""fearful"", ""happy"", ""neutral"", ""other"", ""sad"", ""surprised"", ""<unk>""]","[1e-05, 0.000104, 5e-06, 0.00086, 2.5e-05, 0.994964, 0.004032, 0.0, 0.0]"
Expresso,6061,expresso_6061_ex03_confused,ex03,confused,confused,,other,0.6311,0,,"[""angry"", ""disgusted"", ""fearful"", ""happy"", ""neutral"", ""other"", ""sad"", ""surprised"", ""<unk>""]","[0.139818, 0.053376, 0.00509, 0.030837, 0.024275, 0.631104, 0.112913, 0.000173, 0.002414]"
Expresso,6065,expresso_6065_ex03_confused,ex03,confused,confused,,disgusted,0.6779,0,,"[""angry"", ""disgusted"", ""fearful"", ""happy"", ""neutral"", ""other"", ""sad"", ""surprised"", ""<unk>""]","[0.002859, 0.677947, 0.002204, 0.004121, 0.005443, 0.273944, 0.030833, 3.5e-05, 0.002614]"
Expresso,6079,expresso_6079_ex03_confused,ex03,confused,confused,,other,0.9967,0,,"[""angry"", ""disgusted"", ""fearful"", ""happy"", ""neutral"", ""other"", ""sad"", ""surprised"", ""<unk>""]","[7.8e-05, 0.0001, 1.3e-05, 0.000258, 0.000156, 0.996744, 0.00265, 0.0, 2e-06]"
Expresso,6124,expresso_6124_ex03_confused,ex03,confused,confused,,disgusted,0.6093,0,,"[""angry"", ""disgusted"", ""fearful"", ""happy"", ""neutral"", ""other"", ""sad"", ""surprised"", ""<unk>""]","[0.001172, 0.60934, 0.000758, 0.009071, 0.006024, 0.349762, 0.022149, 1.1e-05, 0.001712]"
Expresso,6143,expresso_6143_ex03_confused,ex03,confused,confused,,other,0.3737,0,,"[""angry"", ""disgusted"", ""fearful"", ""happy"", ""neutral"", ""other"", ""sad"", ""surprised"", ""<unk>""]","[0.034329, 0.170834, 0.009607, 0.016541, 0.06273, 0.373747, 0.313892, 0.000544, 0.017776]"
Expresso,6162,expresso_6162_ex03_confused,ex03,confused,confused,,other,0.9639,0,,"[""angry"", ""disgusted"", ""fearful"", ""happy"", ""neutral"", ""other"", ""sad"", ""surprised"", ""<unk>""]","[7.2e-05, 0.030356, 5.2e-05, 0.000316, 0.000655, 0.963884, 0.004572, 0.0, 9.2e-05]"
Expresso,6165,expresso_6165_ex03_confused,ex03,confused,confused,,other,0.6990,0,,"[""angry"", ""disgusted"", ""fearful"", ""happy"", ""neutral"", ""other"", ""sad"", ""surprised"", ""<unk>""]","[0.000231, 0.129635, 0.000248, 0.000621, 0.000644, 0.698997, 0.169599, 0.0, 2.6e-05]"
Expresso,8717,expresso_8717_ex04_confused,ex04,confused,confused,,sad,0.9942,0,,"[""angry"", ""disgusted"", ""fearful"", ""happy"", ""neutral"", ""other"", ""sad"", ""surprised"", ""<unk>""]","[2.2e-05, 0.000852, 0.002723, 0.000215, 0.000171, 0.001835, 0.994166, 8e-06, 9e-06]"
Expresso,8745,expresso_8745_ex04_confused,ex04,confused,confused,,surprised,0.9256,0,,"[""angry"", ""disgusted"", ""fearful"", ""happy"", ""neutral"", ""other"", ""sad"", ""surprised"", ""<unk>""]","[0.001844, 0.017127, 0.013185, 0.004746, 0.006862, 2e-06, 0.00901, 0.92563, 0.021593]"
Expresso,8751,expresso_8751_ex04_confused,ex04,confused,confused,,other,0.5706,0,,"[""angry"", ""disgusted"", ""fearful"", ""happy"", ""neutral"", ""other"", ""sad"", ""surprised"", ""<unk>""]","[0.003594, 0.24121, 0.008851, 0.004531, 0.004995, 0.570587, 0.163946, 4.8e-05, 0.002239]"
Expresso,8753,expresso_8753_ex04_confused,ex04,confused,confused,,<unk>,0.7805,0,,"[""angry"", ""disgusted"", ""fearful"", ""happy"", ""neutral"", ""other"", ""sad"", ""surprised"", ""<unk>""]","[0.007145, 0.030566, 0.006899, 0.054241, 0.039126, 0.069763, 0.011277, 0.000438, 0.780545]"
Expresso,8812,expresso_8812_ex04_confused,ex04,confused,confused,,sad,0.7654,0,,"[""angry"", ""disgusted"", ""fearful"", ""happy"", ""neutral"", ""other"", ""sad"", ""surprised"", ""<unk>""]","[0.006065, 0.129429, 0.046188, 0.008384, 0.010924, 0.022077, 0.765356, 0.003198, 0.00838]"
Expresso,8817,expresso_8817_ex04_confused,ex04,confused,confused,,sad,0.9252,0,,"[""angry"", ""disgusted"", ""fearful"", ""happy"", ""neutral"", ""other"", ""sad"", ""surprised"", ""<unk>""]","[0.000247, 0.028952, 0.002421, 0.003876, 0.001903, 0.037058, 0.925231, 3.8e-05, 0.000273]"
Expresso,8818,expresso_8818_ex04_confused,ex04,confused,confused,,sad,0.6671,0,,"[""angry"", ""disgusted"", ""fearful"", ""happy"", ""neutral"", ""other"", ""sad"", ""surprised"", ""<unk>""]","[5.5e-05, 0.00153, 0.00029, 0.000742, 0.000908, 0.329369, 0.667091, 0.0, 1.5e-05]"
Expresso,8848,expresso_8848_ex04_confused,ex04,confused,confused,,other,0.9464,0,,"[""angry"", ""disgusted"", ""fearful"", ""happy"", ""neutral"", ""other"", ""sad"", ""surprised"", ""<unk>""]","[0.000192, 0.003324, 0.000257, 0.001158, 0.001586, 0.946405, 0.047037, 0.0, 4.1e-05]"
Expresso,8854,expresso_8854_ex04_confused,ex04,confused,confused,,disgusted,0.7447,0,,"[""angry"", ""disgusted"", ""fearful"", ""happy"", ""neutral"", ""other"", ""sad"", ""surprised"", ""<unk>""]","[0.000864, 0.744657, 0.007187, 0.009163, 0.000354, 0.030655, 0.206822, 0.000183, 0.000115]"
Expresso,8866,expresso_8866_ex04_confused,ex04,confused,confused,,other,0.5654,0,,"[""angry"", ""disgusted"", ""fearful"", ""happy"", ""neutral"", ""other"", ""sad"", ""surprised"", ""<unk>""]","[0.000522, 0.0247, 0.004353, 0.00211, 0.003351, 0.565423, 0.398305, 5e-06, 0.00123]"
Expresso,8874,expresso_8874_ex04_confused,ex04,confused,confused,,sad,0.5958,0,,"[""angry"", ""disgusted"", ""fearful"", ""happy"", ""neutral"", ""other"", ""sad"", ""surprised"", ""<unk>""]","[0.012457, 0.207669, 0.028064, 0.020054, 0.019992, 0.016508, 0.59584, 0.007609, 0.091808]"
Expresso,8898,expresso_8898_ex04_confused,ex04,confused,confused,,disgusted,0.8442,0,,"[""angry"", ""disgusted"", ""fearful"", ""happy"", ""neutral"", ""other"", ""sad"", ""surprised"", ""<unk>""]","[0.010103, 0.844193, 0.03193, 0.004727, 0.007348, 0.019891, 0.069791, 0.003058, 0.00896]"
Expresso,8901,expresso_8901_ex04_confused,ex04,confused,confused,,sad,0.9160,0,,"[""angry"", ""disgusted"", ""fearful"", ""happy"", ""neutral"", ""other"", ""sad"", ""surprised"", ""<unk>""]","[0.002148, 0.014807, 0.0086, 0.006133, 0.008718, 0.042345, 0.915991, 0.000212, 0.001045]"
Expresso,8930,expresso_8930_ex04_confused,ex04,confused,confused,,other,0.9795,0,,"[""angry"", ""disgusted"", ""fearful"", ""happy"", ""neutral"", ""other"", ""sad"", ""surprised"", ""<unk>""]","[0.001165, 0.000851, 0.000371, 0.000906, 0.00566, 0.979497, 0.010959, 0.0, 0.000591]"
Expresso,8937,expresso_8937_ex04_confused,ex04,confused,confused,,other,0.8947,0,,"[""angry"", ""disgusted"", ""fearful"", ""happy"", ""neutral"", ""other"", ""sad"", ""surprised"", ""<unk>""]","[0.000285, 0.000721, 0.000689, 0.000991, 0.008509, 0.894707, 0.091438, 0.0, 0.002661]"
Expresso,8946,expresso_8946_ex04_confused,ex04,confused,confused,,other,0.9565,0,,"[""angry"", ""disgusted"", ""fearful"", ""happy"", ""neutral"", ""other"", ""sad"", ""surprised"", ""<unk>""]","[0.002089, 0.015467, 0.00234, 0.003628, 0.004507, 0.956457, 0.004342, 4e-06, 0.011167]"
Expresso,8967,expresso_8967_ex04_confused,ex04,confused,confused,,other,0.7786,0,,"[""angry"", ""disgusted"", ""fearful"", ""happy"", ""neutral"", ""other"", ""sad"", ""surprised"", ""<unk>""]","[0.000668, 0.002559, 0.00114, 0.00069, 0.084676, 0.778648, 0.000756, 0.0, 0.130863]"
Expresso,8968,expresso_8968_ex04_confused,ex04,confused,confused,,sad,0.9569,0,,"[""angry"", ""disgusted"", ""fearful"", ""happy"", ""neutral"", ""other"", ""sad"", ""surprised"", ""<unk>""]","[0.000258, 0.001002, 0.001546, 0.00048, 0.00061, 0.039179, 0.956876, 2e-06, 4.6e-05]"
Expresso,8976,expresso_8976_ex04_confused,ex04,confused,confused,,other,0.9732,0,,"[""angry"", ""disgusted"", ""fearful"", ""happy"", ""neutral"", ""other"", ""sad"", ""surprised"", ""<unk>""]","[0.000134, 9.3e-05, 0.000298, 0.001309, 0.004442, 0.973205, 0.019589, 0.0, 0.000931]"
Expresso,8990,expresso_8990_ex04_confused,ex04,confused,confused,,other,0.6595,0,,"[""angry"", ""disgusted"", ""fearful"", ""happy"", ""neutral"", ""other"", ""sad"", ""surprised"", ""<unk>""]","[0.000676, 0.045639, 0.002139, 0.002546, 0.011108, 0.659533, 0.277426, 5e-06, 0.000929]"
Expresso,8991,expresso_8991_ex04_confused,ex04,confused,confused,,disgusted,0.5159,0,,"[""angry"", ""disgusted"", ""fearful"", ""happy"", ""neutral"", ""other"", ""sad"", ""surprised"", ""<unk>""]","[0.013797, 0.515887, 0.030375, 0.005613, 0.025973, 0.202531, 0.185735, 0.000764, 0.019327]"
Expresso,9016,expresso_9016_ex04_confused,ex04,confused,confused,,sad,0.9591,0,,"[""angry"", ""disgusted"", ""fearful"", ""happy"", ""neutral"", ""other"", ""sad"", ""surprised"", ""<unk>""]","[0.001121, 0.018943, 0.004471, 0.000886, 0.012974, 0.001498, 0.959067, 0.000765, 0.000276]"
Expresso,9031,expresso_9031_ex04_confused,ex04,confused,confused,,other,0.8793,0,,"[""angry"", ""disgusted"", ""fearful"", ""happy"", ""neutral"", ""other"", ""sad"", ""surprised"", ""<unk>""]","[5.6e-05, 0.016462, 0.000304, 0.001148, 0.00056, 0.879346, 0.102109, 0.0, 1.4e-05]"
Expresso,9037,expresso_9037_ex04_confused,ex04,confused,confused,,other,0.9738,0,,"[""angry"", ""disgusted"", ""fearful"", ""happy"", ""neutral"", ""other"", ""sad"", ""surprised"", ""<unk>""]","[5.2e-05, 0.000278, 2.9e-05, 0.000722, 0.000662, 0.973847, 0.0244, 0.0, 1e-05]"
Expresso,9066,expresso_9066_ex04_confused,ex04,confused,confused,,sad,0.8305,0,,"[""angry"", ""disgusted"", ""fearful"", ""happy"", ""neutral"", ""other"", ""sad"", ""surprised"", ""<unk>""]","[0.001792, 0.063194, 0.009387, 0.009843, 0.02006, 0.060213, 0.830489, 0.00041, 0.004612]"
Expresso,9072,expresso_9072_ex04_confused,ex04,confused,confused,,sad,0.3702,0,,"[""angry"", ""disgusted"", ""fearful"", ""happy"", ""neutral"", ""other"", ""sad"", ""surprised"", ""<unk>""]","[0.012705, 0.303029, 0.062385, 0.019618, 0.130985, 0.020705, 0.370181, 0.01392, 0.066471]"
Expresso,1000,expresso_1000_ex01_enunciated,ex01,enunciated,enunciated,,other,0.9991,0,,"[""angry"", ""disgusted"", ""fearful"", ""happy"", ""neutral"", ""other"", ""sad"", ""surprised"", ""<unk>""]","[3.2e-05, 0.000408, 8e-06, 5.2e-05, 0.000323, 0.999051, 0.000119, 0.0, 8e-06]"
Expresso,1013,expresso_1013_ex01_enunciated,ex01,enunciated,enunciated,,other,0.7392,0,,"[""angry"", ""disgusted"", ""fearful"", ""happy"", ""neutral"", ""other"", ""sad"", ""surprised"", ""<unk>""]","[0.009996, 0.016226, 0.001242, 0.004016, 0.015677, 0.739228, 0.212169, 8e-06, 0.001438]"
Expresso,1018,expresso_1018_ex01_enunciated,ex01,enunciated,enunciated,,other,0.9890,0,,"[""angry"", ""disgusted"", ""fearful"", ""happy"", ""neutral"", ""other"", ""sad"", ""surprised"", ""<unk>""]","[0.000141, 0.004049, 0.000125, 0.000298, 0.000267, 0.988974, 0.006126, 0.0, 2.1e-05]"
Expresso,1036,expresso_1036_ex01_enunciated,ex01,enunciated,enunciated,,other,0.6871,0,,"[""angry"", ""disgusted"", ""fearful"", ""happy"", ""neutral"", ""other"", ""sad"", ""surprised"", ""<unk>""]","[3.3e-05, 0.006384, 0.000201, 0.008767, 0.00034, 0.687128, 0.297145, 0.0, 3e-06]"
Expresso,1044,expresso_1044_ex01_enunciated,ex01,enunciated,enunciated,,other,0.9173,0,,"[""angry"", ""disgusted"", ""fearful"", ""happy"", ""neutral"", ""other"", ""sad"", ""surprised"", ""<unk>""]","[0.000381, 0.044165, 0.000287, 0.001818, 0.001885, 0.917313, 0.034083, 0.0, 6.7e-05]"
Expresso,1098,expresso_1098_ex01_enunciated,ex01,enunciated,enunciated,,other,0.9494,0,,"[""angry"", ""disgusted"", ""fearful"", ""happy"", ""neutral"", ""other"", ""sad"", ""surprised"", ""<unk>""]","[0.000914, 0.012421, 0.000192, 0.001202, 0.002612, 0.94939, 0.033142, 0.0, 0.000127]"
Expresso,1100,expresso_1100_ex01_enunciated,ex01,enunciated,enunciated,,other,0.9825,0,,"[""angry"", ""disgusted"", ""fearful"", ""happy"", ""neutral"", ""other"", ""sad"", ""surprised"", ""<unk>""]","[2.9e-05, 0.003613, 0.00011, 0.000343, 8.1e-05, 0.982453, 0.013367, 0.0, 4e-06]"
Expresso,1118,expresso_1118_ex01_enunciated,ex01,enunciated,enunciated,,other,0.9999,0,,"[""angry"", ""disgusted"", ""fearful"", ""happy"", ""neutral"", ""other"", ""sad"", ""surprised"", ""<unk>""]","[1e-06, 7e-06, 0.0, 5e-06, 5e-06, 0.999902, 7.8e-05, 0.0, 0.0]"
Expresso,1160,expresso_1160_ex01_enunciated,ex01,enunciated,enunciated,,other,0.9900,0,,"[""angry"", ""disgusted"", ""fearful"", ""happy"", ""neutral"", ""other"", ""sad"", ""surprised"", ""<unk>""]","[2.6e-05, 0.009475, 3e-06, 9.5e-05, 0.000131, 0.989976, 0.000292, 0.0, 2e-06]"
Expresso,1182,expresso_1182_ex01_enunciated,ex01,enunciated,enunciated,,other,0.9215,0,,"[""angry"", ""disgusted"", ""fearful"", ""happy"", ""neutral"", ""other"", ""sad"", ""surprised"", ""<unk>""]","[2e-05, 0.004294, 2.1e-05, 0.003367, 0.000204, 0.921501, 0.070593, 0.0, 0.0]"
Expresso,1200,expresso_1200_ex01_enunciated,ex01,enunciated,enunciated,,other,0.9979,0,,"[""angry"", ""disgusted"", ""fearful"", ""happy"", ""neutral"", ""other"", ""sad"", ""surprised"", ""<unk>""]","[1.7e-05, 0.000392, 3e-06, 0.000261, 0.000243, 0.997911, 0.001173, 0.0, 1e-06]"
Expresso,1221,expresso_1221_ex01_enunciated,ex01,enunciated,enunciated,,other,0.8377,0,,"[""angry"", ""disgusted"", ""fearful"", ""happy"", ""neutral"", ""other"", ""sad"", ""surprised"", ""<unk>""]","[0.000422, 0.066826, 0.000234, 0.004271, 0.002709, 0.837745, 0.087543, 1e-06, 0.000251]"
Expresso,1222,expresso_1222_ex01_enunciated,ex01,enunciated,enunciated,,other,0.9859,0,,"[""angry"", ""disgusted"", ""fearful"", ""happy"", ""neutral"", ""other"", ""sad"", ""surprised"", ""<unk>""]","[0.00026, 0.003895, 2.3e-05, 0.000268, 0.000471, 0.985893, 0.009186, 0.0, 4e-06]"
Expresso,1223,expresso_1223_ex01_enunciated,ex01,enunciated,enunciated,,other,0.9995,0,,"[""angry"", ""disgusted"", ""fearful"", ""happy"", ""neutral"", ""other"", ""sad"", ""surprised"", ""<unk>""]","[2e-06, 4e-06, 0.0, 5.3e-05, 1e-05, 0.999518, 0.000413, 0.0, 0.0]"
Expresso,1259,expresso_1259_ex01_enunciated,ex01,enunciated,enunciated,,other,0.9993,0,,"[""angry"", ""disgusted"", ""fearful"", ""happy"", ""neutral"", ""other"", ""sad"", ""surprised"", ""<unk>""]","[1.4e-05, 0.000319, 2e-06, 8e-06, 4.9e-05, 0.999262, 0.000347, 0.0, 0.0]"
Expresso,1282,expresso_1282_ex01_enunciated,ex01,enunciated,enunciated,,other,0.9958,0,,"[""angry"", ""disgusted"", ""fearful"", ""happy"", ""neutral"", ""other"", ""sad"", ""surprised"", ""<unk>""]","[5e-06, 0.000633, 3e-06, 0.00186, 2.4e-05, 0.99579, 0.001686, 0.0, 0.0]"
Expresso,1300,expresso_1300_ex01_enunciated,ex01,enunciated,enunciated,,other,0.9996,0,,"[""angry"", ""disgusted"", ""fearful"", ""happy"", ""neutral"", ""other"", ""sad"", ""surprised"", ""<unk>""]","[1.3e-05, 4e-06, 0.0, 9.4e-05, 4.5e-05, 0.999573, 0.00027, 0.0, 0.0]"
Expresso,1303,expresso_1303_ex01_enunciated,ex01,enunciated,enunciated,,other,0.9983,0,,"[""angry"", ""disgusted"", ""fearful"", ""happy"", ""neutral"", ""other"", ""sad"", ""surprised"", ""<unk>""]","[9e-06, 0.000316, 1e-06, 3.9e-05, 6.9e-05, 0.998286, 0.001279, 0.0, 0.0]"
Expresso,1329,expresso_1329_ex01_enunciated,ex01,enunciated,enunciated,,other,0.9960,0,,"[""angry"", ""disgusted"", ""fearful"", ""happy"", ""neutral"", ""other"", ""sad"", ""surprised"", ""<unk>""]","[7e-06, 0.001233, 4e-06, 6.6e-05, 4.3e-05, 0.995982, 0.002665, 0.0, 0.0]"
Expresso,1333,expresso_1333_ex01_enunciated,ex01,enunciated,enunciated,,other,0.9401,0,,"[""angry"", ""disgusted"", ""fearful"", ""happy"", ""neutral"", ""other"", ""sad"", ""surprised"", ""<unk>""]","[1.7e-05, 0.011773, 3e-05, 0.000318, 0.000296, 0.940113, 0.047447, 0.0, 5e-06]"
Expresso,1366,expresso_1366_ex01_enunciated,ex01,enunciated,enunciated,,other,0.9136,0,,"[""angry"", ""disgusted"", ""fearful"", ""happy"", ""neutral"", ""other"", ""sad"", ""surprised"", ""<unk>""]","[0.002096, 0.052164, 0.000441, 0.001529, 0.006221, 0.913597, 0.023582, 1e-06, 0.000369]"
Expresso,1378,expresso_1378_ex01_enunciated,ex01,enunciated,enunciated,,sad,0.5502,0,,"[""angry"", ""disgusted"", ""fearful"", ""happy"", ""neutral"", ""other"", ""sad"", ""surprised"", ""<unk>""]","[0.000935, 0.067543, 0.002605, 0.003039, 0.00404, 0.371151, 0.550206, 1.2e-05, 0.000469]"
Expresso,3921,expresso_3921_ex02_enunciated,ex02,enunciated,enunciated,,disgusted,0.8299,0,,"[""angry"", ""disgusted"", ""fearful"", ""happy"", ""neutral"", ""other"", ""sad"", ""surprised"", ""<unk>""]","[0.008325, 0.829897, 0.015259, 0.01424, 0.023068, 0.000975, 0.026048, 0.05531, 0.026877]"
Expresso,3932,expresso_3932_ex02_enunciated,ex02,enunciated,enunciated,,other,0.9981,0,,"[""angry"", ""disgusted"", ""fearful"", ""happy"", ""neutral"", ""other"", ""sad"", ""surprised"", ""<unk>""]","[6e-06, 8e-06, 1.9e-05, 0.000149, 0.000132, 0.998099, 0.001582, 0.0, 4e-06]"
Expresso,3956,expresso_3956_ex02_enunciated,ex02,enunciated,enunciated,,other,0.3727,0,,"[""angry"", ""disgusted"", ""fearful"", ""happy"", ""neutral"", ""other"", ""sad"", ""surprised"", ""<unk>""]","[0.019465, 0.179161, 0.008749, 0.044751, 0.051773, 0.372742, 0.132473, 0.000603, 0.190283]"
Expresso,3958,expresso_3958_ex02_enunciated,ex02,enunciated,enunciated,,other,0.9904,0,,"[""angry"", ""disgusted"", ""fearful"", ""happy"", ""neutral"", ""other"", ""sad"", ""surprised"", ""<unk>""]","[3.4e-05, 5.6e-05, 8e-06, 0.00137, 0.000251, 0.990368, 0.007912, 0.0, 1e-06]"
Expresso,4019,expresso_4019_ex02_enunciated,ex02,enunciated,enunciated,,sad,0.6949,0,,"[""angry"", ""disgusted"", ""fearful"", ""happy"", ""neutral"", ""other"", ""sad"", ""surprised"", ""<unk>""]","[0.023853, 0.141501, 0.020278, 0.007495, 0.066542, 0.03913, 0.694926, 0.00273, 0.003545]"
Expresso,4022,expresso_4022_ex02_enunciated,ex02,enunciated,enunciated,,sad,0.7654,0,,"[""angry"", ""disgusted"", ""fearful"", ""happy"", ""neutral"", ""other"", ""sad"", ""surprised"", ""<unk>""]","[0.001844, 0.006798, 0.001322, 0.003523, 0.004117, 0.216049, 0.765376, 8e-06, 0.000964]"
Expresso,4027,expresso_4027_ex02_enunciated,ex02,enunciated,enunciated,,other,0.7763,0,,"[""angry"", ""disgusted"", ""fearful"", ""happy"", ""neutral"", ""other"", ""sad"", ""surprised"", ""<unk>""]","[0.000149, 0.005861, 0.000693, 0.001897, 0.001011, 0.776312, 0.21405, 0.0, 2.7e-05]"
Expresso,4056,expresso_4056_ex02_enunciated,ex02,enunciated,enunciated,,sad,0.9920,0,,"[""angry"", ""disgusted"", ""fearful"", ""happy"", ""neutral"", ""other"", ""sad"", ""surprised"", ""<unk>""]","[1.4e-05, 1.9e-05, 1.9e-05, 0.000132, 3.2e-05, 0.007775, 0.992008, 0.0, 1e-06]"
Expresso,4060,expresso_4060_ex02_enunciated,ex02,enunciated,enunciated,,other,0.8977,0,,"[""angry"", ""disgusted"", ""fearful"", ""happy"", ""neutral"", ""other"", ""sad"", ""surprised"", ""<unk>""]","[0.000764, 0.002842, 0.000545, 0.002966, 0.008339, 0.897696, 0.085677, 1e-06, 0.001171]"
Expresso,4141,expresso_4141_ex02_enunciated,ex02,enunciated,enunciated,,sad,0.9013,0,,"[""angry"", ""disgusted"", ""fearful"", ""happy"", ""neutral"", ""other"", ""sad"", ""surprised"", ""<unk>""]","[0.00015, 0.003269, 0.000567, 0.000996, 0.001006, 0.092667, 0.901276, 1e-06, 6.8e-05]"
Expresso,4166,expresso_4166_ex02_enunciated,ex02,enunciated,enunciated,,other,0.9942,0,,"[""angry"", ""disgusted"", ""fearful"", ""happy"", ""neutral"", ""other"", ""sad"", ""surprised"", ""<unk>""]","[3.9e-05, 2.8e-05, 1.7e-05, 0.00108, 0.000506, 0.994152, 0.004175, 0.0, 3e-06]"
Expresso,4191,expresso_4191_ex02_enunciated,ex02,enunciated,enunciated,,other,0.7522,0,,"[""angry"", ""disgusted"", ""fearful"", ""happy"", ""neutral"", ""other"", ""sad"", ""surprised"", ""<unk>""]","[0.003204, 0.004585, 0.00179, 0.007685, 0.006602, 0.752185, 0.220689, 4e-06, 0.003256]"
Expresso,4204,expresso_4204_ex02_enunciated,ex02,enunciated,enunciated,,other,0.9656,0,,"[""angry"", ""disgusted"", ""fearful"", ""happy"", ""neutral"", ""other"", ""sad"", ""surprised"", ""<unk>""]","[0.000141, 5.9e-05, 7e-06, 0.029873, 0.000842, 0.96562, 0.003456, 0.0, 2e-06]"
Expresso,4227,expresso_4227_ex02_enunciated,ex02,enunciated,enunciated,,other,0.9555,0,,"[""angry"", ""disgusted"", ""fearful"", ""happy"", ""neutral"", ""other"", ""sad"", ""surprised"", ""<unk>""]","[0.000553, 0.00042, 0.000149, 0.003121, 0.003901, 0.955477, 0.036291, 0.0, 8.8e-05]"
Expresso,4255,expresso_4255_ex02_enunciated,ex02,enunciated,enunciated,,sad,0.8761,0,,"[""angry"", ""disgusted"", ""fearful"", ""happy"", ""neutral"", ""other"", ""sad"", ""surprised"", ""<unk>""]","[6.6e-05, 0.001513, 0.000586, 0.00062, 0.000132, 0.120999, 0.876077, 0.0, 7e-06]"
Expresso,4277,expresso_4277_ex02_enunciated,ex02,enunciated,enunciated,,sad,0.6647,0,,"[""angry"", ""disgusted"", ""fearful"", ""happy"", ""neutral"", ""other"", ""sad"", ""surprised"", ""<unk>""]","[7.6e-05, 0.002903, 0.000247, 0.000767, 0.000152, 0.33114, 0.664711, 0.0, 4e-06]"
Expresso,6810,expresso_6810_ex03_enunciated,ex03,enunciated,enunciated,,other,0.9131,0,,"[""angry"", ""disgusted"", ""fearful"", ""happy"", ""neutral"", ""other"", ""sad"", ""surprised"", ""<unk>""]","[0.005227, 0.048797, 0.00097, 0.00478, 0.002374, 0.913146, 0.024329, 4e-06, 0.000373]"
Expresso,6831,expresso_6831_ex03_enunciated,ex03,enunciated,enunciated,,other,0.7645,0,,"[""angry"", ""disgusted"", ""fearful"", ""happy"", ""neutral"", ""other"", ""sad"", ""surprised"", ""<unk>""]","[0.003239, 0.053119, 0.001133, 0.010363, 0.00583, 0.764515, 0.160529, 9e-06, 0.001263]"
Expresso,6845,expresso_6845_ex03_enunciated,ex03,enunciated,enunciated,,other,0.9923,0,,"[""angry"", ""disgusted"", ""fearful"", ""happy"", ""neutral"", ""other"", ""sad"", ""surprised"", ""<unk>""]","[7.2e-05, 0.001676, 8e-06, 0.000153, 0.000235, 0.99227, 0.005585, 0.0, 1e-06]"
Expresso,6881,expresso_6881_ex03_enunciated,ex03,enunciated,enunciated,,other,0.9945,0,,"[""angry"", ""disgusted"", ""fearful"", ""happy"", ""neutral"", ""other"", ""sad"", ""surprised"", ""<unk>""]","[0.000167, 0.000517, 2.5e-05, 0.002231, 6.8e-05, 0.994544, 0.002446, 0.0, 1e-06]"
Expresso,6898,expresso_6898_ex03_enunciated,ex03,enunciated,enunciated,,other,0.9599,0,,"[""angry"", ""disgusted"", ""fearful"", ""happy"", ""neutral"", ""other"", ""sad"", ""surprised"", ""<unk>""]","[0.000432, 0.014081, 8.7e-05, 0.011498, 0.001215, 0.959931, 0.012624, 0.0, 0.000131]"
Expresso,6924,expresso_6924_ex03_enunciated,ex03,enunciated,enunciated,,other,0.9997,0,,"[""angry"", ""disgusted"", ""fearful"", ""happy"", ""neutral"", ""other"", ""sad"", ""surprised"", ""<unk>""]","[4e-06, 3.6e-05, 1e-06, 0.000148, 9e-06, 0.999693, 0.00011, 0.0, 0.0]"
Expresso,6926,expresso_6926_ex03_enunciated,ex03,enunciated,enunciated,,other,0.9992,0,,"[""angry"", ""disgusted"", ""fearful"", ""happy"", ""neutral"", ""other"", ""sad"", ""surprised"", ""<unk>""]","[4e-06, 5.1e-05, 1e-06, 0.000114, 1.2e-05, 0.999245, 0.000572, 0.0, 0.0]"
Expresso,6946,expresso_6946_ex03_enunciated,ex03,enunciated,enunciated,,other,0.9898,0,,"[""angry"", ""disgusted"", ""fearful"", ""happy"", ""neutral"", ""other"", ""sad"", ""surprised"", ""<unk>""]","[0.000112, 0.003761, 4e-05, 0.000404, 0.000167, 0.989835, 0.005679, 0.0, 2e-06]"
Expresso,6979,expresso_6979_ex03_enunciated,ex03,enunciated,enunciated,,other,0.9153,0,,"[""angry"", ""disgusted"", ""fearful"", ""happy"", ""neutral"", ""other"", ""sad"", ""surprised"", ""<unk>""]","[0.000361, 0.017135, 0.000115, 0.001179, 0.00035, 0.915345, 0.065509, 0.0, 6e-06]"
Expresso,7004,expresso_7004_ex03_enunciated,ex03,enunciated,enunciated,,other,0.9843,0,,"[""angry"", ""disgusted"", ""fearful"", ""happy"", ""neutral"", ""other"", ""sad"", ""surprised"", ""<unk>""]","[8.9e-05, 0.00817, 1.2e-05, 0.006946, 0.000129, 0.984276, 0.000376, 0.0, 2e-06]"
Expresso,7009,expresso_7009_ex03_enunciated,ex03,enunciated,enunciated,,other,0.9896,0,,"[""angry"", ""disgusted"", ""fearful"", ""happy"", ""neutral"", ""other"", ""sad"", ""surprised"", ""<unk>""]","[7.3e-05, 0.00369, 3.4e-05, 0.000635, 0.000155, 0.989596, 0.005814, 0.0, 3e-06]"
Expresso,7021,expresso_7021_ex03_enunciated,ex03,enunciated,enunciated,,disgusted,0.4751,0,,"[""angry"", ""disgusted"", ""fearful"", ""happy"", ""neutral"", ""other"", ""sad"", ""surprised"", ""<unk>""]","[0.004684, 0.475102, 0.00272, 0.013046, 0.067995, 0.360223, 0.021819, 9.1e-05, 0.05432]"
Expresso,7023,expresso_7023_ex03_enunciated,ex03,enunciated,enunciated,,other,0.9749,0,,"[""angry"", ""disgusted"", ""fearful"", ""happy"", ""neutral"", ""other"", ""sad"", ""surprised"", ""<unk>""]","[0.000135, 0.000261, 4e-06, 0.023611, 2.6e-05, 0.974942, 0.001021, 0.0, 0.0]"
Expresso,7027,expresso_7027_ex03_enunciated,ex03,enunciated,enunciated,,other,0.9070,0,,"[""angry"", ""disgusted"", ""fearful"", ""happy"", ""neutral"", ""other"", ""sad"", ""surprised"", ""<unk>""]","[0.008327, 0.032365, 0.001402, 0.012589, 0.001895, 0.906965, 0.035279, 8e-06, 0.001171]"
Expresso,7036,expresso_7036_ex03_enunciated,ex03,enunciated,enunciated,,other,0.9736,0,,"[""angry"", ""disgusted"", ""fearful"", ""happy"", ""neutral"", ""other"", ""sad"", ""surprised"", ""<unk>""]","[0.000815, 0.009036, 5.7e-05, 0.000951, 0.002181, 0.973577, 0.013348, 0.0, 3.6e-05]"
Expresso,7058,expresso_7058_ex03_enunciated,ex03,enunciated,enunciated,,other,0.9907,0,,"[""angry"", ""disgusted"", ""fearful"", ""happy"", ""neutral"", ""other"", ""sad"", ""surprised"", ""<unk>""]","[0.000159, 0.00222, 7.1e-05, 0.000566, 0.001185, 0.990665, 0.005082, 0.0, 5.1e-05]"
Expresso,7115,expresso_7115_ex03_enunciated,ex03,enunciated,enunciated,,other,0.9998,0,,"[""angry"", ""disgusted"", ""fearful"", ""happy"", ""neutral"", ""other"", ""sad"", ""surprised"", ""<unk>""]","[7e-06, 1.1e-05, 1e-06, 2.5e-05, 1e-05, 0.999752, 0.000194, 0.0, 0.0]"
Expresso,7143,expresso_7143_ex03_enunciated,ex03,enunciated,enunciated,,other,0.4925,0,,"[""angry"", ""disgusted"", ""fearful"", ""happy"", ""neutral"", ""other"", ""sad"", ""surprised"", ""<unk>""]","[0.001666, 0.275718, 0.003532, 0.011757, 0.006682, 0.492474, 0.206001, 3.6e-05, 0.002134]"
Expresso,7147,expresso_7147_ex03_enunciated,ex03,enunciated,enunciated,,other,0.9936,0,,"[""angry"", ""disgusted"", ""fearful"", ""happy"", ""neutral"", ""other"", ""sad"", ""surprised"", ""<unk>""]","[0.000173, 0.00229, 1.6e-05, 0.001666, 0.000184, 0.993619, 0.00205, 0.0, 2e-06]"
Expresso,7154,expresso_7154_ex03_enunciated,ex03,enunciated,enunciated,,other,0.9902,0,,"[""angry"", ""disgusted"", ""fearful"", ""happy"", ""neutral"", ""other"", ""sad"", ""surprised"", ""<unk>""]","[4.3e-05, 2.3e-05, 1e-06, 0.003725, 7.4e-05, 0.990221, 0.005912, 0.0, 0.0]"
Expresso,7156,expresso_7156_ex03_enunciated,ex03,enunciated,enunciated,,other,0.9915,0,,"[""angry"", ""disgusted"", ""fearful"", ""happy"", ""neutral"", ""other"", ""sad"", ""surprised"", ""<unk>""]","[0.000455, 0.003049, 2.9e-05, 0.002062, 0.000219, 0.991481, 0.002699, 0.0, 6e-06]"
Expresso,7163,expresso_7163_ex03_enunciated,ex03,enunciated,enunciated,,other,0.9982,0,,"[""angry"", ""disgusted"", ""fearful"", ""happy"", ""neutral"", ""other"", ""sad"", ""surprised"", ""<unk>""]","[1.1e-05, 0.000273, 4e-06, 0.000393, 6.4e-05, 0.998151, 0.001105, 0.0, 0.0]"
Expresso,7166,expresso_7166_ex03_enunciated,ex03,enunciated,enunciated,,other,0.9989,0,,"[""angry"", ""disgusted"", ""fearful"", ""happy"", ""neutral"", ""other"", ""sad"", ""surprised"", ""<unk>""]","[4e-06, 0.00022, 1e-06, 5.2e-05, 1.4e-05, 0.998936, 0.000773, 0.0, 0.0]"
Expresso,9720,expresso_9720_ex04_enunciated,ex04,enunciated,enunciated,,other,0.8077,0,,"[""angry"", ""disgusted"", ""fearful"", ""happy"", ""neutral"", ""other"", ""sad"", ""surprised"", ""<unk>""]","[0.000521, 0.009244, 0.002314, 0.00353, 0.003728, 0.807732, 0.172393, 2e-06, 0.000536]"
Expresso,9726,expresso_9726_ex04_enunciated,ex04,enunciated,enunciated,,other,0.3685,0,,"[""angry"", ""disgusted"", ""fearful"", ""happy"", ""neutral"", ""other"", ""sad"", ""surprised"", ""<unk>""]","[0.000547, 0.140041, 0.00312, 0.112707, 0.006518, 0.368543, 0.366856, 4e-05, 0.001627]"
Expresso,9738,expresso_9738_ex04_enunciated,ex04,enunciated,enunciated,,other,0.4931,0,,"[""angry"", ""disgusted"", ""fearful"", ""happy"", ""neutral"", ""other"", ""sad"", ""surprised"", ""<unk>""]","[0.002719, 0.39906, 0.030372, 0.023987, 0.007034, 0.493101, 0.025146, 0.000159, 0.018422]"
Expresso,9755,expresso_9755_ex04_enunciated,ex04,enunciated,enunciated,,disgusted,0.9886,0,,"[""angry"", ""disgusted"", ""fearful"", ""happy"", ""neutral"", ""other"", ""sad"", ""surprised"", ""<unk>""]","[0.001138, 0.988635, 0.002457, 0.00089, 0.000201, 0.003777, 0.00251, 0.000147, 0.000246]"
Expresso,9762,expresso_9762_ex04_enunciated,ex04,enunciated,enunciated,,disgusted,0.5750,0,,"[""angry"", ""disgusted"", ""fearful"", ""happy"", ""neutral"", ""other"", ""sad"", ""surprised"", ""<unk>""]","[0.000696, 0.574981, 0.010021, 0.01145, 0.002055, 0.080465, 0.319503, 0.000158, 0.00067]"
Expresso,9768,expresso_9768_ex04_enunciated,ex04,enunciated,enunciated,,sad,0.9522,0,,"[""angry"", ""disgusted"", ""fearful"", ""happy"", ""neutral"", ""other"", ""sad"", ""surprised"", ""<unk>""]","[0.001703, 0.005735, 0.000857, 0.00315, 0.002629, 0.033343, 0.952196, 2.3e-05, 0.000365]"
Expresso,9783,expresso_9783_ex04_enunciated,ex04,enunciated,enunciated,,disgusted,0.9271,0,,"[""angry"", ""disgusted"", ""fearful"", ""happy"", ""neutral"", ""other"", ""sad"", ""surprised"", ""<unk>""]","[0.002505, 0.927075, 0.002261, 0.006222, 0.008546, 0.023218, 0.023744, 0.000371, 0.006059]"
Expresso,9795,expresso_9795_ex04_enunciated,ex04,enunciated,enunciated,,disgusted,0.9116,0,,"[""angry"", ""disgusted"", ""fearful"", ""happy"", ""neutral"", ""other"", ""sad"", ""surprised"", ""<unk>""]","[0.007118, 0.911551, 0.004948, 0.002401, 0.007286, 0.016936, 0.046305, 0.000778, 0.002676]"
Expresso,9801,expresso_9801_ex04_enunciated,ex04,enunciated,enunciated,,other,0.5009,0,,"[""angry"", ""disgusted"", ""fearful"", ""happy"", ""neutral"", ""other"", ""sad"", ""surprised"", ""<unk>""]","[0.004521, 0.031578, 0.009474, 0.004738, 0.022603, 0.500901, 0.416908, 5.5e-05, 0.009222]"
Expresso,9808,expresso_9808_ex04_enunciated,ex04,enunciated,enunciated,,sad,0.9708,0,,"[""angry"", ""disgusted"", ""fearful"", ""happy"", ""neutral"", ""other"", ""sad"", ""surprised"", ""<unk>""]","[5.7e-05, 0.003612, 0.002134, 0.002467, 0.000147, 0.020813, 0.970762, 4e-06, 4e-06]"
Expresso,9817,expresso_9817_ex04_enunciated,ex04,enunciated,enunciated,,disgusted,0.4447,0,,"[""angry"", ""disgusted"", ""fearful"", ""happy"", ""neutral"", ""other"", ""sad"", ""surprised"", ""<unk>""]","[0.009346, 0.444666, 0.005693, 0.004413, 0.012417, 0.26416, 0.257768, 0.000144, 0.001394]"
Expresso,9824,expresso_9824_ex04_enunciated,ex04,enunciated,enunciated,,sad,0.8943,0,,"[""angry"", ""disgusted"", ""fearful"", ""happy"", ""neutral"", ""other"", ""sad"", ""surprised"", ""<unk>""]","[8.7e-05, 0.007531, 0.00039, 0.003906, 0.000452, 0.093328, 0.894284, 1e-06, 2e-05]"
Expresso,9829,expresso_9829_ex04_enunciated,ex04,enunciated,enunciated,,sad,0.9714,0,,"[""angry"", ""disgusted"", ""fearful"", ""happy"", ""neutral"", ""other"", ""sad"", ""surprised"", ""<unk>""]","[1.5e-05, 0.000188, 0.000273, 0.00016, 0.000125, 0.027843, 0.971396, 0.0, 1e-06]"
Expresso,9845,expresso_9845_ex04_enunciated,ex04,enunciated,enunciated,,happy,0.4391,0,,"[""angry"", ""disgusted"", ""fearful"", ""happy"", ""neutral"", ""other"", ""sad"", ""surprised"", ""<unk>""]","[0.007621, 0.030538, 0.083714, 0.439093, 0.066423, 0.000805, 0.083368, 0.179607, 0.108831]"
Expresso,9847,expresso_9847_ex04_enunciated,ex04,enunciated,enunciated,,sad,0.9888,0,,"[""angry"", ""disgusted"", ""fearful"", ""happy"", ""neutral"", ""other"", ""sad"", ""surprised"", ""<unk>""]","[8.3e-05, 0.007043, 0.002153, 0.001351, 0.000109, 0.000283, 0.988771, 0.000201, 6e-06]"
Expresso,9854,expresso_9854_ex04_enunciated,ex04,enunciated,enunciated,,<unk>,0.2384,0,,"[""angry"", ""disgusted"", ""fearful"", ""happy"", ""neutral"", ""other"", ""sad"", ""surprised"", ""<unk>""]","[0.048961, 0.108736, 0.155169, 0.200479, 0.02312, 0.046395, 0.157027, 0.021669, 0.238444]"
Expresso,9858,expresso_9858_ex04_enunciated,ex04,enunciated,enunciated,,disgusted,0.4933,0,,"[""angry"", ""disgusted"", ""fearful"", ""happy"", ""neutral"", ""other"", ""sad"", ""surprised"", ""<unk>""]","[0.009233, 0.493321, 0.004459, 0.004355, 0.005239, 0.459682, 0.014574, 5.2e-05, 0.009085]"
Expresso,9885,expresso_9885_ex04_enunciated,ex04,enunciated,enunciated,,sad,0.9846,0,,"[""angry"", ""disgusted"", ""fearful"", ""happy"", ""neutral"", ""other"", ""sad"", ""surprised"", ""<unk>""]","[0.000113, 0.007523, 0.002164, 0.000435, 0.000996, 0.004123, 0.984591, 3.3e-05, 2.4e-05]"
Expresso,9890,expresso_9890_ex04_enunciated,ex04,enunciated,enunciated,,other,0.8909,0,,"[""angry"", ""disgusted"", ""fearful"", ""happy"", ""neutral"", ""other"", ""sad"", ""surprised"", ""<unk>""]","[0.001837, 0.002817, 0.000477, 0.00157, 0.001523, 0.890898, 0.100834, 0.0, 4.4e-05]"
Expresso,9906,expresso_9906_ex04_enunciated,ex04,enunciated,enunciated,,sad,0.9611,0,,"[""angry"", ""disgusted"", ""fearful"", ""happy"", ""neutral"", ""other"", ""sad"", ""surprised"", ""<unk>""]","[0.001441, 0.001928, 0.002246, 0.001029, 0.002002, 0.030078, 0.961081, 1.5e-05, 0.000179]"
Expresso,9922,expresso_9922_ex04_enunciated,ex04,enunciated,enunciated,,sad,0.9648,0,,"[""angry"", ""disgusted"", ""fearful"", ""happy"", ""neutral"", ""other"", ""sad"", ""surprised"", ""<unk>""]","[0.000167, 0.001675, 0.000809, 0.000597, 0.000874, 0.030987, 0.964798, 3e-06, 9e-05]"
Expresso,9944,expresso_9944_ex04_enunciated,ex04,enunciated,enunciated,,sad,0.8257,0,,"[""angry"", ""disgusted"", ""fearful"", ""happy"", ""neutral"", ""other"", ""sad"", ""surprised"", ""<unk>""]","[0.000309, 0.001731, 0.000889, 0.002413, 0.001643, 0.166977, 0.82569, 1e-06, 0.000346]"
Expresso,9945,expresso_9945_ex04_enunciated,ex04,enunciated,enunciated,,sad,0.7353,0,,"[""angry"", ""disgusted"", ""fearful"", ""happy"", ""neutral"", ""other"", ""sad"", ""surprised"", ""<unk>""]","[0.001314, 0.002231, 0.000392, 0.004495, 0.011668, 0.243224, 0.735322, 2e-06, 0.001351]"
Expresso,9999,expresso_9999_ex04_enunciated,ex04,enunciated,enunciated,,other,0.8026,0,,"[""angry"", ""disgusted"", ""fearful"", ""happy"", ""neutral"", ""other"", ""sad"", ""surprised"", ""<unk>""]","[0.002116, 0.052668, 0.006303, 0.009072, 0.009302, 0.802591, 0.113348, 2.5e-05, 0.004574]"
Expresso,10001,expresso_10001_ex04_enunciated,ex04,enunciated,enunciated,,disgusted,0.7588,0,,"[""angry"", ""disgusted"", ""fearful"", ""happy"", ""neutral"", ""other"", ""sad"", ""surprised"", ""<unk>""]","[0.003233, 0.758778, 0.006659, 0.024265, 0.00545, 0.115768, 0.081587, 0.000329, 0.003932]"
Expresso,10026,expresso_10026_ex04_enunciated,ex04,enunciated,enunciated,,other,0.9991,0,,"[""angry"", ""disgusted"", ""fearful"", ""happy"", ""neutral"", ""other"", ""sad"", ""surprised"", ""<unk>""]","[3.7e-05, 1e-06, 1e-06, 0.000343, 0.000274, 0.999091, 0.000252, 0.0, 0.0]"
Expresso,10060,expresso_10060_ex04_enunciated,ex04,enunciated,enunciated,,disgusted,0.8179,0,,"[""angry"", ""disgusted"", ""fearful"", ""happy"", ""neutral"", ""other"", ""sad"", ""surprised"", ""<unk>""]","[0.001199, 0.817868, 0.008565, 0.011608, 0.007801, 0.034625, 0.11155, 0.000554, 0.006231]"
Expresso,10066,expresso_10066_ex04_enunciated,ex04,enunciated,enunciated,,other,0.3497,0,,"[""angry"", ""disgusted"", ""fearful"", ""happy"", ""neutral"", ""other"", ""sad"", ""surprised"", ""<unk>""]","[0.032707, 0.168114, 0.043913, 0.017342, 0.081146, 0.349732, 0.242912, 0.001414, 0.06272]"
Expresso,10069,expresso_10069_ex04_enunciated,ex04,enunciated,enunciated,,other,0.6985,0,,"[""angry"", ""disgusted"", ""fearful"", ""happy"", ""neutral"", ""other"", ""sad"", ""surprised"", ""<unk>""]","[0.000475, 0.126723, 0.004056, 0.002261, 0.003432, 0.698492, 0.163786, 5e-06, 0.00077]"
Expresso,1380,expresso_1380_ex01_happy,ex01,happy,happy,happy,other,0.9992,1,0,"[""angry"", ""disgusted"", ""fearful"", ""happy"", ""neutral"", ""other"", ""sad"", ""surprised"", ""<unk>""]","[1.7e-05, 0.000232, 1.2e-05, 5.2e-05, 0.000135, 0.999165, 0.000381, 0.0, 6e-06]"
Expresso,4283,expresso_4283_ex02_happy,ex02,happy,happy,happy,sad,0.9762,1,0,"[""angry"", ""disgusted"", ""fearful"", ""happy"", ""neutral"", ""other"", ""sad"", ""surprised"", ""<unk>""]","[1.4e-05, 0.00033, 0.000272, 0.000253, 0.000197, 0.022749, 0.976179, 0.0, 6e-06]"
Expresso,7188,expresso_7188_ex03_happy,ex03,happy,happy,happy,other,0.9002,1,0,"[""angry"", ""disgusted"", ""fearful"", ""happy"", ""neutral"", ""other"", ""sad"", ""surprised"", ""<unk>""]","[0.001063, 0.078611, 0.000161, 0.00378, 0.003699, 0.900223, 0.012236, 1e-06, 0.000227]"
Expresso,10093,expresso_10093_ex04_happy,ex04,happy,happy,happy,other,0.9954,1,0,"[""angry"", ""disgusted"", ""fearful"", ""happy"", ""neutral"", ""other"", ""sad"", ""surprised"", ""<unk>""]","[5e-05, 1.8e-05, 0.000129, 0.000372, 0.000245, 0.995359, 0.00382, 0.0, 7e-06]"
Expresso,380,expresso_380_ex01_default,ex01,default,neutral,neutral,other,0.9605,1,0,"[""angry"", ""disgusted"", ""fearful"", ""happy"", ""neutral"", ""other"", ""sad"", ""surprised"", ""<unk>""]","[0.001104, 0.018913, 0.000691, 0.001681, 0.003067, 0.960542, 0.013098, 1e-06, 0.000903]"
Expresso,3282,expresso_3282_ex02_default,ex02,default,neutral,neutral,sad,0.9884,1,0,"[""angry"", ""disgusted"", ""fearful"", ""happy"", ""neutral"", ""other"", ""sad"", ""surprised"", ""<unk>""]","[6e-06, 0.000795, 0.000213, 0.00019, 0.000267, 0.010101, 0.988427, 0.0, 2e-06]"
Expresso,6187,expresso_6187_ex03_default,ex03,default,neutral,neutral,other,0.9441,1,0,"[""angry"", ""disgusted"", ""fearful"", ""happy"", ""neutral"", ""other"", ""sad"", ""surprised"", ""<unk>""]","[9.4e-05, 0.000817, 1.9e-05, 0.001329, 0.000421, 0.944105, 0.053214, 0.0, 1e-06]"
Expresso,9092,expresso_9092_ex04_default,ex04,default,neutral,neutral,sad,0.9581,1,0,"[""angry"", ""disgusted"", ""fearful"", ""happy"", ""neutral"", ""other"", ""sad"", ""surprised"", ""<unk>""]","[0.00041, 0.002461, 0.00696, 0.001115, 0.003154, 0.008749, 0.958128, 8.3e-05, 0.018941]"
Expresso,2141,expresso_2141_ex01_sad,ex01,sad,sad,sad,other,0.7930,1,0,"[""angry"", ""disgusted"", ""fearful"", ""happy"", ""neutral"", ""other"", ""sad"", ""surprised"", ""<unk>""]","[0.000287, 0.005197, 0.000654, 0.001695, 0.003184, 0.793007, 0.195768, 0.0, 0.000208]"
Expresso,5044,expresso_5044_ex02_sad,ex02,sad,sad,sad,sad,0.9998,1,1,"[""angry"", ""disgusted"", ""fearful"", ""happy"", ""neutral"", ""other"", ""sad"", ""surprised"", ""<unk>""]","[0.0, 7e-05, 3.4e-05, 2.5e-05, 2.6e-05, 8.3e-05, 0.999762, 0.0, 0.0]"
Expresso,7949,expresso_7949_ex03_sad,ex03,sad,sad,sad,other,0.9920,1,0,"[""angry"", ""disgusted"", ""fearful"", ""happy"", ""neutral"", ""other"", ""sad"", ""surprised"", ""<unk>""]","[2.1e-05, 5.1e-05, 2e-06, 0.000667, 9.8e-05, 0.992003, 0.007158, 0.0, 0.0]"
Expresso,10854,expresso_10854_ex04_sad,ex04,sad,sad,sad,sad,0.9857,1,1,"[""angry"", ""disgusted"", ""fearful"", ""happy"", ""neutral"", ""other"", ""sad"", ""surprised"", ""<unk>""]","[0.000576, 0.002582, 0.001775, 0.001117, 0.004452, 0.001937, 0.985669, 0.000152, 0.001741]"
Expresso,2526,expresso_2526_ex01_whisper,ex01,whisper,whisper,,sad,0.7368,0,,"[""angry"", ""disgusted"", ""fearful"", ""happy"", ""neutral"", ""other"", ""sad"", ""surprised"", ""<unk>""]","[0.000544, 0.145716, 0.00023, 0.000607, 0.015486, 0.10065, 0.736753, 3e-06, 1.2e-05]"
Expresso,2527,expresso_2527_ex01_whisper,ex01,whisper,whisper,,angry,0.3957,0,,"[""angry"", ""disgusted"", ""fearful"", ""happy"", ""neutral"", ""other"", ""sad"", ""surprised"", ""<unk>""]","[0.395708, 0.134884, 0.006124, 0.027664, 0.104258, 0.216915, 0.10974, 0.001073, 0.003635]"
Expresso,2541,expresso_2541_ex01_whisper,ex01,whisper,whisper,,other,0.8653,0,,"[""angry"", ""disgusted"", ""fearful"", ""happy"", ""neutral"", ""other"", ""sad"", ""surprised"", ""<unk>""]","[0.004857, 0.020649, 0.000742, 0.030439, 0.018682, 0.865283, 0.057509, 8e-06, 0.001831]"
Expresso,2552,expresso_2552_ex01_whisper,ex01,whisper,whisper,,sad,0.9161,0,,"[""angry"", ""disgusted"", ""fearful"", ""happy"", ""neutral"", ""other"", ""sad"", ""surprised"", ""<unk>""]","[0.000257, 0.00426, 0.000149, 0.001041, 0.004745, 0.073403, 0.916123, 1e-06, 2.1e-05]"
Expresso,2555,expresso_2555_ex01_whisper,ex01,whisper,whisper,,other,0.4750,0,,"[""angry"", ""disgusted"", ""fearful"", ""happy"", ""neutral"", ""other"", ""sad"", ""surprised"", ""<unk>""]","[0.002228, 0.363071, 0.000856, 0.012656, 0.015885, 0.474991, 0.129712, 1.6e-05, 0.000584]"
Expresso,2581,expresso_2581_ex01_whisper,ex01,whisper,whisper,,other,0.3970,0,,"[""angry"", ""disgusted"", ""fearful"", ""happy"", ""neutral"", ""other"", ""sad"", ""surprised"", ""<unk>""]","[0.001232, 0.188152, 0.000444, 0.003178, 0.018832, 0.396952, 0.391102, 4e-06, 0.000103]"
Expresso,2635,expresso_2635_ex01_whisper,ex01,whisper,whisper,,other,0.9669,0,,"[""angry"", ""disgusted"", ""fearful"", ""happy"", ""neutral"", ""other"", ""sad"", ""surprised"", ""<unk>""]","[0.000331, 0.010195, 0.000156, 0.006527, 0.00186, 0.966866, 0.014027, 0.0, 3.8e-05]"
Expresso,2661,expresso_2661_ex01_whisper,ex01,whisper,whisper,,other,0.4776,0,,"[""angry"", ""disgusted"", ""fearful"", ""happy"", ""neutral"", ""other"", ""sad"", ""surprised"", ""<unk>""]","[0.002487, 0.438657, 0.000415, 0.034961, 0.011487, 0.47758, 0.034054, 9e-06, 0.000351]"
Expresso,2665,expresso_2665_ex01_whisper,ex01,whisper,whisper,,disgusted,0.8854,0,,"[""angry"", ""disgusted"", ""fearful"", ""happy"", ""neutral"", ""other"", ""sad"", ""surprised"", ""<unk>""]","[0.000221, 0.885431, 0.000177, 0.001654, 0.001455, 0.062997, 0.048024, 3e-06, 3.9e-05]"
Expresso,2671,expresso_2671_ex01_whisper,ex01,whisper,whisper,,disgusted,0.7881,0,,"[""angry"", ""disgusted"", ""fearful"", ""happy"", ""neutral"", ""other"", ""sad"", ""surprised"", ""<unk>""]","[0.000533, 0.788086, 0.00023, 0.004418, 0.001096, 0.202022, 0.003361, 2e-06, 0.000253]"
Expresso,2708,expresso_2708_ex01_whisper,ex01,whisper,whisper,,disgusted,0.8995,0,,"[""angry"", ""disgusted"", ""fearful"", ""happy"", ""neutral"", ""other"", ""sad"", ""surprised"", ""<unk>""]","[0.001014, 0.899543, 0.000673, 0.006374, 0.003532, 0.081824, 0.005238, 2.5e-05, 0.001777]"
Expresso,2710,expresso_2710_ex01_whisper,ex01,whisper,whisper,,disgusted,0.8608,0,,"[""angry"", ""disgusted"", ""fearful"", ""happy"", ""neutral"", ""other"", ""sad"", ""surprised"", ""<unk>""]","[0.00472, 0.860832, 0.002482, 0.013556, 0.006966, 0.09543, 0.011254, 0.000178, 0.004582]"
Expresso,2738,expresso_2738_ex01_whisper,ex01,whisper,whisper,,other,0.9516,0,,"[""angry"", ""disgusted"", ""fearful"", ""happy"", ""neutral"", ""other"", ""sad"", ""surprised"", ""<unk>""]","[0.003932, 0.022308, 0.000794, 0.008242, 0.003204, 0.951555, 0.009504, 3e-06, 0.000458]"
Expresso,2744,expresso_2744_ex01_whisper,ex01,whisper,whisper,,disgusted,0.7746,0,,"[""angry"", ""disgusted"", ""fearful"", ""happy"", ""neutral"", ""other"", ""sad"", ""surprised"", ""<unk>""]","[0.001015, 0.774638, 0.000338, 0.015016, 0.001391, 0.197618, 0.009829, 6e-06, 0.000149]"
Expresso,2779,expresso_2779_ex01_whisper,ex01,whisper,whisper,,sad,0.4450,0,,"[""angry"", ""disgusted"", ""fearful"", ""happy"", ""neutral"", ""other"", ""sad"", ""surprised"", ""<unk>""]","[0.047456, 0.134039, 0.103918, 0.112164, 0.0374, 0.090299, 0.444991, 0.010542, 0.019191]"
Expresso,2873,expresso_2873_ex01_whisper,ex01,whisper,whisper,,other,0.6130,0,,"[""angry"", ""disgusted"", ""fearful"", ""happy"", ""neutral"", ""other"", ""sad"", ""surprised"", ""<unk>""]","[0.002786, 0.335486, 0.002462, 0.024144, 0.006055, 0.612999, 0.012933, 2.5e-05, 0.003109]"
Expresso,5432,expresso_5432_ex02_whisper,ex02,whisper,whisper,,disgusted,0.7032,0,,"[""angry"", ""disgusted"", ""fearful"", ""happy"", ""neutral"", ""other"", ""sad"", ""surprised"", ""<unk>""]","[0.012064, 0.703221, 0.04141, 0.040663, 0.01039, 0.017174, 0.157919, 0.010446, 0.006712]"
Expresso,5437,expresso_5437_ex02_whisper,ex02,whisper,whisper,,disgusted,0.6078,0,,"[""angry"", ""disgusted"", ""fearful"", ""happy"", ""neutral"", ""other"", ""sad"", ""surprised"", ""<unk>""]","[0.014186, 0.607827, 0.026052, 0.021001, 0.008607, 0.000295, 0.061954, 0.252119, 0.00796]"
Expresso,5441,expresso_5441_ex02_whisper,ex02,whisper,whisper,,sad,0.4881,0,,"[""angry"", ""disgusted"", ""fearful"", ""happy"", ""neutral"", ""other"", ""sad"", ""surprised"", ""<unk>""]","[0.018336, 0.19501, 0.012495, 0.084196, 0.021398, 0.166741, 0.488114, 0.001497, 0.012213]"
Expresso,5461,expresso_5461_ex02_whisper,ex02,whisper,whisper,,disgusted,0.8279,0,,"[""angry"", ""disgusted"", ""fearful"", ""happy"", ""neutral"", ""other"", ""sad"", ""surprised"", ""<unk>""]","[0.005721, 0.827869, 0.004992, 0.010108, 0.024114, 0.021869, 0.099513, 0.001482, 0.004331]"
Expresso,5465,expresso_5465_ex02_whisper,ex02,whisper,whisper,,disgusted,0.9039,0,,"[""angry"", ""disgusted"", ""fearful"", ""happy"", ""neutral"", ""other"", ""sad"", ""surprised"", ""<unk>""]","[0.003808, 0.903902, 0.003972, 0.005224, 0.004291, 0.048049, 0.028019, 0.000271, 0.002465]"
Expresso,5513,expresso_5513_ex02_whisper,ex02,whisper,whisper,,disgusted,0.6438,0,,"[""angry"", ""disgusted"", ""fearful"", ""happy"", ""neutral"", ""other"", ""sad"", ""surprised"", ""<unk>""]","[0.005633, 0.643801, 0.020597, 0.182783, 0.008247, 0.00078, 0.024803, 0.102746, 0.01061]"
Expresso,5518,expresso_5518_ex02_whisper,ex02,whisper,whisper,,disgusted,0.9581,0,,"[""angry"", ""disgusted"", ""fearful"", ""happy"", ""neutral"", ""other"", ""sad"", ""surprised"", ""<unk>""]","[0.004107, 0.958098, 0.001291, 0.002065, 0.001882, 0.0255, 0.005708, 0.000111, 0.001237]"
Expresso,5532,expresso_5532_ex02_whisper,ex02,whisper,whisper,,disgusted,0.5930,0,,"[""angry"", ""disgusted"", ""fearful"", ""happy"", ""neutral"", ""other"", ""sad"", ""surprised"", ""<unk>""]","[0.008737, 0.592991, 0.026028, 0.10799, 0.013565, 0.000963, 0.119358, 0.122659, 0.007708]"
Expresso,5540,expresso_5540_ex02_whisper,ex02,whisper,whisper,,disgusted,0.8742,0,,"[""angry"", ""disgusted"", ""fearful"", ""happy"", ""neutral"", ""other"", ""sad"", ""surprised"", ""<unk>""]","[0.023036, 0.874206, 0.01027, 0.009535, 0.00608, 0.021558, 0.050788, 0.00248, 0.002048]"
Expresso,5548,expresso_5548_ex02_whisper,ex02,whisper,whisper,,disgusted,0.7474,0,,"[""angry"", ""disgusted"", ""fearful"", ""happy"", ""neutral"", ""other"", ""sad"", ""surprised"", ""<unk>""]","[0.052278, 0.747387, 0.031226, 0.029817, 0.031801, 0.017853, 0.055976, 0.016514, 0.017147]"
Expresso,5549,expresso_5549_ex02_whisper,ex02,whisper,whisper,,disgusted,0.9615,0,,"[""angry"", ""disgusted"", ""fearful"", ""happy"", ""neutral"", ""other"", ""sad"", ""surprised"", ""<unk>""]","[0.0007, 0.961496, 0.000974, 0.019793, 0.001804, 0.0037, 0.01037, 0.000439, 0.000724]"
Expresso,5564,expresso_5564_ex02_whisper,ex02,whisper,whisper,,other,0.5755,0,,"[""angry"", ""disgusted"", ""fearful"", ""happy"", ""neutral"", ""other"", ""sad"", ""surprised"", ""<unk>""]","[0.00169, 0.362612, 0.000985, 0.010524, 0.007815, 0.575538, 0.039626, 1.1e-05, 0.0012]"
Expresso,5570,expresso_5570_ex02_whisper,ex02,whisper,whisper,,disgusted,0.6795,0,,"[""angry"", ""disgusted"", ""fearful"", ""happy"", ""neutral"", ""other"", ""sad"", ""surprised"", ""<unk>""]","[0.005257, 0.679532, 0.001877, 0.0288, 0.025175, 0.190508, 0.065105, 0.000173, 0.003574]"
Expresso,5575,expresso_5575_ex02_whisper,ex02,whisper,whisper,,disgusted,0.9478,0,,"[""angry"", ""disgusted"", ""fearful"", ""happy"", ""neutral"", ""other"", ""sad"", ""surprised"", ""<unk>""]","[0.020197, 0.947841, 0.003054, 0.006717, 0.00576, 0.006837, 0.005432, 0.001888, 0.002273]"
Expresso,5579,expresso_5579_ex02_whisper,ex02,whisper,whisper,,surprised,0.7886,0,,"[""angry"", ""disgusted"", ""fearful"", ""happy"", ""neutral"", ""other"", ""sad"", ""surprised"", ""<unk>""]","[0.007473, 0.129606, 0.024245, 0.006932, 0.010163, 2.1e-05, 0.029782, 0.788599, 0.003178]"
Expresso,5581,expresso_5581_ex02_whisper,ex02,whisper,whisper,,disgusted,0.9199,0,,"[""angry"", ""disgusted"", ""fearful"", ""happy"", ""neutral"", ""other"", ""sad"", ""surprised"", ""<unk>""]","[0.004372, 0.919908, 0.003358, 0.027321, 0.010172, 0.012119, 0.015794, 0.001595, 0.005361]"
Expresso,5600,expresso_5600_ex02_whisper,ex02,whisper,whisper,,disgusted,0.5334,0,,"[""angry"", ""disgusted"", ""fearful"", ""happy"", ""neutral"", ""other"", ""sad"", ""surprised"", ""<unk>""]","[0.022518, 0.533447, 0.029195, 0.090714, 0.024956, 0.000854, 0.066723, 0.219083, 0.01251]"
Expresso,5606,expresso_5606_ex02_whisper,ex02,whisper,whisper,,happy,0.7641,0,,"[""angry"", ""disgusted"", ""fearful"", ""happy"", ""neutral"", ""other"", ""sad"", ""surprised"", ""<unk>""]","[0.027981, 0.040861, 0.013834, 0.764149, 0.003051, 0.00027, 0.045816, 0.103727, 0.000312]"
Expresso,5608,expresso_5608_ex02_whisper,ex02,whisper,whisper,,surprised,0.9332,0,,"[""angry"", ""disgusted"", ""fearful"", ""happy"", ""neutral"", ""other"", ""sad"", ""surprised"", ""<unk>""]","[0.000786, 0.019004, 0.003535, 0.036802, 0.001283, 1e-06, 0.005297, 0.933181, 0.000112]"
Expresso,5620,expresso_5620_ex02_whisper,ex02,whisper,whisper,,other,0.6205,0,,"[""angry"", ""disgusted"", ""fearful"", ""happy"", ""neutral"", ""other"", ""sad"", ""surprised"", ""<unk>""]","[0.003762, 0.274369, 0.00168, 0.009548, 0.014631, 0.620524, 0.072572, 2.7e-05, 0.002887]"
Expresso,5651,expresso_5651_ex02_whisper,ex02,whisper,whisper,,other,0.9465,0,,"[""angry"", ""disgusted"", ""fearful"", ""happy"", ""neutral"", ""other"", ""sad"", ""surprised"", ""<unk>""]","[0.002455, 0.044556, 0.00045, 0.001355, 0.001489, 0.946453, 0.002882, 1e-06, 0.000359]"
Expresso,5688,expresso_5688_ex02_whisper,ex02,whisper,whisper,,disgusted,0.7159,0,,"[""angry"", ""disgusted"", ""fearful"", ""happy"", ""neutral"", ""other"", ""sad"", ""surprised"", ""<unk>""]","[0.002653, 0.715871, 0.00215, 0.141146, 0.013401, 0.053183, 0.069097, 0.000479, 0.002019]"
Expresso,5695,expresso_5695_ex02_whisper,ex02,whisper,whisper,,disgusted,0.6669,0,,"[""angry"", ""disgusted"", ""fearful"", ""happy"", ""neutral"", ""other"", ""sad"", ""surprised"", ""<unk>""]","[0.00097, 0.666938, 0.007559, 0.072508, 0.000859, 1.9e-05, 0.002568, 0.246375, 0.002204]"
Expresso,5731,expresso_5731_ex02_whisper,ex02,whisper,whisper,,disgusted,0.6034,0,,"[""angry"", ""disgusted"", ""fearful"", ""happy"", ""neutral"", ""other"", ""sad"", ""surprised"", ""<unk>""]","[0.021634, 0.60339, 0.025771, 0.140921, 0.017666, 0.027905, 0.11792, 0.012791, 0.032002]"
Expresso,5736,expresso_5736_ex02_whisper,ex02,whisper,whisper,,other,0.8633,0,,"[""angry"", ""disgusted"", ""fearful"", ""happy"", ""neutral"", ""other"", ""sad"", ""surprised"", ""<unk>""]","[0.001755, 0.042283, 0.001456, 0.060284, 0.009386, 0.86331, 0.019387, 1e-05, 0.00213]"
Expresso,5744,expresso_5744_ex02_whisper,ex02,whisper,whisper,,disgusted,0.9785,0,,"[""angry"", ""disgusted"", ""fearful"", ""happy"", ""neutral"", ""other"", ""sad"", ""surprised"", ""<unk>""]","[0.001126, 0.978531, 0.000534, 0.001134, 0.001779, 0.013242, 0.003056, 4.4e-05, 0.000554]"
Expresso,5753,expresso_5753_ex02_whisper,ex02,whisper,whisper,,sad,0.4686,0,,"[""angry"", ""disgusted"", ""fearful"", ""happy"", ""neutral"", ""other"", ""sad"", ""surprised"", ""<unk>""]","[0.024236, 0.275693, 0.008101, 0.056007, 0.068042, 0.074825, 0.468601, 0.003112, 0.021382]"
Expresso,5757,expresso_5757_ex02_whisper,ex02,whisper,whisper,,other,0.8136,0,,"[""angry"", ""disgusted"", ""fearful"", ""happy"", ""neutral"", ""other"", ""sad"", ""surprised"", ""<unk>""]","[0.036194, 0.020661, 0.003227, 0.022168, 0.020255, 0.813596, 0.08165, 4.4e-05, 0.002206]"
Expresso,5764,expresso_5764_ex02_whisper,ex02,whisper,whisper,,surprised,0.9999,0,,"[""angry"", ""disgusted"", ""fearful"", ""happy"", ""neutral"", ""other"", ""sad"", ""surprised"", ""<unk>""]","[3e-06, 2.7e-05, 1.4e-05, 5.9e-05, 8e-06, 0.0, 2.5e-05, 0.999865, 0.0]"
Expresso,5789,expresso_5789_ex02_whisper,ex02,whisper,whisper,,disgusted,0.9160,0,,"[""angry"", ""disgusted"", ""fearful"", ""happy"", ""neutral"", ""other"", ""sad"", ""surprised"", ""<unk>""]","[0.002058, 0.916029, 0.001414, 0.005096, 0.005237, 0.024523, 0.044834, 0.000194, 0.000617]"
Expresso,8349,expresso_8349_ex03_whisper,ex03,whisper,whisper,,sad,0.6187,0,,"[""angry"", ""disgusted"", ""fearful"", ""happy"", ""neutral"", ""other"", ""sad"", ""surprised"", ""<unk>""]","[7.4e-05, 0.003536, 8e-05, 0.000777, 0.001098, 0.37574, 0.618688, 0.0, 6e-06]"
Expresso,8389,expresso_8389_ex03_whisper,ex03,whisper,whisper,,surprised,0.9975,0,,"[""angry"", ""disgusted"", ""fearful"", ""happy"", ""neutral"", ""other"", ""sad"", ""surprised"", ""<unk>""]","[7.6e-05, 0.000761, 0.000337, 0.000906, 0.000143, 0.0, 0.000272, 0.997488, 1.6e-05]"
Expresso,8407,expresso_8407_ex03_whisper,ex03,whisper,whisper,,disgusted,0.4507,0,,"[""angry"", ""disgusted"", ""fearful"", ""happy"", ""neutral"", ""other"", ""sad"", ""surprised"", ""<unk>""]","[0.024594, 0.450735, 0.010088, 0.416634, 0.016926, 0.004071, 0.041968, 0.029445, 0.00554]"
Expresso,8412,expresso_8412_ex03_whisper,ex03,whisper,whisper,,disgusted,0.5118,0,,"[""angry"", ""disgusted"", ""fearful"", ""happy"", ""neutral"", ""other"", ""sad"", ""surprised"", ""<unk>""]","[0.019032, 0.511787, 0.017978, 0.232923, 0.023705, 0.001952, 0.069386, 0.09446, 0.028775]"
Expresso,8431,expresso_8431_ex03_whisper,ex03,whisper,whisper,,disgusted,0.3141,0,,"[""angry"", ""disgusted"", ""fearful"", ""happy"", ""neutral"", ""other"", ""sad"", ""surprised"", ""<unk>""]","[0.036159, 0.314061, 0.053306, 0.084614, 0.204752, 0.002013, 0.084069, 0.193219, 0.027807]"
Expresso,8442,expresso_8442_ex03_whisper,ex03,whisper,whisper,,other,0.5030,0,,"[""angry"", ""disgusted"", ""fearful"", ""happy"", ""neutral"", ""other"", ""sad"", ""surprised"", ""<unk>""]","[0.000282, 0.454223, 0.000444, 0.003225, 0.004493, 0.502975, 0.034015, 2e-06, 0.000342]"
Expresso,8457,expresso_8457_ex03_whisper,ex03,whisper,whisper,,other,0.9743,0,,"[""angry"", ""disgusted"", ""fearful"", ""happy"", ""neutral"", ""other"", ""sad"", ""surprised"", ""<unk>""]","[0.000119, 0.018483, 1.6e-05, 0.000285, 0.000705, 0.974326, 0.006063, 0.0, 4e-06]"
Expresso,8464,expresso_8464_ex03_whisper,ex03,whisper,whisper,,disgusted,0.6881,0,,"[""angry"", ""disgusted"", ""fearful"", ""happy"", ""neutral"", ""other"", ""sad"", ""surprised"", ""<unk>""]","[0.000654, 0.688141, 0.001314, 0.291978, 0.001659, 0.012675, 0.001312, 0.000201, 0.002066]"
Expresso,8465,expresso_8465_ex03_whisper,ex03,whisper,whisper,,happy,0.7582,0,,"[""angry"", ""disgusted"", ""fearful"", ""happy"", ""neutral"", ""other"", ""sad"", ""surprised"", ""<unk>""]","[0.003428, 0.125779, 0.007933, 0.758181, 0.007466, 0.017483, 0.073183, 0.002653, 0.003894]"
Expresso,8478,expresso_8478_ex03_whisper,ex03,whisper,whisper,,other,0.6109,0,,"[""angry"", ""disgusted"", ""fearful"", ""happy"", ""neutral"", ""other"", ""sad"", ""surprised"", ""<unk>""]","[0.001615, 0.352399, 0.000483, 0.017758, 0.004908, 0.610853, 0.010996, 5e-06, 0.000981]"
Expresso,8528,expresso_8528_ex03_whisper,ex03,whisper,whisper,,disgusted,0.9464,0,,"[""angry"", ""disgusted"", ""fearful"", ""happy"", ""neutral"", ""other"", ""sad"", ""surprised"", ""<unk>""]","[0.000522, 0.946405, 0.003489, 0.020928, 0.00178, 0.003842, 0.021359, 0.000852, 0.000823]"
Expresso,8534,expresso_8534_ex03_whisper,ex03,whisper,whisper,,disgusted,0.5073,0,,"[""angry"", ""disgusted"", ""fearful"", ""happy"", ""neutral"", ""other"", ""sad"", ""surprised"", ""<unk>""]","[0.003668, 0.507271, 0.007047, 0.029569, 0.014485, 0.08818, 0.344916, 0.000696, 0.004168]"
Expresso,8546,expresso_8546_ex03_whisper,ex03,whisper,whisper,,sad,0.6060,0,,"[""angry"", ""disgusted"", ""fearful"", ""happy"", ""neutral"", ""other"", ""sad"", ""surprised"", ""<unk>""]","[0.000861, 0.015436, 0.001388, 0.014711, 0.00759, 0.353145, 0.605998, 1e-05, 0.000861]"
Expresso,8556,expresso_8556_ex03_whisper,ex03,whisper,whisper,,disgusted,0.9902,0,,"[""angry"", ""disgusted"", ""fearful"", ""happy"", ""neutral"", ""other"", ""sad"", ""surprised"", ""<unk>""]","[0.000474, 0.990185, 0.0008, 0.003004, 0.000219, 4.4e-05, 0.000762, 0.004261, 0.00025]"
Expresso,8560,expresso_8560_ex03_whisper,ex03,whisper,whisper,,happy,0.9386,0,,"[""angry"", ""disgusted"", ""fearful"", ""happy"", ""neutral"", ""other"", ""sad"", ""surprised"", ""<unk>""]","[0.000219, 0.023528, 0.000751, 0.938601, 0.000514, 4e-06, 0.000544, 0.035749, 8.9e-05]"
Expresso,8567,expresso_8567_ex03_whisper,ex03,whisper,whisper,,disgusted,0.7678,0,,"[""angry"", ""disgusted"", ""fearful"", ""happy"", ""neutral"", ""other"", ""sad"", ""surprised"", ""<unk>""]","[0.001552, 0.767807, 0.002354, 0.053148, 0.006965, 0.102446, 0.063412, 0.000166, 0.002151]"
Expresso,8570,expresso_8570_ex03_whisper,ex03,whisper,whisper,,disgusted,0.8501,0,,"[""angry"", ""disgusted"", ""fearful"", ""happy"", ""neutral"", ""other"", ""sad"", ""surprised"", ""<unk>""]","[0.020288, 0.850056, 0.007178, 0.045148, 0.009125, 0.002263, 0.041517, 0.021608, 0.002818]"
Expresso,8592,expresso_8592_ex03_whisper,ex03,whisper,whisper,,disgusted,0.5757,0,,"[""angry"", ""disgusted"", ""fearful"", ""happy"", ""neutral"", ""other"", ""sad"", ""surprised"", ""<unk>""]","[0.00609, 0.575724, 0.01789, 0.240399, 0.018414, 0.001364, 0.054657, 0.07391, 0.011551]"
Expresso,8594,expresso_8594_ex03_whisper,ex03,whisper,whisper,,other,0.5345,0,,"[""angry"", ""disgusted"", ""fearful"", ""happy"", ""neutral"", ""other"", ""sad"", ""surprised"", ""<unk>""]","[0.039022, 0.175501, 0.014222, 0.098345, 0.037762, 0.534484, 0.088144, 0.0007, 0.01182]"
Expresso,8630,expresso_8630_ex03_whisper,ex03,whisper,whisper,,surprised,0.9940,0,,"[""angry"", ""disgusted"", ""fearful"", ""happy"", ""neutral"", ""other"", ""sad"", ""surprised"", ""<unk>""]","[0.000247, 0.001084, 0.000825, 0.001686, 0.00072, 0.0, 0.001425, 0.993983, 3e-05]"
Expresso,8648,expresso_8648_ex03_whisper,ex03,whisper,whisper,,surprised,0.9856,0,,"[""angry"", ""disgusted"", ""fearful"", ""happy"", ""neutral"", ""other"", ""sad"", ""surprised"", ""<unk>""]","[0.000134, 0.009325, 0.001108, 0.003144, 0.000148, 0.0, 0.000498, 0.985603, 4.1e-05]"
Expresso,8680,expresso_8680_ex03_whisper,ex03,whisper,whisper,,disgusted,0.8034,0,,"[""angry"", ""disgusted"", ""fearful"", ""happy"", ""neutral"", ""other"", ""sad"", ""surprised"", ""<unk>""]","[0.005451, 0.803405, 0.005107, 0.150697, 0.005303, 0.003109, 0.01316, 0.008793, 0.004973]"
Expresso,8687,expresso_8687_ex03_whisper,ex03,whisper,whisper,,other,0.5756,0,,"[""angry"", ""disgusted"", ""fearful"", ""happy"", ""neutral"", ""other"", ""sad"", ""surprised"", ""<unk>""]","[0.000436, 0.003803, 0.000244, 0.003967, 0.005192, 0.575646, 0.410648, 0.0, 6.5e-05]"
Expresso,11252,expresso_11252_ex04_whisper,ex04,whisper,whisper,,surprised,0.9911,0,,"[""angry"", ""disgusted"", ""fearful"", ""happy"", ""neutral"", ""other"", ""sad"", ""surprised"", ""<unk>""]","[0.000392, 0.001326, 0.001293, 0.002769, 0.00119, 0.0, 0.001934, 0.991057, 4e-05]"
Expresso,11256,expresso_11256_ex04_whisper,ex04,whisper,whisper,,surprised,0.9917,0,,"[""angry"", ""disgusted"", ""fearful"", ""happy"", ""neutral"", ""other"", ""sad"", ""surprised"", ""<unk>""]","[0.000302, 0.001488, 0.000816, 0.002782, 0.000747, 0.0, 0.002129, 0.99168, 5.5e-05]"
Expresso,11257,expresso_11257_ex04_whisper,ex04,whisper,whisper,,disgusted,0.9605,0,,"[""angry"", ""disgusted"", ""fearful"", ""happy"", ""neutral"", ""other"", ""sad"", ""surprised"", ""<unk>""]","[0.002256, 0.960538, 0.001925, 0.015408, 0.003485, 0.007549, 0.006334, 0.00066, 0.001846]"
Expresso,11273,expresso_11273_ex04_whisper,ex04,whisper,whisper,,disgusted,0.8773,0,,"[""angry"", ""disgusted"", ""fearful"", ""happy"", ""neutral"", ""other"", ""sad"", ""surprised"", ""<unk>""]","[0.00259, 0.877338, 0.007381, 0.024852, 0.011506, 0.011451, 0.058951, 0.002244, 0.003687]"
Expresso,11280,expresso_11280_ex04_whisper,ex04,whisper,whisper,,disgusted,0.4199,0,,"[""angry"", ""disgusted"", ""fearful"", ""happy"", ""neutral"", ""other"", ""sad"", ""surprised"", ""<unk>""]","[0.03281, 0.419881, 0.023519, 0.085546, 0.061933, 0.013071, 0.325213, 0.023928, 0.014099]"
Expresso,11286,expresso_11286_ex04_whisper,ex04,whisper,whisper,,disgusted,0.7792,0,,"[""angry"", ""disgusted"", ""fearful"", ""happy"", ""neutral"", ""other"", ""sad"", ""surprised"", ""<unk>""]","[0.005779, 0.779167, 0.003974, 0.059227, 0.014195, 0.022952, 0.107604, 0.00212, 0.004983]"
Expresso,11287,expresso_11287_ex04_whisper,ex04,whisper,whisper,,disgusted,0.6408,0,,"[""angry"", ""disgusted"", ""fearful"", ""happy"", ""neutral"", ""other"", ""sad"", ""surprised"", ""<unk>""]","[0.01338, 0.640791, 0.036644, 0.06565, 0.025584, 0.002652, 0.119323, 0.077703, 0.018272]"
Expresso,11322,expresso_11322_ex04_whisper,ex04,whisper,whisper,,sad,0.5611,0,,"[""angry"", ""disgusted"", ""fearful"", ""happy"", ""neutral"", ""other"", ""sad"", ""surprised"", ""<unk>""]","[0.007641, 0.025433, 0.001831, 0.021639, 0.056371, 0.325112, 0.561083, 4.6e-05, 0.000844]"
Expresso,11329,expresso_11329_ex04_whisper,ex04,whisper,whisper,,disgusted,0.4973,0,,"[""angry"", ""disgusted"", ""fearful"", ""happy"", ""neutral"", ""other"", ""sad"", ""surprised"", ""<unk>""]","[0.011143, 0.497282, 0.024464, 0.186237, 0.034211, 0.001581, 0.10017, 0.117817, 0.027094]"
Expresso,11334,expresso_11334_ex04_whisper,ex04,whisper,whisper,,disgusted,0.9199,0,,"[""angry"", ""disgusted"", ""fearful"", ""happy"", ""neutral"", ""other"", ""sad"", ""surprised"", ""<unk>""]","[0.003181, 0.919858, 0.00174, 0.006434, 0.00995, 0.029371, 0.026981, 0.000292, 0.002193]"
Expresso,11339,expresso_11339_ex04_whisper,ex04,whisper,whisper,,surprised,0.7792,0,,"[""angry"", ""disgusted"", ""fearful"", ""happy"", ""neutral"", ""other"", ""sad"", ""surprised"", ""<unk>""]","[0.002184, 0.127034, 0.011647, 0.051723, 0.004832, 1.2e-05, 0.021608, 0.779176, 0.001783]"
Expresso,11425,expresso_11425_ex04_whisper,ex04,whisper,whisper,,surprised,0.3453,0,,"[""angry"", ""disgusted"", ""fearful"", ""happy"", ""neutral"", ""other"", ""sad"", ""surprised"", ""<unk>""]","[0.021479, 0.272816, 0.035394, 0.108623, 0.053391, 0.000606, 0.143517, 0.345279, 0.018896]"
Expresso,11432,expresso_11432_ex04_whisper,ex04,whisper,whisper,,surprised,0.4155,0,,"[""angry"", ""disgusted"", ""fearful"", ""happy"", ""neutral"", ""other"", ""sad"", ""surprised"", ""<unk>""]","[0.010497, 0.313602, 0.01879, 0.18738, 0.012024, 0.000188, 0.03252, 0.415455, 0.009545]"
Expresso,11460,expresso_11460_ex04_whisper,ex04,whisper,whisper,,disgusted,0.9066,0,,"[""angry"", ""disgusted"", ""fearful"", ""happy"", ""neutral"", ""other"", ""sad"", ""surprised"", ""<unk>""]","[0.00211, 0.906636, 0.00075, 0.063415, 0.004076, 0.017832, 0.003786, 0.00022, 0.001173]"
Expresso,11502,expresso_11502_ex04_whisper,ex04,whisper,whisper,,disgusted,0.7726,0,,"[""angry"", ""disgusted"", ""fearful"", ""happy"", ""neutral"", ""other"", ""sad"", ""surprised"", ""<unk>""]","[0.041828, 0.772634, 0.0133, 0.015584, 0.090999, 0.003958, 0.027341, 0.025693, 0.008662]"
Expresso,11513,expresso_11513_ex04_whisper,ex04,whisper,whisper,,sad,0.8355,0,,"[""angry"", ""disgusted"", ""fearful"", ""happy"", ""neutral"", ""other"", ""sad"", ""surprised"", ""<unk>""]","[0.000454, 0.046535, 0.000723, 0.002314, 0.006216, 0.108107, 0.835498, 9e-06, 0.000143]"
Expresso,11536,expresso_11536_ex04_whisper,ex04,whisper,whisper,,disgusted,0.9886,0,,"[""angry"", ""disgusted"", ""fearful"", ""happy"", ""neutral"", ""other"", ""sad"", ""surprised"", ""<unk>""]","[0.000198, 0.988606, 0.000226, 0.00552, 0.000697, 0.003601, 0.000666, 3.6e-05, 0.000449]"
Expresso,11553,expresso_11553_ex04_whisper,ex04,whisper,whisper,,disgusted,0.9810,0,,"[""angry"", ""disgusted"", ""fearful"", ""happy"", ""neutral"", ""other"", ""sad"", ""surprised"", ""<unk>""]","[0.000287, 0.981015, 0.001404, 0.006697, 0.000223, 4.6e-05, 0.001775, 0.008086, 0.000467]"
Expresso,11574,expresso_11574_ex04_whisper,ex04,whisper,whisper,,disgusted,0.9780,0,,"[""angry"", ""disgusted"", ""fearful"", ""happy"", ""neutral"", ""other"", ""sad"", ""surprised"", ""<unk>""]","[0.001446, 0.978046, 0.001217, 0.007548, 0.001925, 0.004754, 0.003367, 0.000381, 0.001316]"
Expresso,11590,expresso_11590_ex04_whisper,ex04,whisper,whisper,,surprised,0.5866,0,,"[""angry"", ""disgusted"", ""fearful"", ""happy"", ""neutral"", ""other"", ""sad"", ""surprised"", ""<unk>""]","[0.021139, 0.273875, 0.034186, 0.020985, 0.00751, 0.000118, 0.049969, 0.586579, 0.005638]"
Expresso,11604,expresso_11604_ex04_whisper,ex04,whisper,whisper,,disgusted,0.9313,0,,"[""angry"", ""disgusted"", ""fearful"", ""happy"", ""neutral"", ""other"", ""sad"", ""surprised"", ""<unk>""]","[0.001076, 0.931277, 0.000708, 0.004117, 0.005141, 0.033267, 0.023676, 6.2e-05, 0.000677]"
